2025-12-13 12:13:42,605 [Worker-2: Loading available Gradle versions] INFO  o.e.b.c.i.u.g.PublishedGradleVersions - Gradle version information cache is out-of-date. Trying to update.
2025-12-13 12:20:21,488 [Worker-25: Creating project "sampleAPI"] INFO  o.e.m.c.i.e.AbstractTransferListenerAdapter - Downloading https://repo.maven.apache.org/maven2/org/apache/maven/plugins/maven-clean-plugin/3.2.0/maven-clean-plugin-3.2.0.jar
2025-12-13 12:20:22,037 [Worker-25: Creating project "sampleAPI"] INFO  o.e.m.c.i.e.AbstractTransferListenerAdapter - Downloaded https://repo.maven.apache.org/maven2/org/apache/maven/plugins/maven-clean-plugin/3.2.0/maven-clean-plugin-3.2.0.jar
2025-12-13 12:20:22,814 [Worker-25: Creating project "sampleAPI"] INFO  o.e.m.c.i.e.AbstractTransferListenerAdapter - Downloading https://repo.maven.apache.org/maven2/org/apache/maven/plugins/maven-surefire-plugin/3.2.5/maven-surefire-plugin-3.2.5.jar
2025-12-13 12:20:23,161 [Worker-25: Creating project "sampleAPI"] INFO  o.e.m.c.i.e.AbstractTransferListenerAdapter - Downloaded https://repo.maven.apache.org/maven2/org/apache/maven/plugins/maven-surefire-plugin/3.2.5/maven-surefire-plugin-3.2.5.jar
2025-12-13 12:20:23,335 [Worker-25: Creating project "sampleAPI"] INFO  o.e.m.c.i.e.AbstractTransferListenerAdapter - Downloading https://repo.maven.apache.org/maven2/org/apache/maven/plugins/maven-jar-plugin/3.4.1/maven-jar-plugin-3.4.1.jar
2025-12-13 12:20:23,688 [Worker-25: Creating project "sampleAPI"] INFO  o.e.m.c.i.e.AbstractTransferListenerAdapter - Downloaded https://repo.maven.apache.org/maven2/org/apache/maven/plugins/maven-jar-plugin/3.4.1/maven-jar-plugin-3.4.1.jar
2025-12-13 12:20:23,914 [Worker-25: Creating project "sampleAPI"] INFO  o.e.m.c.i.e.AbstractTransferListenerAdapter - Downloading https://repo.maven.apache.org/maven2/org/apache/maven/plugins/maven-install-plugin/3.1.2/maven-install-plugin-3.1.2.jar
2025-12-13 12:20:24,199 [Worker-25: Creating project "sampleAPI"] INFO  o.e.m.c.i.e.AbstractTransferListenerAdapter - Downloaded https://repo.maven.apache.org/maven2/org/apache/maven/plugins/maven-install-plugin/3.1.2/maven-install-plugin-3.1.2.jar
2025-12-13 12:20:24,396 [Worker-25: Creating project "sampleAPI"] INFO  o.e.m.c.i.e.AbstractTransferListenerAdapter - Downloading https://repo.maven.apache.org/maven2/org/apache/maven/plugins/maven-deploy-plugin/3.1.2/maven-deploy-plugin-3.1.2.jar
2025-12-13 12:20:24,733 [Worker-25: Creating project "sampleAPI"] INFO  o.e.m.c.i.e.AbstractTransferListenerAdapter - Downloaded https://repo.maven.apache.org/maven2/org/apache/maven/plugins/maven-deploy-plugin/3.1.2/maven-deploy-plugin-3.1.2.jar
2025-12-13 12:20:27,476 [Worker-25: Creating project "sampleAPI"] INFO  o.e.m.c.i.l.LifecycleMappingFactory - Using org.eclipse.m2e.jdt.JarLifecycleMapping lifecycle mapping for MavenProject: com.medialogic:sampleAPI:0.0.1-SNAPSHOT @ C:\Users\flame\Documents\eclipseProjects\mediaLogic\sampleAPI\pom.xml.
2025-12-13 12:20:27,629 [Worker-25: Creating project "sampleAPI"] INFO  o.e.m.c.i.e.AbstractTransferListenerAdapter - Downloading https://repo.maven.apache.org/maven2/org/apache/maven/plugins/maven-surefire-plugin/3.2.5/maven-surefire-plugin-3.2.5.pom
2025-12-13 12:20:27,669 [Worker-25: Creating project "sampleAPI"] INFO  o.e.m.c.i.e.AbstractTransferListenerAdapter - Downloaded https://repo.maven.apache.org/maven2/org/apache/maven/plugins/maven-surefire-plugin/3.2.5/maven-surefire-plugin-3.2.5.pom
2025-12-13 12:20:27,720 [Worker-25: Creating project "sampleAPI"] INFO  o.e.m.c.i.e.AbstractTransferListenerAdapter - Downloading https://repo.maven.apache.org/maven2/org/apache/maven/surefire/surefire/3.2.5/surefire-3.2.5.pom
2025-12-13 12:20:27,760 [Worker-25: Creating project "sampleAPI"] INFO  o.e.m.c.i.e.AbstractTransferListenerAdapter - Downloaded https://repo.maven.apache.org/maven2/org/apache/maven/surefire/surefire/3.2.5/surefire-3.2.5.pom
2025-12-13 12:20:27,828 [Worker-25: Creating project "sampleAPI"] INFO  o.e.m.c.i.e.AbstractTransferListenerAdapter - Downloading https://repo.maven.apache.org/maven2/org/apache/maven/plugins/maven-jar-plugin/3.4.1/maven-jar-plugin-3.4.1.pom
2025-12-13 12:20:27,865 [Worker-25: Creating project "sampleAPI"] INFO  o.e.m.c.i.e.AbstractTransferListenerAdapter - Downloaded https://repo.maven.apache.org/maven2/org/apache/maven/plugins/maven-jar-plugin/3.4.1/maven-jar-plugin-3.4.1.pom
2025-12-13 12:20:30,205 [Worker-25: Creating project "sampleAPI"] INFO  o.e.m.j.i.AbstractJavaProjectConfigurator - Adding source folder /sampleAPI/src/main/java
2025-12-13 12:20:30,208 [Worker-25: Creating project "sampleAPI"] INFO  o.e.m.j.i.AbstractJavaProjectConfigurator - Adding resource folder /sampleAPI/src/main/resources
2025-12-13 12:20:30,209 [Worker-25: Creating project "sampleAPI"] INFO  o.e.m.j.i.AbstractJavaProjectConfigurator - Adding source folder /sampleAPI/src/test/java
2025-12-13 12:20:30,210 [Worker-25: Creating project "sampleAPI"] INFO  o.e.m.j.i.AbstractJavaProjectConfigurator - Adding resource folder /sampleAPI/src/test/resources
2025-12-13 12:20:31,933 [Worker-16: Building] WARN  o.a.m.s.f.DefaultMavenResourcesFiltering - Using platform encoding (UTF-8 actually) to copy filtered resources, i.e. build is platform dependent!
2025-12-13 12:20:31,942 [Worker-16: Building] INFO  o.a.m.s.f.DefaultMavenResourcesFiltering - Copying 0 resource from src\main\resources to target\classes
2025-12-13 12:20:31,948 [Worker-16: Building] WARN  o.a.m.s.f.DefaultMavenResourcesFiltering - Using platform encoding (UTF-8 actually) to copy filtered resources, i.e. build is platform dependent!
2025-12-13 12:20:31,950 [Worker-16: Building] INFO  o.a.m.s.f.DefaultMavenResourcesFiltering - Copying 0 resource from src\test\resources to target\test-classes
2025-12-13 12:23:52,758 [Worker-27: Building] WARN  o.a.m.s.f.DefaultMavenResourcesFiltering - Using platform encoding (UTF-8 actually) to copy filtered resources, i.e. build is platform dependent!
2025-12-13 12:23:52,761 [Worker-27: Building] INFO  o.a.m.s.f.DefaultMavenResourcesFiltering - Copying 0 resource from src\main\resources to target\classes
2025-12-13 12:23:52,777 [Worker-27: Building] WARN  o.a.m.s.f.DefaultMavenResourcesFiltering - Using platform encoding (UTF-8 actually) to copy filtered resources, i.e. build is platform dependent!
2025-12-13 12:23:52,783 [Worker-27: Building] INFO  o.a.m.s.f.DefaultMavenResourcesFiltering - Copying 0 resource from src\test\resources to target\test-classes
2025-12-13 12:24:04,238 [Worker-30: Rebuilding] WARN  o.a.m.s.f.DefaultMavenResourcesFiltering - Using platform encoding (UTF-8 actually) to copy filtered resources, i.e. build is platform dependent!
2025-12-13 12:24:04,241 [Worker-30: Rebuilding] INFO  o.a.m.s.f.DefaultMavenResourcesFiltering - Copying 0 resource from src\main\resources to target\classes
2025-12-13 12:24:04,248 [Worker-30: Rebuilding] WARN  o.a.m.s.f.DefaultMavenResourcesFiltering - Using platform encoding (UTF-8 actually) to copy filtered resources, i.e. build is platform dependent!
2025-12-13 12:24:04,250 [Worker-30: Rebuilding] INFO  o.a.m.s.f.DefaultMavenResourcesFiltering - Copying 0 resource from src\test\resources to target\test-classes
2025-12-13 12:24:31,159 [Worker-30: Building] WARN  o.a.m.s.f.DefaultMavenResourcesFiltering - Using platform encoding (UTF-8 actually) to copy filtered resources, i.e. build is platform dependent!
2025-12-13 12:24:31,162 [Worker-30: Building] INFO  o.a.m.s.f.DefaultMavenResourcesFiltering - Copying 0 resource from src\main\resources to target\classes
2025-12-13 12:24:31,167 [Worker-30: Building] WARN  o.a.m.s.f.DefaultMavenResourcesFiltering - Using platform encoding (UTF-8 actually) to copy filtered resources, i.e. build is platform dependent!
2025-12-13 12:24:31,169 [Worker-30: Building] INFO  o.a.m.s.f.DefaultMavenResourcesFiltering - Copying 0 resource from src\test\resources to target\test-classes
2025-12-13 12:25:38,071 [Worker-8: Building] WARN  o.a.m.s.f.DefaultMavenResourcesFiltering - Using platform encoding (UTF-8 actually) to copy filtered resources, i.e. build is platform dependent!
2025-12-13 12:25:38,074 [Worker-8: Building] INFO  o.a.m.s.f.DefaultMavenResourcesFiltering - Copying 0 resource from src\main\resources to target\classes
2025-12-13 12:25:38,078 [Worker-8: Building] WARN  o.a.m.s.f.DefaultMavenResourcesFiltering - Using platform encoding (UTF-8 actually) to copy filtered resources, i.e. build is platform dependent!
2025-12-13 12:25:38,081 [Worker-8: Building] INFO  o.a.m.s.f.DefaultMavenResourcesFiltering - Copying 0 resource from src\test\resources to target\test-classes
2025-12-13 12:25:57,021 [Worker-27: Building] WARN  o.a.m.s.f.DefaultMavenResourcesFiltering - Using platform encoding (UTF-8 actually) to copy filtered resources, i.e. build is platform dependent!
2025-12-13 12:25:57,024 [Worker-27: Building] INFO  o.a.m.s.f.DefaultMavenResourcesFiltering - Copying 0 resource from src\main\resources to target\classes
2025-12-13 12:25:57,027 [Worker-27: Building] WARN  o.a.m.s.f.DefaultMavenResourcesFiltering - Using platform encoding (UTF-8 actually) to copy filtered resources, i.e. build is platform dependent!
2025-12-13 12:25:57,029 [Worker-27: Building] INFO  o.a.m.s.f.DefaultMavenResourcesFiltering - Copying 0 resource from src\test\resources to target\test-classes
2025-12-13 12:26:08,129 [Worker-27: Building] WARN  o.a.m.s.f.DefaultMavenResourcesFiltering - Using platform encoding (UTF-8 actually) to copy filtered resources, i.e. build is platform dependent!
2025-12-13 12:26:08,131 [Worker-27: Building] INFO  o.a.m.s.f.DefaultMavenResourcesFiltering - Copying 0 resource from src\main\resources to target\classes
2025-12-13 12:26:08,134 [Worker-27: Building] WARN  o.a.m.s.f.DefaultMavenResourcesFiltering - Using platform encoding (UTF-8 actually) to copy filtered resources, i.e. build is platform dependent!
2025-12-13 12:26:08,136 [Worker-27: Building] INFO  o.a.m.s.f.DefaultMavenResourcesFiltering - Copying 0 resource from src\test\resources to target\test-classes
2025-12-13 12:29:26,944 [Worker-8: Import Getting Started Content] INFO  o.e.m.c.i.e.AbstractTransferListenerAdapter - Downloading https://repo.maven.apache.org/maven2/org/springframework/boot/spring-boot-starter-parent/4.0.0/spring-boot-starter-parent-4.0.0.pom
2025-12-13 12:29:26,986 [Worker-8: Import Getting Started Content] INFO  o.e.m.c.i.e.AbstractTransferListenerAdapter - Downloaded https://repo.maven.apache.org/maven2/org/springframework/boot/spring-boot-starter-parent/4.0.0/spring-boot-starter-parent-4.0.0.pom
2025-12-13 12:29:27,045 [Worker-8: Import Getting Started Content] INFO  o.e.m.c.i.e.AbstractTransferListenerAdapter - Downloading https://repo.maven.apache.org/maven2/org/springframework/boot/spring-boot-dependencies/4.0.0/spring-boot-dependencies-4.0.0.pom
2025-12-13 12:29:27,105 [Worker-8: Import Getting Started Content] INFO  o.e.m.c.i.e.AbstractTransferListenerAdapter - Downloaded https://repo.maven.apache.org/maven2/org/springframework/boot/spring-boot-dependencies/4.0.0/spring-boot-dependencies-4.0.0.pom
2025-12-13 12:29:27,252 [Worker-8: Import Getting Started Content] INFO  o.e.m.c.i.e.AbstractTransferListenerAdapter - Downloading https://repo.maven.apache.org/maven2/org/apache/activemq/artemis-bom/2.43.0/artemis-bom-2.43.0.pom
2025-12-13 12:29:27,291 [Worker-8: Import Getting Started Content] INFO  o.e.m.c.i.e.AbstractTransferListenerAdapter - Downloaded https://repo.maven.apache.org/maven2/org/apache/activemq/artemis-bom/2.43.0/artemis-bom-2.43.0.pom
2025-12-13 12:29:27,350 [Worker-8: Import Getting Started Content] INFO  o.e.m.c.i.e.AbstractTransferListenerAdapter - Downloading https://repo.maven.apache.org/maven2/org/apache/activemq/artemis-project/2.43.0/artemis-project-2.43.0.pom
2025-12-13 12:29:27,395 [Worker-8: Import Getting Started Content] INFO  o.e.m.c.i.e.AbstractTransferListenerAdapter - Downloaded https://repo.maven.apache.org/maven2/org/apache/activemq/artemis-project/2.43.0/artemis-project-2.43.0.pom
2025-12-13 12:29:27,577 [Worker-8: Import Getting Started Content] INFO  o.e.m.c.i.e.AbstractTransferListenerAdapter - Downloading https://repo.maven.apache.org/maven2/io/zipkin/brave/brave-bom/6.3.0/brave-bom-6.3.0.pom
2025-12-13 12:29:27,616 [Worker-8: Import Getting Started Content] INFO  o.e.m.c.i.e.AbstractTransferListenerAdapter - Downloaded https://repo.maven.apache.org/maven2/io/zipkin/brave/brave-bom/6.3.0/brave-bom-6.3.0.pom
2025-12-13 12:29:27,676 [Worker-8: Import Getting Started Content] INFO  o.e.m.c.i.e.AbstractTransferListenerAdapter - Downloading https://repo.maven.apache.org/maven2/org/apache/cassandra/java-driver-bom/4.19.2/java-driver-bom-4.19.2.pom
2025-12-13 12:29:27,712 [Worker-8: Import Getting Started Content] INFO  o.e.m.c.i.e.AbstractTransferListenerAdapter - Downloaded https://repo.maven.apache.org/maven2/org/apache/cassandra/java-driver-bom/4.19.2/java-driver-bom-4.19.2.pom
2025-12-13 12:29:27,770 [Worker-8: Import Getting Started Content] INFO  o.e.m.c.i.e.AbstractTransferListenerAdapter - Downloading https://repo.maven.apache.org/maven2/org/apache/groovy/groovy-bom/5.0.2/groovy-bom-5.0.2.pom
2025-12-13 12:29:27,813 [Worker-8: Import Getting Started Content] INFO  o.e.m.c.i.e.AbstractTransferListenerAdapter - Downloaded https://repo.maven.apache.org/maven2/org/apache/groovy/groovy-bom/5.0.2/groovy-bom-5.0.2.pom
2025-12-13 12:29:27,937 [Worker-8: Import Getting Started Content] INFO  o.e.m.c.i.e.AbstractTransferListenerAdapter - Downloading https://repo.maven.apache.org/maven2/com/fasterxml/jackson/jackson-bom/2.20.1/jackson-bom-2.20.1.pom
2025-12-13 12:29:27,972 [Worker-8: Import Getting Started Content] INFO  o.e.m.c.i.e.AbstractTransferListenerAdapter - Downloaded https://repo.maven.apache.org/maven2/com/fasterxml/jackson/jackson-bom/2.20.1/jackson-bom-2.20.1.pom
2025-12-13 12:29:28,042 [Worker-8: Import Getting Started Content] INFO  o.e.m.c.i.e.AbstractTransferListenerAdapter - Downloading https://repo.maven.apache.org/maven2/com/fasterxml/jackson/jackson-parent/2.20/jackson-parent-2.20.pom
2025-12-13 12:29:28,077 [Worker-8: Import Getting Started Content] INFO  o.e.m.c.i.e.AbstractTransferListenerAdapter - Downloaded https://repo.maven.apache.org/maven2/com/fasterxml/jackson/jackson-parent/2.20/jackson-parent-2.20.pom
2025-12-13 12:29:28,120 [Worker-8: Import Getting Started Content] INFO  o.e.m.c.i.e.AbstractTransferListenerAdapter - Downloading https://repo.maven.apache.org/maven2/com/fasterxml/oss-parent/70/oss-parent-70.pom
2025-12-13 12:29:28,159 [Worker-8: Import Getting Started Content] INFO  o.e.m.c.i.e.AbstractTransferListenerAdapter - Downloaded https://repo.maven.apache.org/maven2/com/fasterxml/oss-parent/70/oss-parent-70.pom
2025-12-13 12:29:28,234 [Worker-8: Import Getting Started Content] INFO  o.e.m.c.i.e.AbstractTransferListenerAdapter - Downloading https://repo.maven.apache.org/maven2/tools/jackson/jackson-bom/3.0.2/jackson-bom-3.0.2.pom
2025-12-13 12:29:28,313 [Worker-8: Import Getting Started Content] INFO  o.e.m.c.i.e.AbstractTransferListenerAdapter - Downloaded https://repo.maven.apache.org/maven2/tools/jackson/jackson-bom/3.0.2/jackson-bom-3.0.2.pom
2025-12-13 12:29:28,414 [Worker-8: Import Getting Started Content] INFO  o.e.m.c.i.e.AbstractTransferListenerAdapter - Downloading https://repo.maven.apache.org/maven2/com/fasterxml/oss-parent/73/oss-parent-73.pom
2025-12-13 12:29:28,463 [Worker-8: Import Getting Started Content] INFO  o.e.m.c.i.e.AbstractTransferListenerAdapter - Downloaded https://repo.maven.apache.org/maven2/com/fasterxml/oss-parent/73/oss-parent-73.pom
2025-12-13 12:29:28,525 [Worker-8: Import Getting Started Content] INFO  o.e.m.c.i.e.AbstractTransferListenerAdapter - Downloading https://repo.maven.apache.org/maven2/org/glassfish/jersey/jersey-bom/4.0.0/jersey-bom-4.0.0.pom
2025-12-13 12:29:28,563 [Worker-8: Import Getting Started Content] INFO  o.e.m.c.i.e.AbstractTransferListenerAdapter - Downloaded https://repo.maven.apache.org/maven2/org/glassfish/jersey/jersey-bom/4.0.0/jersey-bom-4.0.0.pom
2025-12-13 12:29:28,657 [Worker-8: Import Getting Started Content] INFO  o.e.m.c.i.e.AbstractTransferListenerAdapter - Downloading https://repo.maven.apache.org/maven2/org/eclipse/jetty/ee11/jetty-ee11-bom/12.1.4/jetty-ee11-bom-12.1.4.pom
2025-12-13 12:29:28,691 [Worker-8: Import Getting Started Content] INFO  o.e.m.c.i.e.AbstractTransferListenerAdapter - Downloaded https://repo.maven.apache.org/maven2/org/eclipse/jetty/ee11/jetty-ee11-bom/12.1.4/jetty-ee11-bom-12.1.4.pom
2025-12-13 12:29:28,748 [Worker-8: Import Getting Started Content] INFO  o.e.m.c.i.e.AbstractTransferListenerAdapter - Downloading https://repo.maven.apache.org/maven2/org/eclipse/jetty/jetty-bom/12.1.4/jetty-bom-12.1.4.pom
2025-12-13 12:29:28,784 [Worker-8: Import Getting Started Content] INFO  o.e.m.c.i.e.AbstractTransferListenerAdapter - Downloaded https://repo.maven.apache.org/maven2/org/eclipse/jetty/jetty-bom/12.1.4/jetty-bom-12.1.4.pom
2025-12-13 12:29:28,860 [Worker-8: Import Getting Started Content] INFO  o.e.m.c.i.e.AbstractTransferListenerAdapter - Downloading https://repo.maven.apache.org/maven2/org/jooq/jooq-bom/3.19.28/jooq-bom-3.19.28.pom
2025-12-13 12:29:28,893 [Worker-8: Import Getting Started Content] INFO  o.e.m.c.i.e.AbstractTransferListenerAdapter - Downloaded https://repo.maven.apache.org/maven2/org/jooq/jooq-bom/3.19.28/jooq-bom-3.19.28.pom
2025-12-13 12:29:28,944 [Worker-8: Import Getting Started Content] INFO  o.e.m.c.i.e.AbstractTransferListenerAdapter - Downloading https://repo.maven.apache.org/maven2/org/junit/junit-bom/6.0.1/junit-bom-6.0.1.pom
2025-12-13 12:29:28,978 [Worker-8: Import Getting Started Content] INFO  o.e.m.c.i.e.AbstractTransferListenerAdapter - Downloaded https://repo.maven.apache.org/maven2/org/junit/junit-bom/6.0.1/junit-bom-6.0.1.pom
2025-12-13 12:29:29,048 [Worker-8: Import Getting Started Content] INFO  o.e.m.c.i.e.AbstractTransferListenerAdapter - Downloading https://repo.maven.apache.org/maven2/org/jetbrains/kotlin/kotlin-bom/2.2.21/kotlin-bom-2.2.21.pom
2025-12-13 12:29:29,083 [Worker-8: Import Getting Started Content] INFO  o.e.m.c.i.e.AbstractTransferListenerAdapter - Downloaded https://repo.maven.apache.org/maven2/org/jetbrains/kotlin/kotlin-bom/2.2.21/kotlin-bom-2.2.21.pom
2025-12-13 12:29:29,144 [Worker-8: Import Getting Started Content] INFO  o.e.m.c.i.e.AbstractTransferListenerAdapter - Downloading https://repo.maven.apache.org/maven2/org/jetbrains/kotlinx/kotlinx-coroutines-bom/1.10.2/kotlinx-coroutines-bom-1.10.2.pom
2025-12-13 12:29:29,182 [Worker-8: Import Getting Started Content] INFO  o.e.m.c.i.e.AbstractTransferListenerAdapter - Downloaded https://repo.maven.apache.org/maven2/org/jetbrains/kotlinx/kotlinx-coroutines-bom/1.10.2/kotlinx-coroutines-bom-1.10.2.pom
2025-12-13 12:29:29,245 [Worker-8: Import Getting Started Content] INFO  o.e.m.c.i.e.AbstractTransferListenerAdapter - Downloading https://repo.maven.apache.org/maven2/org/jetbrains/kotlinx/kotlinx-serialization-bom/1.9.0/kotlinx-serialization-bom-1.9.0.pom
2025-12-13 12:29:29,278 [Worker-8: Import Getting Started Content] INFO  o.e.m.c.i.e.AbstractTransferListenerAdapter - Downloaded https://repo.maven.apache.org/maven2/org/jetbrains/kotlinx/kotlinx-serialization-bom/1.9.0/kotlinx-serialization-bom-1.9.0.pom
2025-12-13 12:29:29,319 [Worker-8: Import Getting Started Content] INFO  o.e.m.c.i.e.AbstractTransferListenerAdapter - Downloading https://repo.maven.apache.org/maven2/org/apache/logging/log4j/log4j-bom/2.25.2/log4j-bom-2.25.2.pom
2025-12-13 12:29:29,356 [Worker-8: Import Getting Started Content] INFO  o.e.m.c.i.e.AbstractTransferListenerAdapter - Downloaded https://repo.maven.apache.org/maven2/org/apache/logging/log4j/log4j-bom/2.25.2/log4j-bom-2.25.2.pom
2025-12-13 12:29:29,416 [Worker-8: Import Getting Started Content] INFO  o.e.m.c.i.e.AbstractTransferListenerAdapter - Downloading https://repo.maven.apache.org/maven2/io/micrometer/micrometer-bom/1.16.0/micrometer-bom-1.16.0.pom
2025-12-13 12:29:29,452 [Worker-8: Import Getting Started Content] INFO  o.e.m.c.i.e.AbstractTransferListenerAdapter - Downloaded https://repo.maven.apache.org/maven2/io/micrometer/micrometer-bom/1.16.0/micrometer-bom-1.16.0.pom
2025-12-13 12:29:29,510 [Worker-8: Import Getting Started Content] INFO  o.e.m.c.i.e.AbstractTransferListenerAdapter - Downloading https://repo.maven.apache.org/maven2/io/micrometer/micrometer-tracing-bom/1.6.0/micrometer-tracing-bom-1.6.0.pom
2025-12-13 12:29:29,543 [Worker-8: Import Getting Started Content] INFO  o.e.m.c.i.e.AbstractTransferListenerAdapter - Downloaded https://repo.maven.apache.org/maven2/io/micrometer/micrometer-tracing-bom/1.6.0/micrometer-tracing-bom-1.6.0.pom
2025-12-13 12:29:29,584 [Worker-8: Import Getting Started Content] INFO  o.e.m.c.i.e.AbstractTransferListenerAdapter - Downloading https://repo.maven.apache.org/maven2/org/mockito/mockito-bom/5.20.0/mockito-bom-5.20.0.pom
2025-12-13 12:29:29,620 [Worker-8: Import Getting Started Content] INFO  o.e.m.c.i.e.AbstractTransferListenerAdapter - Downloaded https://repo.maven.apache.org/maven2/org/mockito/mockito-bom/5.20.0/mockito-bom-5.20.0.pom
2025-12-13 12:29:29,678 [Worker-8: Import Getting Started Content] INFO  o.e.m.c.i.e.AbstractTransferListenerAdapter - Downloading https://repo.maven.apache.org/maven2/org/mongodb/mongodb-driver-bom/5.6.1/mongodb-driver-bom-5.6.1.pom
2025-12-13 12:29:29,712 [Worker-8: Import Getting Started Content] INFO  o.e.m.c.i.e.AbstractTransferListenerAdapter - Downloaded https://repo.maven.apache.org/maven2/org/mongodb/mongodb-driver-bom/5.6.1/mongodb-driver-bom-5.6.1.pom
2025-12-13 12:29:29,837 [Worker-8: Import Getting Started Content] INFO  o.e.m.c.i.e.AbstractTransferListenerAdapter - Downloading https://repo.maven.apache.org/maven2/org/neo4j/driver/neo4j-java-driver-bom/6.0.2/neo4j-java-driver-bom-6.0.2.pom
2025-12-13 12:29:29,871 [Worker-8: Import Getting Started Content] INFO  o.e.m.c.i.e.AbstractTransferListenerAdapter - Downloaded https://repo.maven.apache.org/maven2/org/neo4j/driver/neo4j-java-driver-bom/6.0.2/neo4j-java-driver-bom-6.0.2.pom
2025-12-13 12:29:29,921 [Worker-8: Import Getting Started Content] INFO  o.e.m.c.i.e.AbstractTransferListenerAdapter - Downloading https://repo.maven.apache.org/maven2/org/neo4j/bolt/neo4j-bolt-connection-bom/10.1.0/neo4j-bolt-connection-bom-10.1.0.pom
2025-12-13 12:29:29,955 [Worker-8: Import Getting Started Content] INFO  o.e.m.c.i.e.AbstractTransferListenerAdapter - Downloaded https://repo.maven.apache.org/maven2/org/neo4j/bolt/neo4j-bolt-connection-bom/10.1.0/neo4j-bolt-connection-bom-10.1.0.pom
2025-12-13 12:29:30,016 [Worker-8: Import Getting Started Content] INFO  o.e.m.c.i.e.AbstractTransferListenerAdapter - Downloading https://repo.maven.apache.org/maven2/io/netty/netty-bom/4.2.7.Final/netty-bom-4.2.7.Final.pom
2025-12-13 12:29:30,052 [Worker-8: Import Getting Started Content] INFO  o.e.m.c.i.e.AbstractTransferListenerAdapter - Downloaded https://repo.maven.apache.org/maven2/io/netty/netty-bom/4.2.7.Final/netty-bom-4.2.7.Final.pom
2025-12-13 12:29:30,178 [Worker-8: Import Getting Started Content] INFO  o.e.m.c.i.e.AbstractTransferListenerAdapter - Downloading https://repo.maven.apache.org/maven2/io/opentelemetry/opentelemetry-bom/1.55.0/opentelemetry-bom-1.55.0.pom
2025-12-13 12:29:30,211 [Worker-8: Import Getting Started Content] INFO  o.e.m.c.i.e.AbstractTransferListenerAdapter - Downloaded https://repo.maven.apache.org/maven2/io/opentelemetry/opentelemetry-bom/1.55.0/opentelemetry-bom-1.55.0.pom
2025-12-13 12:29:30,261 [Worker-8: Import Getting Started Content] INFO  o.e.m.c.i.e.AbstractTransferListenerAdapter - Downloading https://repo.maven.apache.org/maven2/io/prometheus/prometheus-metrics-bom/1.4.3/prometheus-metrics-bom-1.4.3.pom
2025-12-13 12:29:30,292 [Worker-8: Import Getting Started Content] INFO  o.e.m.c.i.e.AbstractTransferListenerAdapter - Downloaded https://repo.maven.apache.org/maven2/io/prometheus/prometheus-metrics-bom/1.4.3/prometheus-metrics-bom-1.4.3.pom
2025-12-13 12:29:30,340 [Worker-8: Import Getting Started Content] INFO  o.e.m.c.i.e.AbstractTransferListenerAdapter - Downloading https://repo.maven.apache.org/maven2/io/prometheus/client_java_parent/1.4.3/client_java_parent-1.4.3.pom
2025-12-13 12:29:30,374 [Worker-8: Import Getting Started Content] INFO  o.e.m.c.i.e.AbstractTransferListenerAdapter - Downloaded https://repo.maven.apache.org/maven2/io/prometheus/client_java_parent/1.4.3/client_java_parent-1.4.3.pom
2025-12-13 12:29:30,480 [Worker-8: Import Getting Started Content] INFO  o.e.m.c.i.e.AbstractTransferListenerAdapter - Downloading https://repo.maven.apache.org/maven2/org/apache/pulsar/pulsar-bom/4.1.1/pulsar-bom-4.1.1.pom
2025-12-13 12:29:30,518 [Worker-8: Import Getting Started Content] INFO  o.e.m.c.i.e.AbstractTransferListenerAdapter - Downloaded https://repo.maven.apache.org/maven2/org/apache/pulsar/pulsar-bom/4.1.1/pulsar-bom-4.1.1.pom
2025-12-13 12:29:30,603 [Worker-8: Import Getting Started Content] INFO  o.e.m.c.i.e.AbstractTransferListenerAdapter - Downloading https://repo.maven.apache.org/maven2/io/projectreactor/reactor-bom/2025.0.0/reactor-bom-2025.0.0.pom
2025-12-13 12:29:30,638 [Worker-8: Import Getting Started Content] INFO  o.e.m.c.i.e.AbstractTransferListenerAdapter - Downloaded https://repo.maven.apache.org/maven2/io/projectreactor/reactor-bom/2025.0.0/reactor-bom-2025.0.0.pom
2025-12-13 12:29:30,735 [Worker-8: Import Getting Started Content] INFO  o.e.m.c.i.e.AbstractTransferListenerAdapter - Downloading https://repo.maven.apache.org/maven2/org/seleniumhq/selenium/selenium-bom/4.37.0/selenium-bom-4.37.0.pom
2025-12-13 12:29:30,770 [Worker-8: Import Getting Started Content] INFO  o.e.m.c.i.e.AbstractTransferListenerAdapter - Downloaded https://repo.maven.apache.org/maven2/org/seleniumhq/selenium/selenium-bom/4.37.0/selenium-bom-4.37.0.pom
2025-12-13 12:29:30,815 [Worker-8: Import Getting Started Content] INFO  o.e.m.c.i.e.AbstractTransferListenerAdapter - Downloading https://repo.maven.apache.org/maven2/org/springframework/amqp/spring-amqp-bom/4.0.0/spring-amqp-bom-4.0.0.pom
2025-12-13 12:29:30,851 [Worker-8: Import Getting Started Content] INFO  o.e.m.c.i.e.AbstractTransferListenerAdapter - Downloaded https://repo.maven.apache.org/maven2/org/springframework/amqp/spring-amqp-bom/4.0.0/spring-amqp-bom-4.0.0.pom
2025-12-13 12:29:30,909 [Worker-8: Import Getting Started Content] INFO  o.e.m.c.i.e.AbstractTransferListenerAdapter - Downloading https://repo.maven.apache.org/maven2/org/springframework/batch/spring-batch-bom/6.0.0/spring-batch-bom-6.0.0.pom
2025-12-13 12:29:30,944 [Worker-8: Import Getting Started Content] INFO  o.e.m.c.i.e.AbstractTransferListenerAdapter - Downloaded https://repo.maven.apache.org/maven2/org/springframework/batch/spring-batch-bom/6.0.0/spring-batch-bom-6.0.0.pom
2025-12-13 12:29:31,011 [Worker-8: Import Getting Started Content] INFO  o.e.m.c.i.e.AbstractTransferListenerAdapter - Downloading https://repo.maven.apache.org/maven2/org/springframework/data/spring-data-bom/2025.1.0/spring-data-bom-2025.1.0.pom
2025-12-13 12:29:31,046 [Worker-8: Import Getting Started Content] INFO  o.e.m.c.i.e.AbstractTransferListenerAdapter - Downloaded https://repo.maven.apache.org/maven2/org/springframework/data/spring-data-bom/2025.1.0/spring-data-bom-2025.1.0.pom
2025-12-13 12:29:31,099 [Worker-8: Import Getting Started Content] INFO  o.e.m.c.i.e.AbstractTransferListenerAdapter - Downloading https://repo.maven.apache.org/maven2/org/springframework/spring-framework-bom/7.0.1/spring-framework-bom-7.0.1.pom
2025-12-13 12:29:31,130 [Worker-8: Import Getting Started Content] INFO  o.e.m.c.i.e.AbstractTransferListenerAdapter - Downloaded https://repo.maven.apache.org/maven2/org/springframework/spring-framework-bom/7.0.1/spring-framework-bom-7.0.1.pom
2025-12-13 12:29:31,182 [Worker-8: Import Getting Started Content] INFO  o.e.m.c.i.e.AbstractTransferListenerAdapter - Downloading https://repo.maven.apache.org/maven2/org/springframework/integration/spring-integration-bom/7.0.0/spring-integration-bom-7.0.0.pom
2025-12-13 12:29:31,219 [Worker-8: Import Getting Started Content] INFO  o.e.m.c.i.e.AbstractTransferListenerAdapter - Downloaded https://repo.maven.apache.org/maven2/org/springframework/integration/spring-integration-bom/7.0.0/spring-integration-bom-7.0.0.pom
2025-12-13 12:29:31,286 [Worker-8: Import Getting Started Content] INFO  o.e.m.c.i.e.AbstractTransferListenerAdapter - Downloading https://repo.maven.apache.org/maven2/org/springframework/pulsar/spring-pulsar-bom/2.0.0/spring-pulsar-bom-2.0.0.pom
2025-12-13 12:29:31,321 [Worker-8: Import Getting Started Content] INFO  o.e.m.c.i.e.AbstractTransferListenerAdapter - Downloaded https://repo.maven.apache.org/maven2/org/springframework/pulsar/spring-pulsar-bom/2.0.0/spring-pulsar-bom-2.0.0.pom
2025-12-13 12:29:31,364 [Worker-8: Import Getting Started Content] INFO  o.e.m.c.i.e.AbstractTransferListenerAdapter - Downloading https://repo.maven.apache.org/maven2/org/springframework/restdocs/spring-restdocs-bom/4.0.0/spring-restdocs-bom-4.0.0.pom
2025-12-13 12:29:31,400 [Worker-8: Import Getting Started Content] INFO  o.e.m.c.i.e.AbstractTransferListenerAdapter - Downloaded https://repo.maven.apache.org/maven2/org/springframework/restdocs/spring-restdocs-bom/4.0.0/spring-restdocs-bom-4.0.0.pom
2025-12-13 12:29:31,452 [Worker-8: Import Getting Started Content] INFO  o.e.m.c.i.e.AbstractTransferListenerAdapter - Downloading https://repo.maven.apache.org/maven2/org/springframework/security/spring-security-bom/7.0.0/spring-security-bom-7.0.0.pom
2025-12-13 12:29:31,506 [Worker-8: Import Getting Started Content] INFO  o.e.m.c.i.e.AbstractTransferListenerAdapter - Downloaded https://repo.maven.apache.org/maven2/org/springframework/security/spring-security-bom/7.0.0/spring-security-bom-7.0.0.pom
2025-12-13 12:29:31,558 [Worker-8: Import Getting Started Content] INFO  o.e.m.c.i.e.AbstractTransferListenerAdapter - Downloading https://repo.maven.apache.org/maven2/org/springframework/session/spring-session-bom/4.0.0/spring-session-bom-4.0.0.pom
2025-12-13 12:29:31,593 [Worker-8: Import Getting Started Content] INFO  o.e.m.c.i.e.AbstractTransferListenerAdapter - Downloaded https://repo.maven.apache.org/maven2/org/springframework/session/spring-session-bom/4.0.0/spring-session-bom-4.0.0.pom
2025-12-13 12:29:31,643 [Worker-8: Import Getting Started Content] INFO  o.e.m.c.i.e.AbstractTransferListenerAdapter - Downloading https://repo.maven.apache.org/maven2/org/springframework/ws/spring-ws-bom/5.0.0/spring-ws-bom-5.0.0.pom
2025-12-13 12:29:31,682 [Worker-8: Import Getting Started Content] INFO  o.e.m.c.i.e.AbstractTransferListenerAdapter - Downloaded https://repo.maven.apache.org/maven2/org/springframework/ws/spring-ws-bom/5.0.0/spring-ws-bom-5.0.0.pom
2025-12-13 12:29:31,744 [Worker-8: Import Getting Started Content] INFO  o.e.m.c.i.e.AbstractTransferListenerAdapter - Downloading https://repo.maven.apache.org/maven2/org/testcontainers/testcontainers-bom/2.0.2/testcontainers-bom-2.0.2.pom
2025-12-13 12:29:31,784 [Worker-8: Import Getting Started Content] INFO  o.e.m.c.i.e.AbstractTransferListenerAdapter - Downloaded https://repo.maven.apache.org/maven2/org/testcontainers/testcontainers-bom/2.0.2/testcontainers-bom-2.0.2.pom
2025-12-13 12:29:32,238 [Worker-8: Import Getting Started Content] INFO  o.e.m.c.i.e.AbstractTransferListenerAdapter - Downloading https://repo.maven.apache.org/maven2/org/springframework/boot/spring-boot-maven-plugin/4.0.0/spring-boot-maven-plugin-4.0.0.pom
2025-12-13 12:29:32,278 [Worker-8: Import Getting Started Content] INFO  o.e.m.c.i.e.AbstractTransferListenerAdapter - Downloaded https://repo.maven.apache.org/maven2/org/springframework/boot/spring-boot-maven-plugin/4.0.0/spring-boot-maven-plugin-4.0.0.pom
2025-12-13 12:29:32,328 [Worker-8: Import Getting Started Content] INFO  o.e.m.c.i.e.AbstractTransferListenerAdapter - Downloading https://repo.maven.apache.org/maven2/org/springframework/boot/spring-boot-maven-plugin/4.0.0/spring-boot-maven-plugin-4.0.0.jar
2025-12-13 12:29:32,386 [Worker-8: Import Getting Started Content] INFO  o.e.m.c.i.e.AbstractTransferListenerAdapter - Downloaded https://repo.maven.apache.org/maven2/org/springframework/boot/spring-boot-maven-plugin/4.0.0/spring-boot-maven-plugin-4.0.0.jar
2025-12-13 12:29:32,483 [Worker-8: Import Getting Started Content] INFO  o.e.m.c.i.e.AbstractTransferListenerAdapter - Downloading https://repo.maven.apache.org/maven2/org/apache/maven/plugins/maven-clean-plugin/3.5.0/maven-clean-plugin-3.5.0.jar
2025-12-13 12:29:32,916 [Worker-8: Import Getting Started Content] INFO  o.e.m.c.i.e.AbstractTransferListenerAdapter - Downloaded https://repo.maven.apache.org/maven2/org/apache/maven/plugins/maven-clean-plugin/3.5.0/maven-clean-plugin-3.5.0.jar
2025-12-13 12:29:34,427 [Worker-8: Import Getting Started Content] INFO  o.e.m.c.i.l.LifecycleMappingFactory - Using org.eclipse.m2e.jdt.JarLifecycleMapping lifecycle mapping for MavenProject: com.example:SampleAPI:0.0.1-SNAPSHOT @ C:\Users\flame\Documents\eclipseProjects\mediaLogic\SampleAPI\pom.xml.
2025-12-13 12:29:34,497 [Worker-8: Import Getting Started Content] INFO  o.e.m.c.i.e.AbstractTransferListenerAdapter - Downloading https://repo.maven.apache.org/maven2/org/springframework/boot/spring-boot-starter-security/4.0.0/spring-boot-starter-security-4.0.0.pom
2025-12-13 12:29:34,530 [Worker-8: Import Getting Started Content] INFO  o.e.m.c.i.e.AbstractTransferListenerAdapter - Downloaded https://repo.maven.apache.org/maven2/org/springframework/boot/spring-boot-starter-security/4.0.0/spring-boot-starter-security-4.0.0.pom
2025-12-13 12:29:34,572 [Worker-8: Import Getting Started Content] INFO  o.e.m.c.i.e.AbstractTransferListenerAdapter - Downloading https://repo.maven.apache.org/maven2/org/springframework/boot/spring-boot-starter/4.0.0/spring-boot-starter-4.0.0.pom
2025-12-13 12:29:34,612 [Worker-8: Import Getting Started Content] INFO  o.e.m.c.i.e.AbstractTransferListenerAdapter - Downloaded https://repo.maven.apache.org/maven2/org/springframework/boot/spring-boot-starter/4.0.0/spring-boot-starter-4.0.0.pom
2025-12-13 12:29:34,684 [Worker-8: Import Getting Started Content] INFO  o.e.m.c.i.e.AbstractTransferListenerAdapter - Downloading https://repo.maven.apache.org/maven2/org/springframework/boot/spring-boot-starter-logging/4.0.0/spring-boot-starter-logging-4.0.0.pom
2025-12-13 12:29:34,718 [Worker-8: Import Getting Started Content] INFO  o.e.m.c.i.e.AbstractTransferListenerAdapter - Downloaded https://repo.maven.apache.org/maven2/org/springframework/boot/spring-boot-starter-logging/4.0.0/spring-boot-starter-logging-4.0.0.pom
2025-12-13 12:29:34,776 [Worker-8: Import Getting Started Content] INFO  o.e.m.c.i.e.AbstractTransferListenerAdapter - Downloading https://repo.maven.apache.org/maven2/ch/qos/logback/logback-classic/1.5.21/logback-classic-1.5.21.pom
2025-12-13 12:29:34,820 [Worker-8: Import Getting Started Content] INFO  o.e.m.c.i.e.AbstractTransferListenerAdapter - Downloaded https://repo.maven.apache.org/maven2/ch/qos/logback/logback-classic/1.5.21/logback-classic-1.5.21.pom
2025-12-13 12:29:34,883 [Worker-8: Import Getting Started Content] INFO  o.e.m.c.i.e.AbstractTransferListenerAdapter - Downloading https://repo.maven.apache.org/maven2/ch/qos/logback/logback-parent/1.5.21/logback-parent-1.5.21.pom
2025-12-13 12:29:34,919 [Worker-8: Import Getting Started Content] INFO  o.e.m.c.i.e.AbstractTransferListenerAdapter - Downloaded https://repo.maven.apache.org/maven2/ch/qos/logback/logback-parent/1.5.21/logback-parent-1.5.21.pom
2025-12-13 12:29:34,980 [Worker-8: Import Getting Started Content] INFO  o.e.m.c.i.e.AbstractTransferListenerAdapter - Downloading https://repo.maven.apache.org/maven2/ch/qos/logback/logback-core/1.5.21/logback-core-1.5.21.pom
2025-12-13 12:29:35,015 [Worker-8: Import Getting Started Content] INFO  o.e.m.c.i.e.AbstractTransferListenerAdapter - Downloaded https://repo.maven.apache.org/maven2/ch/qos/logback/logback-core/1.5.21/logback-core-1.5.21.pom
2025-12-13 12:29:35,207 [Worker-8: Import Getting Started Content] INFO  o.e.m.c.i.e.AbstractTransferListenerAdapter - Downloading https://repo.maven.apache.org/maven2/org/apache/logging/log4j/log4j-to-slf4j/2.25.2/log4j-to-slf4j-2.25.2.pom
2025-12-13 12:29:35,240 [Worker-8: Import Getting Started Content] INFO  o.e.m.c.i.e.AbstractTransferListenerAdapter - Downloaded https://repo.maven.apache.org/maven2/org/apache/logging/log4j/log4j-to-slf4j/2.25.2/log4j-to-slf4j-2.25.2.pom
2025-12-13 12:29:35,288 [Worker-8: Import Getting Started Content] INFO  o.e.m.c.i.e.AbstractTransferListenerAdapter - Downloading https://repo.maven.apache.org/maven2/org/apache/logging/log4j/log4j/2.25.2/log4j-2.25.2.pom
2025-12-13 12:29:35,356 [Worker-8: Import Getting Started Content] INFO  o.e.m.c.i.e.AbstractTransferListenerAdapter - Downloaded https://repo.maven.apache.org/maven2/org/apache/logging/log4j/log4j/2.25.2/log4j-2.25.2.pom
2025-12-13 12:29:35,422 [Worker-8: Import Getting Started Content] INFO  o.e.m.c.i.e.AbstractTransferListenerAdapter - Downloading https://repo.maven.apache.org/maven2/org/apache/groovy/groovy-bom/4.0.27/groovy-bom-4.0.27.pom
2025-12-13 12:29:35,453 [Worker-8: Import Getting Started Content] INFO  o.e.m.c.i.e.AbstractTransferListenerAdapter - Downloaded https://repo.maven.apache.org/maven2/org/apache/groovy/groovy-bom/4.0.27/groovy-bom-4.0.27.pom
2025-12-13 12:29:35,516 [Worker-8: Import Getting Started Content] INFO  o.e.m.c.i.e.AbstractTransferListenerAdapter - Downloading https://repo.maven.apache.org/maven2/com/fasterxml/jackson/jackson-bom/2.19.1/jackson-bom-2.19.1.pom
2025-12-13 12:29:35,551 [Worker-8: Import Getting Started Content] INFO  o.e.m.c.i.e.AbstractTransferListenerAdapter - Downloaded https://repo.maven.apache.org/maven2/com/fasterxml/jackson/jackson-bom/2.19.1/jackson-bom-2.19.1.pom
2025-12-13 12:29:35,608 [Worker-8: Import Getting Started Content] INFO  o.e.m.c.i.e.AbstractTransferListenerAdapter - Downloading https://repo.maven.apache.org/maven2/com/fasterxml/jackson/jackson-parent/2.19.2/jackson-parent-2.19.2.pom
2025-12-13 12:29:35,642 [Worker-8: Import Getting Started Content] INFO  o.e.m.c.i.e.AbstractTransferListenerAdapter - Downloaded https://repo.maven.apache.org/maven2/com/fasterxml/jackson/jackson-parent/2.19.2/jackson-parent-2.19.2.pom
2025-12-13 12:29:35,796 [Worker-8: Import Getting Started Content] INFO  o.e.m.c.i.e.AbstractTransferListenerAdapter - Downloading https://repo.maven.apache.org/maven2/org/junit/junit-bom/5.13.2/junit-bom-5.13.2.pom
2025-12-13 12:29:35,826 [Worker-8: Import Getting Started Content] INFO  o.e.m.c.i.e.AbstractTransferListenerAdapter - Downloaded https://repo.maven.apache.org/maven2/org/junit/junit-bom/5.13.2/junit-bom-5.13.2.pom
2025-12-13 12:29:35,938 [Worker-8: Import Getting Started Content] INFO  o.e.m.c.i.e.AbstractTransferListenerAdapter - Downloading https://repo.maven.apache.org/maven2/org/apache/logging/log4j/log4j-api/2.25.2/log4j-api-2.25.2.pom
2025-12-13 12:29:35,977 [Worker-8: Import Getting Started Content] INFO  o.e.m.c.i.e.AbstractTransferListenerAdapter - Downloaded https://repo.maven.apache.org/maven2/org/apache/logging/log4j/log4j-api/2.25.2/log4j-api-2.25.2.pom
2025-12-13 12:29:36,057 [Worker-8: Import Getting Started Content] INFO  o.e.m.c.i.e.AbstractTransferListenerAdapter - Downloading https://repo.maven.apache.org/maven2/org/springframework/boot/spring-boot-autoconfigure/4.0.0/spring-boot-autoconfigure-4.0.0.pom
2025-12-13 12:29:36,092 [Worker-8: Import Getting Started Content] INFO  o.e.m.c.i.e.AbstractTransferListenerAdapter - Downloaded https://repo.maven.apache.org/maven2/org/springframework/boot/spring-boot-autoconfigure/4.0.0/spring-boot-autoconfigure-4.0.0.pom
2025-12-13 12:29:36,135 [Worker-8: Import Getting Started Content] INFO  o.e.m.c.i.e.AbstractTransferListenerAdapter - Downloading https://repo.maven.apache.org/maven2/org/springframework/boot/spring-boot/4.0.0/spring-boot-4.0.0.pom
2025-12-13 12:29:36,170 [Worker-8: Import Getting Started Content] INFO  o.e.m.c.i.e.AbstractTransferListenerAdapter - Downloaded https://repo.maven.apache.org/maven2/org/springframework/boot/spring-boot/4.0.0/spring-boot-4.0.0.pom
2025-12-13 12:29:36,224 [Worker-8: Import Getting Started Content] INFO  o.e.m.c.i.e.AbstractTransferListenerAdapter - Downloading https://repo.maven.apache.org/maven2/org/springframework/spring-core/7.0.1/spring-core-7.0.1.pom
2025-12-13 12:29:36,259 [Worker-8: Import Getting Started Content] INFO  o.e.m.c.i.e.AbstractTransferListenerAdapter - Downloaded https://repo.maven.apache.org/maven2/org/springframework/spring-core/7.0.1/spring-core-7.0.1.pom
2025-12-13 12:29:36,318 [Worker-8: Import Getting Started Content] INFO  o.e.m.c.i.e.AbstractTransferListenerAdapter - Downloading https://repo.maven.apache.org/maven2/commons-logging/commons-logging/1.3.5/commons-logging-1.3.5.pom
2025-12-13 12:29:36,358 [Worker-8: Import Getting Started Content] INFO  o.e.m.c.i.e.AbstractTransferListenerAdapter - Downloaded https://repo.maven.apache.org/maven2/commons-logging/commons-logging/1.3.5/commons-logging-1.3.5.pom
2025-12-13 12:29:36,424 [Worker-8: Import Getting Started Content] INFO  o.e.m.c.i.e.AbstractTransferListenerAdapter - Downloading https://repo.maven.apache.org/maven2/org/apache/commons/commons-parent/81/commons-parent-81.pom
2025-12-13 12:29:36,465 [Worker-8: Import Getting Started Content] INFO  o.e.m.c.i.e.AbstractTransferListenerAdapter - Downloaded https://repo.maven.apache.org/maven2/org/apache/commons/commons-parent/81/commons-parent-81.pom
2025-12-13 12:29:36,581 [Worker-8: Import Getting Started Content] INFO  o.e.m.c.i.e.AbstractTransferListenerAdapter - Downloading https://repo.maven.apache.org/maven2/org/springframework/spring-context/7.0.1/spring-context-7.0.1.pom
2025-12-13 12:29:36,617 [Worker-8: Import Getting Started Content] INFO  o.e.m.c.i.e.AbstractTransferListenerAdapter - Downloaded https://repo.maven.apache.org/maven2/org/springframework/spring-context/7.0.1/spring-context-7.0.1.pom
2025-12-13 12:29:36,661 [Worker-8: Import Getting Started Content] INFO  o.e.m.c.i.e.AbstractTransferListenerAdapter - Downloading https://repo.maven.apache.org/maven2/org/springframework/spring-aop/7.0.1/spring-aop-7.0.1.pom
2025-12-13 12:29:36,697 [Worker-8: Import Getting Started Content] INFO  o.e.m.c.i.e.AbstractTransferListenerAdapter - Downloaded https://repo.maven.apache.org/maven2/org/springframework/spring-aop/7.0.1/spring-aop-7.0.1.pom
2025-12-13 12:29:36,739 [Worker-8: Import Getting Started Content] INFO  o.e.m.c.i.e.AbstractTransferListenerAdapter - Downloading https://repo.maven.apache.org/maven2/org/springframework/spring-beans/7.0.1/spring-beans-7.0.1.pom
2025-12-13 12:29:36,782 [Worker-8: Import Getting Started Content] INFO  o.e.m.c.i.e.AbstractTransferListenerAdapter - Downloaded https://repo.maven.apache.org/maven2/org/springframework/spring-beans/7.0.1/spring-beans-7.0.1.pom
2025-12-13 12:29:36,827 [Worker-8: Import Getting Started Content] INFO  o.e.m.c.i.e.AbstractTransferListenerAdapter - Downloading https://repo.maven.apache.org/maven2/org/springframework/spring-expression/7.0.1/spring-expression-7.0.1.pom
2025-12-13 12:29:36,861 [Worker-8: Import Getting Started Content] INFO  o.e.m.c.i.e.AbstractTransferListenerAdapter - Downloaded https://repo.maven.apache.org/maven2/org/springframework/spring-expression/7.0.1/spring-expression-7.0.1.pom
2025-12-13 12:29:36,901 [Worker-8: Import Getting Started Content] INFO  o.e.m.c.i.e.AbstractTransferListenerAdapter - Downloading https://repo.maven.apache.org/maven2/io/micrometer/micrometer-observation/1.16.0/micrometer-observation-1.16.0.pom
2025-12-13 12:29:36,936 [Worker-8: Import Getting Started Content] INFO  o.e.m.c.i.e.AbstractTransferListenerAdapter - Downloaded https://repo.maven.apache.org/maven2/io/micrometer/micrometer-observation/1.16.0/micrometer-observation-1.16.0.pom
2025-12-13 12:29:37,004 [Worker-8: Import Getting Started Content] INFO  o.e.m.c.i.e.AbstractTransferListenerAdapter - Downloading https://repo.maven.apache.org/maven2/io/micrometer/micrometer-commons/1.16.0/micrometer-commons-1.16.0.pom
2025-12-13 12:29:37,044 [Worker-8: Import Getting Started Content] INFO  o.e.m.c.i.e.AbstractTransferListenerAdapter - Downloaded https://repo.maven.apache.org/maven2/io/micrometer/micrometer-commons/1.16.0/micrometer-commons-1.16.0.pom
2025-12-13 12:29:37,092 [Worker-8: Import Getting Started Content] INFO  o.e.m.c.i.e.AbstractTransferListenerAdapter - Downloading https://repo.maven.apache.org/maven2/jakarta/annotation/jakarta.annotation-api/3.0.0/jakarta.annotation-api-3.0.0.pom
2025-12-13 12:29:37,134 [Worker-8: Import Getting Started Content] INFO  o.e.m.c.i.e.AbstractTransferListenerAdapter - Downloaded https://repo.maven.apache.org/maven2/jakarta/annotation/jakarta.annotation-api/3.0.0/jakarta.annotation-api-3.0.0.pom
2025-12-13 12:29:37,199 [Worker-8: Import Getting Started Content] INFO  o.e.m.c.i.e.AbstractTransferListenerAdapter - Downloading https://repo.maven.apache.org/maven2/org/yaml/snakeyaml/2.5/snakeyaml-2.5.pom
2025-12-13 12:29:37,243 [Worker-8: Import Getting Started Content] INFO  o.e.m.c.i.e.AbstractTransferListenerAdapter - Downloaded https://repo.maven.apache.org/maven2/org/yaml/snakeyaml/2.5/snakeyaml-2.5.pom
2025-12-13 12:29:37,312 [Worker-8: Import Getting Started Content] INFO  o.e.m.c.i.e.AbstractTransferListenerAdapter - Downloading https://repo.maven.apache.org/maven2/org/springframework/boot/spring-boot-security/4.0.0/spring-boot-security-4.0.0.pom
2025-12-13 12:29:37,347 [Worker-8: Import Getting Started Content] INFO  o.e.m.c.i.e.AbstractTransferListenerAdapter - Downloaded https://repo.maven.apache.org/maven2/org/springframework/boot/spring-boot-security/4.0.0/spring-boot-security-4.0.0.pom
2025-12-13 12:29:37,390 [Worker-8: Import Getting Started Content] INFO  o.e.m.c.i.e.AbstractTransferListenerAdapter - Downloading https://repo.maven.apache.org/maven2/org/springframework/security/spring-security-config/7.0.0/spring-security-config-7.0.0.pom
2025-12-13 12:29:37,426 [Worker-8: Import Getting Started Content] INFO  o.e.m.c.i.e.AbstractTransferListenerAdapter - Downloaded https://repo.maven.apache.org/maven2/org/springframework/security/spring-security-config/7.0.0/spring-security-config-7.0.0.pom
2025-12-13 12:29:37,489 [Worker-8: Import Getting Started Content] INFO  o.e.m.c.i.e.AbstractTransferListenerAdapter - Downloading https://repo.maven.apache.org/maven2/org/springframework/security/spring-security-core/7.0.0/spring-security-core-7.0.0.pom
2025-12-13 12:29:37,530 [Worker-8: Import Getting Started Content] INFO  o.e.m.c.i.e.AbstractTransferListenerAdapter - Downloaded https://repo.maven.apache.org/maven2/org/springframework/security/spring-security-core/7.0.0/spring-security-core-7.0.0.pom
2025-12-13 12:29:37,575 [Worker-8: Import Getting Started Content] INFO  o.e.m.c.i.e.AbstractTransferListenerAdapter - Downloading https://repo.maven.apache.org/maven2/org/springframework/security/spring-security-crypto/7.0.0/spring-security-crypto-7.0.0.pom
2025-12-13 12:29:37,608 [Worker-8: Import Getting Started Content] INFO  o.e.m.c.i.e.AbstractTransferListenerAdapter - Downloaded https://repo.maven.apache.org/maven2/org/springframework/security/spring-security-crypto/7.0.0/spring-security-crypto-7.0.0.pom
2025-12-13 12:29:37,655 [Worker-8: Import Getting Started Content] INFO  o.e.m.c.i.e.AbstractTransferListenerAdapter - Downloading https://repo.maven.apache.org/maven2/org/springframework/security/spring-security-web/7.0.0/spring-security-web-7.0.0.pom
2025-12-13 12:29:37,689 [Worker-8: Import Getting Started Content] INFO  o.e.m.c.i.e.AbstractTransferListenerAdapter - Downloaded https://repo.maven.apache.org/maven2/org/springframework/security/spring-security-web/7.0.0/spring-security-web-7.0.0.pom
2025-12-13 12:29:37,745 [Worker-8: Import Getting Started Content] INFO  o.e.m.c.i.e.AbstractTransferListenerAdapter - Downloading https://repo.maven.apache.org/maven2/org/springframework/spring-web/7.0.1/spring-web-7.0.1.pom
2025-12-13 12:29:37,781 [Worker-8: Import Getting Started Content] INFO  o.e.m.c.i.e.AbstractTransferListenerAdapter - Downloaded https://repo.maven.apache.org/maven2/org/springframework/spring-web/7.0.1/spring-web-7.0.1.pom
2025-12-13 12:29:37,832 [Worker-8: Import Getting Started Content] INFO  o.e.m.c.i.e.AbstractTransferListenerAdapter - Downloading https://repo.maven.apache.org/maven2/org/springframework/boot/spring-boot-starter-webmvc/4.0.0/spring-boot-starter-webmvc-4.0.0.pom
2025-12-13 12:29:37,868 [Worker-8: Import Getting Started Content] INFO  o.e.m.c.i.e.AbstractTransferListenerAdapter - Downloaded https://repo.maven.apache.org/maven2/org/springframework/boot/spring-boot-starter-webmvc/4.0.0/spring-boot-starter-webmvc-4.0.0.pom
2025-12-13 12:29:37,913 [Worker-8: Import Getting Started Content] INFO  o.e.m.c.i.e.AbstractTransferListenerAdapter - Downloading https://repo.maven.apache.org/maven2/org/springframework/boot/spring-boot-starter-jackson/4.0.0/spring-boot-starter-jackson-4.0.0.pom
2025-12-13 12:29:37,948 [Worker-8: Import Getting Started Content] INFO  o.e.m.c.i.e.AbstractTransferListenerAdapter - Downloaded https://repo.maven.apache.org/maven2/org/springframework/boot/spring-boot-starter-jackson/4.0.0/spring-boot-starter-jackson-4.0.0.pom
2025-12-13 12:29:37,990 [Worker-8: Import Getting Started Content] INFO  o.e.m.c.i.e.AbstractTransferListenerAdapter - Downloading https://repo.maven.apache.org/maven2/org/springframework/boot/spring-boot-jackson/4.0.0/spring-boot-jackson-4.0.0.pom
2025-12-13 12:29:38,024 [Worker-8: Import Getting Started Content] INFO  o.e.m.c.i.e.AbstractTransferListenerAdapter - Downloaded https://repo.maven.apache.org/maven2/org/springframework/boot/spring-boot-jackson/4.0.0/spring-boot-jackson-4.0.0.pom
2025-12-13 12:29:38,073 [Worker-8: Import Getting Started Content] INFO  o.e.m.c.i.e.AbstractTransferListenerAdapter - Downloading https://repo.maven.apache.org/maven2/tools/jackson/core/jackson-databind/3.0.2/jackson-databind-3.0.2.pom
2025-12-13 12:29:38,109 [Worker-8: Import Getting Started Content] INFO  o.e.m.c.i.e.AbstractTransferListenerAdapter - Downloaded https://repo.maven.apache.org/maven2/tools/jackson/core/jackson-databind/3.0.2/jackson-databind-3.0.2.pom
2025-12-13 12:29:38,214 [Worker-8: Import Getting Started Content] INFO  o.e.m.c.i.e.AbstractTransferListenerAdapter - Downloading https://repo.maven.apache.org/maven2/tools/jackson/jackson-base/3.0.2/jackson-base-3.0.2.pom
2025-12-13 12:29:38,256 [Worker-8: Import Getting Started Content] INFO  o.e.m.c.i.e.AbstractTransferListenerAdapter - Downloaded https://repo.maven.apache.org/maven2/tools/jackson/jackson-base/3.0.2/jackson-base-3.0.2.pom
2025-12-13 12:29:38,321 [Worker-8: Import Getting Started Content] INFO  o.e.m.c.i.e.AbstractTransferListenerAdapter - Downloading https://repo.maven.apache.org/maven2/org/junit/junit-bom/5.13.4/junit-bom-5.13.4.pom
2025-12-13 12:29:38,354 [Worker-8: Import Getting Started Content] INFO  o.e.m.c.i.e.AbstractTransferListenerAdapter - Downloaded https://repo.maven.apache.org/maven2/org/junit/junit-bom/5.13.4/junit-bom-5.13.4.pom
2025-12-13 12:29:38,396 [Worker-8: Import Getting Started Content] INFO  o.e.m.c.i.e.AbstractTransferListenerAdapter - Downloading https://repo.maven.apache.org/maven2/com/fasterxml/jackson/core/jackson-annotations/2.20/jackson-annotations-2.20.pom
2025-12-13 12:29:38,428 [Worker-8: Import Getting Started Content] INFO  o.e.m.c.i.e.AbstractTransferListenerAdapter - Downloaded https://repo.maven.apache.org/maven2/com/fasterxml/jackson/core/jackson-annotations/2.20/jackson-annotations-2.20.pom
2025-12-13 12:29:38,494 [Worker-8: Import Getting Started Content] INFO  o.e.m.c.i.e.AbstractTransferListenerAdapter - Downloading https://repo.maven.apache.org/maven2/tools/jackson/core/jackson-core/3.0.2/jackson-core-3.0.2.pom
2025-12-13 12:29:38,531 [Worker-8: Import Getting Started Content] INFO  o.e.m.c.i.e.AbstractTransferListenerAdapter - Downloaded https://repo.maven.apache.org/maven2/tools/jackson/core/jackson-core/3.0.2/jackson-core-3.0.2.pom
2025-12-13 12:29:38,596 [Worker-8: Import Getting Started Content] INFO  o.e.m.c.i.e.AbstractTransferListenerAdapter - Downloading https://repo.maven.apache.org/maven2/org/springframework/boot/spring-boot-starter-tomcat/4.0.0/spring-boot-starter-tomcat-4.0.0.pom
2025-12-13 12:29:38,631 [Worker-8: Import Getting Started Content] INFO  o.e.m.c.i.e.AbstractTransferListenerAdapter - Downloaded https://repo.maven.apache.org/maven2/org/springframework/boot/spring-boot-starter-tomcat/4.0.0/spring-boot-starter-tomcat-4.0.0.pom
2025-12-13 12:29:38,687 [Worker-8: Import Getting Started Content] INFO  o.e.m.c.i.e.AbstractTransferListenerAdapter - Downloading https://repo.maven.apache.org/maven2/org/springframework/boot/spring-boot-starter-tomcat-runtime/4.0.0/spring-boot-starter-tomcat-runtime-4.0.0.pom
2025-12-13 12:29:38,722 [Worker-8: Import Getting Started Content] INFO  o.e.m.c.i.e.AbstractTransferListenerAdapter - Downloaded https://repo.maven.apache.org/maven2/org/springframework/boot/spring-boot-starter-tomcat-runtime/4.0.0/spring-boot-starter-tomcat-runtime-4.0.0.pom
2025-12-13 12:29:38,768 [Worker-8: Import Getting Started Content] INFO  o.e.m.c.i.e.AbstractTransferListenerAdapter - Downloading https://repo.maven.apache.org/maven2/org/springframework/boot/spring-boot-tomcat/4.0.0/spring-boot-tomcat-4.0.0.pom
2025-12-13 12:29:38,801 [Worker-8: Import Getting Started Content] INFO  o.e.m.c.i.e.AbstractTransferListenerAdapter - Downloaded https://repo.maven.apache.org/maven2/org/springframework/boot/spring-boot-tomcat/4.0.0/spring-boot-tomcat-4.0.0.pom
2025-12-13 12:29:38,855 [Worker-8: Import Getting Started Content] INFO  o.e.m.c.i.e.AbstractTransferListenerAdapter - Downloading https://repo.maven.apache.org/maven2/org/springframework/boot/spring-boot-web-server/4.0.0/spring-boot-web-server-4.0.0.pom
2025-12-13 12:29:38,891 [Worker-8: Import Getting Started Content] INFO  o.e.m.c.i.e.AbstractTransferListenerAdapter - Downloaded https://repo.maven.apache.org/maven2/org/springframework/boot/spring-boot-web-server/4.0.0/spring-boot-web-server-4.0.0.pom
2025-12-13 12:29:38,936 [Worker-8: Import Getting Started Content] INFO  o.e.m.c.i.e.AbstractTransferListenerAdapter - Downloading https://repo.maven.apache.org/maven2/org/apache/tomcat/embed/tomcat-embed-core/11.0.14/tomcat-embed-core-11.0.14.pom
2025-12-13 12:29:38,969 [Worker-8: Import Getting Started Content] INFO  o.e.m.c.i.e.AbstractTransferListenerAdapter - Downloaded https://repo.maven.apache.org/maven2/org/apache/tomcat/embed/tomcat-embed-core/11.0.14/tomcat-embed-core-11.0.14.pom
2025-12-13 12:29:39,050 [Worker-8: Import Getting Started Content] INFO  o.e.m.c.i.e.AbstractTransferListenerAdapter - Downloading https://repo.maven.apache.org/maven2/org/apache/tomcat/embed/tomcat-embed-el/11.0.14/tomcat-embed-el-11.0.14.pom
2025-12-13 12:29:39,085 [Worker-8: Import Getting Started Content] INFO  o.e.m.c.i.e.AbstractTransferListenerAdapter - Downloaded https://repo.maven.apache.org/maven2/org/apache/tomcat/embed/tomcat-embed-el/11.0.14/tomcat-embed-el-11.0.14.pom
2025-12-13 12:29:39,127 [Worker-8: Import Getting Started Content] INFO  o.e.m.c.i.e.AbstractTransferListenerAdapter - Downloading https://repo.maven.apache.org/maven2/org/apache/tomcat/embed/tomcat-embed-websocket/11.0.14/tomcat-embed-websocket-11.0.14.pom
2025-12-13 12:29:39,160 [Worker-8: Import Getting Started Content] INFO  o.e.m.c.i.e.AbstractTransferListenerAdapter - Downloaded https://repo.maven.apache.org/maven2/org/apache/tomcat/embed/tomcat-embed-websocket/11.0.14/tomcat-embed-websocket-11.0.14.pom
2025-12-13 12:29:39,217 [Worker-8: Import Getting Started Content] INFO  o.e.m.c.i.e.AbstractTransferListenerAdapter - Downloading https://repo.maven.apache.org/maven2/org/springframework/boot/spring-boot-http-converter/4.0.0/spring-boot-http-converter-4.0.0.pom
2025-12-13 12:29:39,252 [Worker-8: Import Getting Started Content] INFO  o.e.m.c.i.e.AbstractTransferListenerAdapter - Downloaded https://repo.maven.apache.org/maven2/org/springframework/boot/spring-boot-http-converter/4.0.0/spring-boot-http-converter-4.0.0.pom
2025-12-13 12:29:39,302 [Worker-8: Import Getting Started Content] INFO  o.e.m.c.i.e.AbstractTransferListenerAdapter - Downloading https://repo.maven.apache.org/maven2/org/springframework/boot/spring-boot-webmvc/4.0.0/spring-boot-webmvc-4.0.0.pom
2025-12-13 12:29:39,337 [Worker-8: Import Getting Started Content] INFO  o.e.m.c.i.e.AbstractTransferListenerAdapter - Downloaded https://repo.maven.apache.org/maven2/org/springframework/boot/spring-boot-webmvc/4.0.0/spring-boot-webmvc-4.0.0.pom
2025-12-13 12:29:39,380 [Worker-8: Import Getting Started Content] INFO  o.e.m.c.i.e.AbstractTransferListenerAdapter - Downloading https://repo.maven.apache.org/maven2/org/springframework/boot/spring-boot-servlet/4.0.0/spring-boot-servlet-4.0.0.pom
2025-12-13 12:29:39,415 [Worker-8: Import Getting Started Content] INFO  o.e.m.c.i.e.AbstractTransferListenerAdapter - Downloaded https://repo.maven.apache.org/maven2/org/springframework/boot/spring-boot-servlet/4.0.0/spring-boot-servlet-4.0.0.pom
2025-12-13 12:29:39,463 [Worker-8: Import Getting Started Content] INFO  o.e.m.c.i.e.AbstractTransferListenerAdapter - Downloading https://repo.maven.apache.org/maven2/org/springframework/spring-webmvc/7.0.1/spring-webmvc-7.0.1.pom
2025-12-13 12:29:39,497 [Worker-8: Import Getting Started Content] INFO  o.e.m.c.i.e.AbstractTransferListenerAdapter - Downloaded https://repo.maven.apache.org/maven2/org/springframework/spring-webmvc/7.0.1/spring-webmvc-7.0.1.pom
2025-12-13 12:29:39,544 [Worker-8: Import Getting Started Content] INFO  o.e.m.c.i.e.AbstractTransferListenerAdapter - Downloading https://repo.maven.apache.org/maven2/org/springframework/boot/spring-boot-starter-security-test/4.0.0/spring-boot-starter-security-test-4.0.0.pom
2025-12-13 12:29:39,579 [Worker-8: Import Getting Started Content] INFO  o.e.m.c.i.e.AbstractTransferListenerAdapter - Downloaded https://repo.maven.apache.org/maven2/org/springframework/boot/spring-boot-starter-security-test/4.0.0/spring-boot-starter-security-test-4.0.0.pom
2025-12-13 12:29:39,619 [Worker-8: Import Getting Started Content] INFO  o.e.m.c.i.e.AbstractTransferListenerAdapter - Downloading https://repo.maven.apache.org/maven2/org/springframework/boot/spring-boot-starter-test/4.0.0/spring-boot-starter-test-4.0.0.pom
2025-12-13 12:29:39,652 [Worker-8: Import Getting Started Content] INFO  o.e.m.c.i.e.AbstractTransferListenerAdapter - Downloaded https://repo.maven.apache.org/maven2/org/springframework/boot/spring-boot-starter-test/4.0.0/spring-boot-starter-test-4.0.0.pom
2025-12-13 12:29:39,699 [Worker-8: Import Getting Started Content] INFO  o.e.m.c.i.e.AbstractTransferListenerAdapter - Downloading https://repo.maven.apache.org/maven2/org/springframework/boot/spring-boot-test/4.0.0/spring-boot-test-4.0.0.pom
2025-12-13 12:29:39,734 [Worker-8: Import Getting Started Content] INFO  o.e.m.c.i.e.AbstractTransferListenerAdapter - Downloaded https://repo.maven.apache.org/maven2/org/springframework/boot/spring-boot-test/4.0.0/spring-boot-test-4.0.0.pom
2025-12-13 12:29:39,774 [Worker-8: Import Getting Started Content] INFO  o.e.m.c.i.e.AbstractTransferListenerAdapter - Downloading https://repo.maven.apache.org/maven2/org/springframework/spring-test/7.0.1/spring-test-7.0.1.pom
2025-12-13 12:29:39,808 [Worker-8: Import Getting Started Content] INFO  o.e.m.c.i.e.AbstractTransferListenerAdapter - Downloaded https://repo.maven.apache.org/maven2/org/springframework/spring-test/7.0.1/spring-test-7.0.1.pom
2025-12-13 12:29:39,861 [Worker-8: Import Getting Started Content] INFO  o.e.m.c.i.e.AbstractTransferListenerAdapter - Downloading https://repo.maven.apache.org/maven2/org/springframework/boot/spring-boot-test-autoconfigure/4.0.0/spring-boot-test-autoconfigure-4.0.0.pom
2025-12-13 12:29:39,896 [Worker-8: Import Getting Started Content] INFO  o.e.m.c.i.e.AbstractTransferListenerAdapter - Downloaded https://repo.maven.apache.org/maven2/org/springframework/boot/spring-boot-test-autoconfigure/4.0.0/spring-boot-test-autoconfigure-4.0.0.pom
2025-12-13 12:29:39,975 [Worker-8: Import Getting Started Content] INFO  o.e.m.c.i.e.AbstractTransferListenerAdapter - Downloading https://repo.maven.apache.org/maven2/net/minidev/json-smart/2.6.0/json-smart-2.6.0.pom
2025-12-13 12:29:40,015 [Worker-8: Import Getting Started Content] INFO  o.e.m.c.i.e.AbstractTransferListenerAdapter - Downloaded https://repo.maven.apache.org/maven2/net/minidev/json-smart/2.6.0/json-smart-2.6.0.pom
2025-12-13 12:29:40,075 [Worker-8: Import Getting Started Content] INFO  o.e.m.c.i.e.AbstractTransferListenerAdapter - Downloading https://repo.maven.apache.org/maven2/net/minidev/accessors-smart/2.6.0/accessors-smart-2.6.0.pom
2025-12-13 12:29:40,113 [Worker-8: Import Getting Started Content] INFO  o.e.m.c.i.e.AbstractTransferListenerAdapter - Downloaded https://repo.maven.apache.org/maven2/net/minidev/accessors-smart/2.6.0/accessors-smart-2.6.0.pom
2025-12-13 12:29:40,436 [Worker-8: Import Getting Started Content] INFO  o.e.m.c.i.e.AbstractTransferListenerAdapter - Downloading https://repo.maven.apache.org/maven2/org/junit/jupiter/junit-jupiter/6.0.1/junit-jupiter-6.0.1.pom
2025-12-13 12:29:40,466 [Worker-8: Import Getting Started Content] INFO  o.e.m.c.i.e.AbstractTransferListenerAdapter - Downloaded https://repo.maven.apache.org/maven2/org/junit/jupiter/junit-jupiter/6.0.1/junit-jupiter-6.0.1.pom
2025-12-13 12:29:40,507 [Worker-8: Import Getting Started Content] INFO  o.e.m.c.i.e.AbstractTransferListenerAdapter - Downloading https://repo.maven.apache.org/maven2/org/junit/jupiter/junit-jupiter-api/6.0.1/junit-jupiter-api-6.0.1.pom
2025-12-13 12:29:40,539 [Worker-8: Import Getting Started Content] INFO  o.e.m.c.i.e.AbstractTransferListenerAdapter - Downloaded https://repo.maven.apache.org/maven2/org/junit/jupiter/junit-jupiter-api/6.0.1/junit-jupiter-api-6.0.1.pom
2025-12-13 12:29:40,609 [Worker-8: Import Getting Started Content] INFO  o.e.m.c.i.e.AbstractTransferListenerAdapter - Downloading https://repo.maven.apache.org/maven2/org/junit/platform/junit-platform-commons/6.0.1/junit-platform-commons-6.0.1.pom
2025-12-13 12:29:40,642 [Worker-8: Import Getting Started Content] INFO  o.e.m.c.i.e.AbstractTransferListenerAdapter - Downloaded https://repo.maven.apache.org/maven2/org/junit/platform/junit-platform-commons/6.0.1/junit-platform-commons-6.0.1.pom
2025-12-13 12:29:40,712 [Worker-8: Import Getting Started Content] INFO  o.e.m.c.i.e.AbstractTransferListenerAdapter - Downloading https://repo.maven.apache.org/maven2/org/junit/jupiter/junit-jupiter-params/6.0.1/junit-jupiter-params-6.0.1.pom
2025-12-13 12:29:40,743 [Worker-8: Import Getting Started Content] INFO  o.e.m.c.i.e.AbstractTransferListenerAdapter - Downloaded https://repo.maven.apache.org/maven2/org/junit/jupiter/junit-jupiter-params/6.0.1/junit-jupiter-params-6.0.1.pom
2025-12-13 12:29:40,785 [Worker-8: Import Getting Started Content] INFO  o.e.m.c.i.e.AbstractTransferListenerAdapter - Downloading https://repo.maven.apache.org/maven2/org/junit/jupiter/junit-jupiter-engine/6.0.1/junit-jupiter-engine-6.0.1.pom
2025-12-13 12:29:40,818 [Worker-8: Import Getting Started Content] INFO  o.e.m.c.i.e.AbstractTransferListenerAdapter - Downloaded https://repo.maven.apache.org/maven2/org/junit/jupiter/junit-jupiter-engine/6.0.1/junit-jupiter-engine-6.0.1.pom
2025-12-13 12:29:40,863 [Worker-8: Import Getting Started Content] INFO  o.e.m.c.i.e.AbstractTransferListenerAdapter - Downloading https://repo.maven.apache.org/maven2/org/junit/platform/junit-platform-engine/6.0.1/junit-platform-engine-6.0.1.pom
2025-12-13 12:29:40,895 [Worker-8: Import Getting Started Content] INFO  o.e.m.c.i.e.AbstractTransferListenerAdapter - Downloaded https://repo.maven.apache.org/maven2/org/junit/platform/junit-platform-engine/6.0.1/junit-platform-engine-6.0.1.pom
2025-12-13 12:29:40,942 [Worker-8: Import Getting Started Content] INFO  o.e.m.c.i.e.AbstractTransferListenerAdapter - Downloading https://repo.maven.apache.org/maven2/org/mockito/mockito-core/5.20.0/mockito-core-5.20.0.pom
2025-12-13 12:29:40,975 [Worker-8: Import Getting Started Content] INFO  o.e.m.c.i.e.AbstractTransferListenerAdapter - Downloaded https://repo.maven.apache.org/maven2/org/mockito/mockito-core/5.20.0/mockito-core-5.20.0.pom
2025-12-13 12:29:41,096 [Worker-8: Import Getting Started Content] INFO  o.e.m.c.i.e.AbstractTransferListenerAdapter - Downloading https://repo.maven.apache.org/maven2/org/mockito/mockito-junit-jupiter/5.20.0/mockito-junit-jupiter-5.20.0.pom
2025-12-13 12:29:41,133 [Worker-8: Import Getting Started Content] INFO  o.e.m.c.i.e.AbstractTransferListenerAdapter - Downloaded https://repo.maven.apache.org/maven2/org/mockito/mockito-junit-jupiter/5.20.0/mockito-junit-jupiter-5.20.0.pom
2025-12-13 12:29:41,297 [Worker-8: Import Getting Started Content] INFO  o.e.m.c.i.e.AbstractTransferListenerAdapter - Downloading https://repo.maven.apache.org/maven2/org/springframework/boot/spring-boot-security-test/4.0.0/spring-boot-security-test-4.0.0.pom
2025-12-13 12:29:41,333 [Worker-8: Import Getting Started Content] INFO  o.e.m.c.i.e.AbstractTransferListenerAdapter - Downloaded https://repo.maven.apache.org/maven2/org/springframework/boot/spring-boot-security-test/4.0.0/spring-boot-security-test-4.0.0.pom
2025-12-13 12:29:41,388 [Worker-8: Import Getting Started Content] INFO  o.e.m.c.i.e.AbstractTransferListenerAdapter - Downloading https://repo.maven.apache.org/maven2/org/springframework/security/spring-security-test/7.0.0/spring-security-test-7.0.0.pom
2025-12-13 12:29:41,423 [Worker-8: Import Getting Started Content] INFO  o.e.m.c.i.e.AbstractTransferListenerAdapter - Downloaded https://repo.maven.apache.org/maven2/org/springframework/security/spring-security-test/7.0.0/spring-security-test-7.0.0.pom
2025-12-13 12:29:41,468 [Worker-8: Import Getting Started Content] INFO  o.e.m.c.i.e.AbstractTransferListenerAdapter - Downloading https://repo.maven.apache.org/maven2/org/springframework/boot/spring-boot-starter-webmvc-test/4.0.0/spring-boot-starter-webmvc-test-4.0.0.pom
2025-12-13 12:29:41,502 [Worker-8: Import Getting Started Content] INFO  o.e.m.c.i.e.AbstractTransferListenerAdapter - Downloaded https://repo.maven.apache.org/maven2/org/springframework/boot/spring-boot-starter-webmvc-test/4.0.0/spring-boot-starter-webmvc-test-4.0.0.pom
2025-12-13 12:29:41,543 [Worker-8: Import Getting Started Content] INFO  o.e.m.c.i.e.AbstractTransferListenerAdapter - Downloading https://repo.maven.apache.org/maven2/org/springframework/boot/spring-boot-starter-jackson-test/4.0.0/spring-boot-starter-jackson-test-4.0.0.pom
2025-12-13 12:29:41,575 [Worker-8: Import Getting Started Content] INFO  o.e.m.c.i.e.AbstractTransferListenerAdapter - Downloaded https://repo.maven.apache.org/maven2/org/springframework/boot/spring-boot-starter-jackson-test/4.0.0/spring-boot-starter-jackson-test-4.0.0.pom
2025-12-13 12:29:41,620 [Worker-8: Import Getting Started Content] INFO  o.e.m.c.i.e.AbstractTransferListenerAdapter - Downloading https://repo.maven.apache.org/maven2/org/springframework/boot/spring-boot-webmvc-test/4.0.0/spring-boot-webmvc-test-4.0.0.pom
2025-12-13 12:29:41,657 [Worker-8: Import Getting Started Content] INFO  o.e.m.c.i.e.AbstractTransferListenerAdapter - Downloaded https://repo.maven.apache.org/maven2/org/springframework/boot/spring-boot-webmvc-test/4.0.0/spring-boot-webmvc-test-4.0.0.pom
2025-12-13 12:29:41,703 [Worker-8: Import Getting Started Content] INFO  o.e.m.c.i.e.AbstractTransferListenerAdapter - Downloading https://repo.maven.apache.org/maven2/org/springframework/boot/spring-boot-resttestclient/4.0.0/spring-boot-resttestclient-4.0.0.pom
2025-12-13 12:29:41,734 [Worker-8: Import Getting Started Content] INFO  o.e.m.c.i.e.AbstractTransferListenerAdapter - Downloaded https://repo.maven.apache.org/maven2/org/springframework/boot/spring-boot-resttestclient/4.0.0/spring-boot-resttestclient-4.0.0.pom
2025-12-13 12:29:41,775 [Worker-8: Import Getting Started Content] INFO  o.e.m.c.i.e.AbstractTransferListenerAdapter - Downloading https://repo.maven.apache.org/maven2/org/springframework/boot/spring-boot-restclient/4.0.0/spring-boot-restclient-4.0.0.pom
2025-12-13 12:29:41,810 [Worker-8: Import Getting Started Content] INFO  o.e.m.c.i.e.AbstractTransferListenerAdapter - Downloaded https://repo.maven.apache.org/maven2/org/springframework/boot/spring-boot-restclient/4.0.0/spring-boot-restclient-4.0.0.pom
2025-12-13 12:29:41,867 [Worker-8: Import Getting Started Content] INFO  o.e.m.c.i.e.AbstractTransferListenerAdapter - Downloading https://repo.maven.apache.org/maven2/org/springframework/boot/spring-boot-http-client/4.0.0/spring-boot-http-client-4.0.0.pom
2025-12-13 12:29:41,901 [Worker-8: Import Getting Started Content] INFO  o.e.m.c.i.e.AbstractTransferListenerAdapter - Downloaded https://repo.maven.apache.org/maven2/org/springframework/boot/spring-boot-http-client/4.0.0/spring-boot-http-client-4.0.0.pom
2025-12-13 12:29:41,996 [Worker-8: Import Getting Started Content] INFO  o.e.m.c.i.e.AbstractTransferListenerAdapter - Downloading https://repo.maven.apache.org/maven2/org/springframework/boot/spring-boot-starter-security/4.0.0/spring-boot-starter-security-4.0.0.jar
2025-12-13 12:29:42,067 [Worker-8: Import Getting Started Content] INFO  o.e.m.c.i.e.AbstractTransferListenerAdapter - Downloaded https://repo.maven.apache.org/maven2/org/springframework/boot/spring-boot-starter-security/4.0.0/spring-boot-starter-security-4.0.0.jar
2025-12-13 12:29:42,109 [BasicRepositoryConnector-repo.maven.apache.org-0-1] INFO  o.e.m.c.i.e.AbstractTransferListenerAdapter - Downloading https://repo.maven.apache.org/maven2/org/springframework/boot/spring-boot-starter-logging/4.0.0/spring-boot-starter-logging-4.0.0.jar
2025-12-13 12:29:42,145 [BasicRepositoryConnector-repo.maven.apache.org-0-4] INFO  o.e.m.c.i.e.AbstractTransferListenerAdapter - Downloading https://repo.maven.apache.org/maven2/org/apache/logging/log4j/log4j-to-slf4j/2.25.2/log4j-to-slf4j-2.25.2.jar
2025-12-13 12:29:42,197 [BasicRepositoryConnector-repo.maven.apache.org-0-1] INFO  o.e.m.c.i.e.AbstractTransferListenerAdapter - Downloaded https://repo.maven.apache.org/maven2/org/springframework/boot/spring-boot-starter-logging/4.0.0/spring-boot-starter-logging-4.0.0.jar
2025-12-13 12:29:42,202 [BasicRepositoryConnector-repo.maven.apache.org-0-2] INFO  o.e.m.c.i.e.AbstractTransferListenerAdapter - Downloading https://repo.maven.apache.org/maven2/ch/qos/logback/logback-classic/1.5.21/logback-classic-1.5.21.jar
2025-12-13 12:29:42,209 [BasicRepositoryConnector-repo.maven.apache.org-0-0] INFO  o.e.m.c.i.e.AbstractTransferListenerAdapter - Downloading https://repo.maven.apache.org/maven2/org/springframework/boot/spring-boot-starter/4.0.0/spring-boot-starter-4.0.0.jar
2025-12-13 12:29:42,209 [BasicRepositoryConnector-repo.maven.apache.org-0-3] INFO  o.e.m.c.i.e.AbstractTransferListenerAdapter - Downloading https://repo.maven.apache.org/maven2/ch/qos/logback/logback-core/1.5.21/logback-core-1.5.21.jar
2025-12-13 12:29:42,239 [BasicRepositoryConnector-repo.maven.apache.org-0-1] INFO  o.e.m.c.i.e.AbstractTransferListenerAdapter - Downloading https://repo.maven.apache.org/maven2/org/apache/logging/log4j/log4j-api/2.25.2/log4j-api-2.25.2.jar
2025-12-13 12:29:42,313 [BasicRepositoryConnector-repo.maven.apache.org-0-2] INFO  o.e.m.c.i.e.AbstractTransferListenerAdapter - Downloaded https://repo.maven.apache.org/maven2/ch/qos/logback/logback-classic/1.5.21/logback-classic-1.5.21.jar
2025-12-13 12:29:42,366 [BasicRepositoryConnector-repo.maven.apache.org-0-2] INFO  o.e.m.c.i.e.AbstractTransferListenerAdapter - Downloading https://repo.maven.apache.org/maven2/org/springframework/boot/spring-boot-autoconfigure/4.0.0/spring-boot-autoconfigure-4.0.0.jar
2025-12-13 12:29:42,370 [BasicRepositoryConnector-repo.maven.apache.org-0-3] INFO  o.e.m.c.i.e.AbstractTransferListenerAdapter - Downloaded https://repo.maven.apache.org/maven2/ch/qos/logback/logback-core/1.5.21/logback-core-1.5.21.jar
2025-12-13 12:29:42,383 [BasicRepositoryConnector-repo.maven.apache.org-0-0] INFO  o.e.m.c.i.e.AbstractTransferListenerAdapter - Downloaded https://repo.maven.apache.org/maven2/org/springframework/boot/spring-boot-starter/4.0.0/spring-boot-starter-4.0.0.jar
2025-12-13 12:29:42,387 [BasicRepositoryConnector-repo.maven.apache.org-0-1] INFO  o.e.m.c.i.e.AbstractTransferListenerAdapter - Downloaded https://repo.maven.apache.org/maven2/org/apache/logging/log4j/log4j-api/2.25.2/log4j-api-2.25.2.jar
2025-12-13 12:29:42,401 [BasicRepositoryConnector-repo.maven.apache.org-0-3] INFO  o.e.m.c.i.e.AbstractTransferListenerAdapter - Downloading https://repo.maven.apache.org/maven2/jakarta/annotation/jakarta.annotation-api/3.0.0/jakarta.annotation-api-3.0.0.jar
2025-12-13 12:29:42,440 [BasicRepositoryConnector-repo.maven.apache.org-0-0] INFO  o.e.m.c.i.e.AbstractTransferListenerAdapter - Downloading https://repo.maven.apache.org/maven2/org/yaml/snakeyaml/2.5/snakeyaml-2.5.jar
2025-12-13 12:29:42,441 [BasicRepositoryConnector-repo.maven.apache.org-0-1] INFO  o.e.m.c.i.e.AbstractTransferListenerAdapter - Downloading https://repo.maven.apache.org/maven2/org/springframework/boot/spring-boot-security/4.0.0/spring-boot-security-4.0.0.jar
2025-12-13 12:29:42,449 [BasicRepositoryConnector-repo.maven.apache.org-0-2] INFO  o.e.m.c.i.e.AbstractTransferListenerAdapter - Downloaded https://repo.maven.apache.org/maven2/org/springframework/boot/spring-boot-autoconfigure/4.0.0/spring-boot-autoconfigure-4.0.0.jar
2025-12-13 12:29:42,504 [BasicRepositoryConnector-repo.maven.apache.org-0-1] INFO  o.e.m.c.i.e.AbstractTransferListenerAdapter - Downloaded https://repo.maven.apache.org/maven2/org/springframework/boot/spring-boot-security/4.0.0/spring-boot-security-4.0.0.jar
2025-12-13 12:29:42,507 [BasicRepositoryConnector-repo.maven.apache.org-0-2] INFO  o.e.m.c.i.e.AbstractTransferListenerAdapter - Downloading https://repo.maven.apache.org/maven2/org/springframework/boot/spring-boot/4.0.0/spring-boot-4.0.0.jar
2025-12-13 12:29:42,522 [BasicRepositoryConnector-repo.maven.apache.org-0-0] INFO  o.e.m.c.i.e.AbstractTransferListenerAdapter - Downloaded https://repo.maven.apache.org/maven2/org/yaml/snakeyaml/2.5/snakeyaml-2.5.jar
2025-12-13 12:29:42,556 [BasicRepositoryConnector-repo.maven.apache.org-0-1] INFO  o.e.m.c.i.e.AbstractTransferListenerAdapter - Downloading https://repo.maven.apache.org/maven2/org/springframework/spring-context/7.0.1/spring-context-7.0.1.jar
2025-12-13 12:29:42,574 [BasicRepositoryConnector-repo.maven.apache.org-0-0] INFO  o.e.m.c.i.e.AbstractTransferListenerAdapter - Downloading https://repo.maven.apache.org/maven2/org/springframework/security/spring-security-config/7.0.0/spring-security-config-7.0.0.jar
2025-12-13 12:29:42,628 [BasicRepositoryConnector-repo.maven.apache.org-0-2] INFO  o.e.m.c.i.e.AbstractTransferListenerAdapter - Downloaded https://repo.maven.apache.org/maven2/org/springframework/boot/spring-boot/4.0.0/spring-boot-4.0.0.jar
2025-12-13 12:29:42,689 [BasicRepositoryConnector-repo.maven.apache.org-0-1] INFO  o.e.m.c.i.e.AbstractTransferListenerAdapter - Downloaded https://repo.maven.apache.org/maven2/org/springframework/spring-context/7.0.1/spring-context-7.0.1.jar
2025-12-13 12:29:42,694 [BasicRepositoryConnector-repo.maven.apache.org-0-2] INFO  o.e.m.c.i.e.AbstractTransferListenerAdapter - Downloading https://repo.maven.apache.org/maven2/org/springframework/security/spring-security-core/7.0.0/spring-security-core-7.0.0.jar
2025-12-13 12:29:42,734 [BasicRepositoryConnector-repo.maven.apache.org-0-4] INFO  o.e.m.c.i.e.AbstractTransferListenerAdapter - Downloaded https://repo.maven.apache.org/maven2/org/apache/logging/log4j/log4j-to-slf4j/2.25.2/log4j-to-slf4j-2.25.2.jar
2025-12-13 12:29:42,737 [BasicRepositoryConnector-repo.maven.apache.org-0-0] INFO  o.e.m.c.i.e.AbstractTransferListenerAdapter - Downloaded https://repo.maven.apache.org/maven2/org/springframework/security/spring-security-config/7.0.0/spring-security-config-7.0.0.jar
2025-12-13 12:29:42,746 [BasicRepositoryConnector-repo.maven.apache.org-0-1] INFO  o.e.m.c.i.e.AbstractTransferListenerAdapter - Downloading https://repo.maven.apache.org/maven2/org/springframework/security/spring-security-crypto/7.0.0/spring-security-crypto-7.0.0.jar
2025-12-13 12:29:42,771 [BasicRepositoryConnector-repo.maven.apache.org-0-2] INFO  o.e.m.c.i.e.AbstractTransferListenerAdapter - Downloaded https://repo.maven.apache.org/maven2/org/springframework/security/spring-security-core/7.0.0/spring-security-core-7.0.0.jar
2025-12-13 12:29:42,789 [BasicRepositoryConnector-repo.maven.apache.org-0-4] INFO  o.e.m.c.i.e.AbstractTransferListenerAdapter - Downloading https://repo.maven.apache.org/maven2/org/springframework/security/spring-security-web/7.0.0/spring-security-web-7.0.0.jar
2025-12-13 12:29:42,793 [BasicRepositoryConnector-repo.maven.apache.org-0-0] INFO  o.e.m.c.i.e.AbstractTransferListenerAdapter - Downloading https://repo.maven.apache.org/maven2/org/springframework/spring-expression/7.0.1/spring-expression-7.0.1.jar
2025-12-13 12:29:42,805 [BasicRepositoryConnector-repo.maven.apache.org-0-1] INFO  o.e.m.c.i.e.AbstractTransferListenerAdapter - Downloaded https://repo.maven.apache.org/maven2/org/springframework/security/spring-security-crypto/7.0.0/spring-security-crypto-7.0.0.jar
2025-12-13 12:29:42,819 [BasicRepositoryConnector-repo.maven.apache.org-0-2] INFO  o.e.m.c.i.e.AbstractTransferListenerAdapter - Downloading https://repo.maven.apache.org/maven2/org/springframework/spring-aop/7.0.1/spring-aop-7.0.1.jar
2025-12-13 12:29:42,853 [BasicRepositoryConnector-repo.maven.apache.org-0-1] INFO  o.e.m.c.i.e.AbstractTransferListenerAdapter - Downloading https://repo.maven.apache.org/maven2/org/springframework/spring-beans/7.0.1/spring-beans-7.0.1.jar
2025-12-13 12:29:42,883 [BasicRepositoryConnector-repo.maven.apache.org-0-0] INFO  o.e.m.c.i.e.AbstractTransferListenerAdapter - Downloaded https://repo.maven.apache.org/maven2/org/springframework/spring-expression/7.0.1/spring-expression-7.0.1.jar
2025-12-13 12:29:42,890 [BasicRepositoryConnector-repo.maven.apache.org-0-4] INFO  o.e.m.c.i.e.AbstractTransferListenerAdapter - Downloaded https://repo.maven.apache.org/maven2/org/springframework/security/spring-security-web/7.0.0/spring-security-web-7.0.0.jar
2025-12-13 12:29:42,911 [BasicRepositoryConnector-repo.maven.apache.org-0-2] INFO  o.e.m.c.i.e.AbstractTransferListenerAdapter - Downloaded https://repo.maven.apache.org/maven2/org/springframework/spring-aop/7.0.1/spring-aop-7.0.1.jar
2025-12-13 12:29:42,918 [BasicRepositoryConnector-repo.maven.apache.org-0-0] INFO  o.e.m.c.i.e.AbstractTransferListenerAdapter - Downloading https://repo.maven.apache.org/maven2/org/springframework/spring-core/7.0.1/spring-core-7.0.1.jar
2025-12-13 12:29:42,936 [BasicRepositoryConnector-repo.maven.apache.org-0-1] INFO  o.e.m.c.i.e.AbstractTransferListenerAdapter - Downloaded https://repo.maven.apache.org/maven2/org/springframework/spring-beans/7.0.1/spring-beans-7.0.1.jar
2025-12-13 12:29:42,937 [BasicRepositoryConnector-repo.maven.apache.org-0-4] INFO  o.e.m.c.i.e.AbstractTransferListenerAdapter - Downloading https://repo.maven.apache.org/maven2/commons-logging/commons-logging/1.3.5/commons-logging-1.3.5.jar
2025-12-13 12:29:42,957 [BasicRepositoryConnector-repo.maven.apache.org-0-2] INFO  o.e.m.c.i.e.AbstractTransferListenerAdapter - Downloading https://repo.maven.apache.org/maven2/org/springframework/boot/spring-boot-starter-webmvc/4.0.0/spring-boot-starter-webmvc-4.0.0.jar
2025-12-13 12:29:42,968 [BasicRepositoryConnector-repo.maven.apache.org-0-1] INFO  o.e.m.c.i.e.AbstractTransferListenerAdapter - Downloading https://repo.maven.apache.org/maven2/org/springframework/boot/spring-boot-starter-jackson/4.0.0/spring-boot-starter-jackson-4.0.0.jar
2025-12-13 12:29:43,005 [BasicRepositoryConnector-repo.maven.apache.org-0-4] INFO  o.e.m.c.i.e.AbstractTransferListenerAdapter - Downloaded https://repo.maven.apache.org/maven2/commons-logging/commons-logging/1.3.5/commons-logging-1.3.5.jar
2025-12-13 12:29:43,037 [BasicRepositoryConnector-repo.maven.apache.org-0-0] INFO  o.e.m.c.i.e.AbstractTransferListenerAdapter - Downloaded https://repo.maven.apache.org/maven2/org/springframework/spring-core/7.0.1/spring-core-7.0.1.jar
2025-12-13 12:29:43,049 [BasicRepositoryConnector-repo.maven.apache.org-0-2] INFO  o.e.m.c.i.e.AbstractTransferListenerAdapter - Downloaded https://repo.maven.apache.org/maven2/org/springframework/boot/spring-boot-starter-webmvc/4.0.0/spring-boot-starter-webmvc-4.0.0.jar
2025-12-13 12:29:43,060 [BasicRepositoryConnector-repo.maven.apache.org-0-4] INFO  o.e.m.c.i.e.AbstractTransferListenerAdapter - Downloading https://repo.maven.apache.org/maven2/org/springframework/boot/spring-boot-jackson/4.0.0/spring-boot-jackson-4.0.0.jar
2025-12-13 12:29:43,072 [BasicRepositoryConnector-repo.maven.apache.org-0-0] INFO  o.e.m.c.i.e.AbstractTransferListenerAdapter - Downloading https://repo.maven.apache.org/maven2/tools/jackson/core/jackson-databind/3.0.2/jackson-databind-3.0.2.jar
2025-12-13 12:29:43,094 [BasicRepositoryConnector-repo.maven.apache.org-0-1] INFO  o.e.m.c.i.e.AbstractTransferListenerAdapter - Downloaded https://repo.maven.apache.org/maven2/org/springframework/boot/spring-boot-starter-jackson/4.0.0/spring-boot-starter-jackson-4.0.0.jar
2025-12-13 12:29:43,106 [BasicRepositoryConnector-repo.maven.apache.org-0-2] INFO  o.e.m.c.i.e.AbstractTransferListenerAdapter - Downloading https://repo.maven.apache.org/maven2/com/fasterxml/jackson/core/jackson-annotations/2.20/jackson-annotations-2.20.jar
2025-12-13 12:29:43,122 [BasicRepositoryConnector-repo.maven.apache.org-0-4] INFO  o.e.m.c.i.e.AbstractTransferListenerAdapter - Downloaded https://repo.maven.apache.org/maven2/org/springframework/boot/spring-boot-jackson/4.0.0/spring-boot-jackson-4.0.0.jar
2025-12-13 12:29:43,131 [BasicRepositoryConnector-repo.maven.apache.org-0-1] INFO  o.e.m.c.i.e.AbstractTransferListenerAdapter - Downloading https://repo.maven.apache.org/maven2/tools/jackson/core/jackson-core/3.0.2/jackson-core-3.0.2.jar
2025-12-13 12:29:43,157 [BasicRepositoryConnector-repo.maven.apache.org-0-2] INFO  o.e.m.c.i.e.AbstractTransferListenerAdapter - Downloaded https://repo.maven.apache.org/maven2/com/fasterxml/jackson/core/jackson-annotations/2.20/jackson-annotations-2.20.jar
2025-12-13 12:29:43,164 [BasicRepositoryConnector-repo.maven.apache.org-0-4] INFO  o.e.m.c.i.e.AbstractTransferListenerAdapter - Downloading https://repo.maven.apache.org/maven2/org/springframework/boot/spring-boot-starter-tomcat/4.0.0/spring-boot-starter-tomcat-4.0.0.jar
2025-12-13 12:29:43,175 [BasicRepositoryConnector-repo.maven.apache.org-0-0] INFO  o.e.m.c.i.e.AbstractTransferListenerAdapter - Downloaded https://repo.maven.apache.org/maven2/tools/jackson/core/jackson-databind/3.0.2/jackson-databind-3.0.2.jar
2025-12-13 12:29:43,192 [BasicRepositoryConnector-repo.maven.apache.org-0-3] INFO  o.e.m.c.i.e.AbstractTransferListenerAdapter - Downloaded https://repo.maven.apache.org/maven2/jakarta/annotation/jakarta.annotation-api/3.0.0/jakarta.annotation-api-3.0.0.jar
2025-12-13 12:29:43,202 [BasicRepositoryConnector-repo.maven.apache.org-0-2] INFO  o.e.m.c.i.e.AbstractTransferListenerAdapter - Downloading https://repo.maven.apache.org/maven2/org/springframework/boot/spring-boot-starter-tomcat-runtime/4.0.0/spring-boot-starter-tomcat-runtime-4.0.0.jar
2025-12-13 12:29:43,220 [BasicRepositoryConnector-repo.maven.apache.org-0-0] INFO  o.e.m.c.i.e.AbstractTransferListenerAdapter - Downloading https://repo.maven.apache.org/maven2/org/apache/tomcat/embed/tomcat-embed-core/11.0.14/tomcat-embed-core-11.0.14.jar
2025-12-13 12:29:43,234 [BasicRepositoryConnector-repo.maven.apache.org-0-3] INFO  o.e.m.c.i.e.AbstractTransferListenerAdapter - Downloading https://repo.maven.apache.org/maven2/org/apache/tomcat/embed/tomcat-embed-el/11.0.14/tomcat-embed-el-11.0.14.jar
2025-12-13 12:29:43,250 [BasicRepositoryConnector-repo.maven.apache.org-0-1] INFO  o.e.m.c.i.e.AbstractTransferListenerAdapter - Downloaded https://repo.maven.apache.org/maven2/tools/jackson/core/jackson-core/3.0.2/jackson-core-3.0.2.jar
2025-12-13 12:29:43,254 [BasicRepositoryConnector-repo.maven.apache.org-0-4] INFO  o.e.m.c.i.e.AbstractTransferListenerAdapter - Downloaded https://repo.maven.apache.org/maven2/org/springframework/boot/spring-boot-starter-tomcat/4.0.0/spring-boot-starter-tomcat-4.0.0.jar
2025-12-13 12:29:43,289 [BasicRepositoryConnector-repo.maven.apache.org-0-1] INFO  o.e.m.c.i.e.AbstractTransferListenerAdapter - Downloading https://repo.maven.apache.org/maven2/org/apache/tomcat/embed/tomcat-embed-websocket/11.0.14/tomcat-embed-websocket-11.0.14.jar
2025-12-13 12:29:43,311 [BasicRepositoryConnector-repo.maven.apache.org-0-4] INFO  o.e.m.c.i.e.AbstractTransferListenerAdapter - Downloading https://repo.maven.apache.org/maven2/org/springframework/boot/spring-boot-tomcat/4.0.0/spring-boot-tomcat-4.0.0.jar
2025-12-13 12:29:43,312 [BasicRepositoryConnector-repo.maven.apache.org-0-2] INFO  o.e.m.c.i.e.AbstractTransferListenerAdapter - Downloaded https://repo.maven.apache.org/maven2/org/springframework/boot/spring-boot-starter-tomcat-runtime/4.0.0/spring-boot-starter-tomcat-runtime-4.0.0.jar
2025-12-13 12:29:43,316 [BasicRepositoryConnector-repo.maven.apache.org-0-3] INFO  o.e.m.c.i.e.AbstractTransferListenerAdapter - Downloaded https://repo.maven.apache.org/maven2/org/apache/tomcat/embed/tomcat-embed-el/11.0.14/tomcat-embed-el-11.0.14.jar
2025-12-13 12:29:43,368 [BasicRepositoryConnector-repo.maven.apache.org-0-3] INFO  o.e.m.c.i.e.AbstractTransferListenerAdapter - Downloading https://repo.maven.apache.org/maven2/org/springframework/spring-web/7.0.1/spring-web-7.0.1.jar
2025-12-13 12:29:43,368 [BasicRepositoryConnector-repo.maven.apache.org-0-2] INFO  o.e.m.c.i.e.AbstractTransferListenerAdapter - Downloading https://repo.maven.apache.org/maven2/org/springframework/boot/spring-boot-http-converter/4.0.0/spring-boot-http-converter-4.0.0.jar
2025-12-13 12:29:43,378 [BasicRepositoryConnector-repo.maven.apache.org-0-0] INFO  o.e.m.c.i.e.AbstractTransferListenerAdapter - Downloaded https://repo.maven.apache.org/maven2/org/apache/tomcat/embed/tomcat-embed-core/11.0.14/tomcat-embed-core-11.0.14.jar
2025-12-13 12:29:43,392 [BasicRepositoryConnector-repo.maven.apache.org-0-4] INFO  o.e.m.c.i.e.AbstractTransferListenerAdapter - Downloaded https://repo.maven.apache.org/maven2/org/springframework/boot/spring-boot-tomcat/4.0.0/spring-boot-tomcat-4.0.0.jar
2025-12-13 12:29:43,402 [BasicRepositoryConnector-repo.maven.apache.org-0-1] INFO  o.e.m.c.i.e.AbstractTransferListenerAdapter - Downloaded https://repo.maven.apache.org/maven2/org/apache/tomcat/embed/tomcat-embed-websocket/11.0.14/tomcat-embed-websocket-11.0.14.jar
2025-12-13 12:29:43,425 [BasicRepositoryConnector-repo.maven.apache.org-0-0] INFO  o.e.m.c.i.e.AbstractTransferListenerAdapter - Downloading https://repo.maven.apache.org/maven2/io/micrometer/micrometer-observation/1.16.0/micrometer-observation-1.16.0.jar
2025-12-13 12:29:43,441 [BasicRepositoryConnector-repo.maven.apache.org-0-4] INFO  o.e.m.c.i.e.AbstractTransferListenerAdapter - Downloading https://repo.maven.apache.org/maven2/io/micrometer/micrometer-commons/1.16.0/micrometer-commons-1.16.0.jar
2025-12-13 12:29:43,456 [BasicRepositoryConnector-repo.maven.apache.org-0-1] INFO  o.e.m.c.i.e.AbstractTransferListenerAdapter - Downloading https://repo.maven.apache.org/maven2/org/springframework/boot/spring-boot-webmvc/4.0.0/spring-boot-webmvc-4.0.0.jar
2025-12-13 12:29:43,527 [BasicRepositoryConnector-repo.maven.apache.org-0-0] INFO  o.e.m.c.i.e.AbstractTransferListenerAdapter - Downloaded https://repo.maven.apache.org/maven2/io/micrometer/micrometer-observation/1.16.0/micrometer-observation-1.16.0.jar
2025-12-13 12:29:43,530 [BasicRepositoryConnector-repo.maven.apache.org-0-4] INFO  o.e.m.c.i.e.AbstractTransferListenerAdapter - Downloaded https://repo.maven.apache.org/maven2/io/micrometer/micrometer-commons/1.16.0/micrometer-commons-1.16.0.jar
2025-12-13 12:29:43,531 [BasicRepositoryConnector-repo.maven.apache.org-0-3] INFO  o.e.m.c.i.e.AbstractTransferListenerAdapter - Downloaded https://repo.maven.apache.org/maven2/org/springframework/spring-web/7.0.1/spring-web-7.0.1.jar
2025-12-13 12:29:43,544 [BasicRepositoryConnector-repo.maven.apache.org-0-1] INFO  o.e.m.c.i.e.AbstractTransferListenerAdapter - Downloaded https://repo.maven.apache.org/maven2/org/springframework/boot/spring-boot-webmvc/4.0.0/spring-boot-webmvc-4.0.0.jar
2025-12-13 12:29:43,562 [BasicRepositoryConnector-repo.maven.apache.org-0-4] INFO  o.e.m.c.i.e.AbstractTransferListenerAdapter - Downloading https://repo.maven.apache.org/maven2/org/springframework/spring-webmvc/7.0.1/spring-webmvc-7.0.1.jar
2025-12-13 12:29:43,562 [BasicRepositoryConnector-repo.maven.apache.org-0-3] INFO  o.e.m.c.i.e.AbstractTransferListenerAdapter - Downloading https://repo.maven.apache.org/maven2/org/springframework/boot/spring-boot-starter-security-test/4.0.0/spring-boot-starter-security-test-4.0.0.jar
2025-12-13 12:29:43,583 [BasicRepositoryConnector-repo.maven.apache.org-0-1] INFO  o.e.m.c.i.e.AbstractTransferListenerAdapter - Downloading https://repo.maven.apache.org/maven2/org/springframework/boot/spring-boot-starter-test/4.0.0/spring-boot-starter-test-4.0.0.jar
2025-12-13 12:29:43,658 [BasicRepositoryConnector-repo.maven.apache.org-0-3] INFO  o.e.m.c.i.e.AbstractTransferListenerAdapter - Downloaded https://repo.maven.apache.org/maven2/org/springframework/boot/spring-boot-starter-security-test/4.0.0/spring-boot-starter-security-test-4.0.0.jar
2025-12-13 12:29:43,672 [BasicRepositoryConnector-repo.maven.apache.org-0-4] INFO  o.e.m.c.i.e.AbstractTransferListenerAdapter - Downloaded https://repo.maven.apache.org/maven2/org/springframework/spring-webmvc/7.0.1/spring-webmvc-7.0.1.jar
2025-12-13 12:29:43,678 [BasicRepositoryConnector-repo.maven.apache.org-0-1] INFO  o.e.m.c.i.e.AbstractTransferListenerAdapter - Downloaded https://repo.maven.apache.org/maven2/org/springframework/boot/spring-boot-starter-test/4.0.0/spring-boot-starter-test-4.0.0.jar
2025-12-13 12:29:43,681 [BasicRepositoryConnector-repo.maven.apache.org-0-0] INFO  o.e.m.c.i.e.AbstractTransferListenerAdapter - Downloading https://repo.maven.apache.org/maven2/org/springframework/boot/spring-boot-servlet/4.0.0/spring-boot-servlet-4.0.0.jar
2025-12-13 12:29:43,693 [BasicRepositoryConnector-repo.maven.apache.org-0-3] INFO  o.e.m.c.i.e.AbstractTransferListenerAdapter - Downloading https://repo.maven.apache.org/maven2/org/springframework/boot/spring-boot-test/4.0.0/spring-boot-test-4.0.0.jar
2025-12-13 12:29:43,716 [BasicRepositoryConnector-repo.maven.apache.org-0-1] INFO  o.e.m.c.i.e.AbstractTransferListenerAdapter - Downloading https://repo.maven.apache.org/maven2/net/minidev/json-smart/2.6.0/json-smart-2.6.0.jar
2025-12-13 12:29:43,734 [BasicRepositoryConnector-repo.maven.apache.org-0-4] INFO  o.e.m.c.i.e.AbstractTransferListenerAdapter - Downloading https://repo.maven.apache.org/maven2/org/springframework/boot/spring-boot-test-autoconfigure/4.0.0/spring-boot-test-autoconfigure-4.0.0.jar
2025-12-13 12:29:43,767 [BasicRepositoryConnector-repo.maven.apache.org-0-3] INFO  o.e.m.c.i.e.AbstractTransferListenerAdapter - Downloaded https://repo.maven.apache.org/maven2/org/springframework/boot/spring-boot-test/4.0.0/spring-boot-test-4.0.0.jar
2025-12-13 12:29:43,788 [BasicRepositoryConnector-repo.maven.apache.org-0-1] INFO  o.e.m.c.i.e.AbstractTransferListenerAdapter - Downloaded https://repo.maven.apache.org/maven2/net/minidev/json-smart/2.6.0/json-smart-2.6.0.jar
2025-12-13 12:29:43,814 [BasicRepositoryConnector-repo.maven.apache.org-0-3] INFO  o.e.m.c.i.e.AbstractTransferListenerAdapter - Downloading https://repo.maven.apache.org/maven2/net/minidev/accessors-smart/2.6.0/accessors-smart-2.6.0.jar
2025-12-13 12:29:43,830 [BasicRepositoryConnector-repo.maven.apache.org-0-1] INFO  o.e.m.c.i.e.AbstractTransferListenerAdapter - Downloading https://repo.maven.apache.org/maven2/org/junit/jupiter/junit-jupiter/6.0.1/junit-jupiter-6.0.1.jar
2025-12-13 12:29:43,964 [BasicRepositoryConnector-repo.maven.apache.org-0-1] INFO  o.e.m.c.i.e.AbstractTransferListenerAdapter - Downloaded https://repo.maven.apache.org/maven2/org/junit/jupiter/junit-jupiter/6.0.1/junit-jupiter-6.0.1.jar
2025-12-13 12:29:44,006 [BasicRepositoryConnector-repo.maven.apache.org-0-1] INFO  o.e.m.c.i.e.AbstractTransferListenerAdapter - Downloading https://repo.maven.apache.org/maven2/org/junit/jupiter/junit-jupiter-api/6.0.1/junit-jupiter-api-6.0.1.jar
2025-12-13 12:29:44,079 [BasicRepositoryConnector-repo.maven.apache.org-0-1] INFO  o.e.m.c.i.e.AbstractTransferListenerAdapter - Downloaded https://repo.maven.apache.org/maven2/org/junit/jupiter/junit-jupiter-api/6.0.1/junit-jupiter-api-6.0.1.jar
2025-12-13 12:29:44,122 [BasicRepositoryConnector-repo.maven.apache.org-0-1] INFO  o.e.m.c.i.e.AbstractTransferListenerAdapter - Downloading https://repo.maven.apache.org/maven2/org/junit/platform/junit-platform-commons/6.0.1/junit-platform-commons-6.0.1.jar
2025-12-13 12:29:44,194 [BasicRepositoryConnector-repo.maven.apache.org-0-1] INFO  o.e.m.c.i.e.AbstractTransferListenerAdapter - Downloaded https://repo.maven.apache.org/maven2/org/junit/platform/junit-platform-commons/6.0.1/junit-platform-commons-6.0.1.jar
2025-12-13 12:29:44,240 [BasicRepositoryConnector-repo.maven.apache.org-0-1] INFO  o.e.m.c.i.e.AbstractTransferListenerAdapter - Downloading https://repo.maven.apache.org/maven2/org/junit/jupiter/junit-jupiter-params/6.0.1/junit-jupiter-params-6.0.1.jar
2025-12-13 12:29:44,332 [BasicRepositoryConnector-repo.maven.apache.org-0-1] INFO  o.e.m.c.i.e.AbstractTransferListenerAdapter - Downloaded https://repo.maven.apache.org/maven2/org/junit/jupiter/junit-jupiter-params/6.0.1/junit-jupiter-params-6.0.1.jar
2025-12-13 12:29:44,375 [BasicRepositoryConnector-repo.maven.apache.org-0-1] INFO  o.e.m.c.i.e.AbstractTransferListenerAdapter - Downloading https://repo.maven.apache.org/maven2/org/junit/jupiter/junit-jupiter-engine/6.0.1/junit-jupiter-engine-6.0.1.jar
2025-12-13 12:29:44,518 [BasicRepositoryConnector-repo.maven.apache.org-0-1] INFO  o.e.m.c.i.e.AbstractTransferListenerAdapter - Downloaded https://repo.maven.apache.org/maven2/org/junit/jupiter/junit-jupiter-engine/6.0.1/junit-jupiter-engine-6.0.1.jar
2025-12-13 12:29:44,581 [BasicRepositoryConnector-repo.maven.apache.org-0-1] INFO  o.e.m.c.i.e.AbstractTransferListenerAdapter - Downloading https://repo.maven.apache.org/maven2/org/junit/platform/junit-platform-engine/6.0.1/junit-platform-engine-6.0.1.jar
2025-12-13 12:29:44,631 [BasicRepositoryConnector-repo.maven.apache.org-0-4] INFO  o.e.m.c.i.e.AbstractTransferListenerAdapter - Downloaded https://repo.maven.apache.org/maven2/org/springframework/boot/spring-boot-test-autoconfigure/4.0.0/spring-boot-test-autoconfigure-4.0.0.jar
2025-12-13 12:29:44,644 [BasicRepositoryConnector-repo.maven.apache.org-0-3] INFO  o.e.m.c.i.e.AbstractTransferListenerAdapter - Downloaded https://repo.maven.apache.org/maven2/net/minidev/accessors-smart/2.6.0/accessors-smart-2.6.0.jar
2025-12-13 12:29:44,681 [BasicRepositoryConnector-repo.maven.apache.org-0-1] INFO  o.e.m.c.i.e.AbstractTransferListenerAdapter - Downloaded https://repo.maven.apache.org/maven2/org/junit/platform/junit-platform-engine/6.0.1/junit-platform-engine-6.0.1.jar
2025-12-13 12:29:44,687 [BasicRepositoryConnector-repo.maven.apache.org-0-4] INFO  o.e.m.c.i.e.AbstractTransferListenerAdapter - Downloading https://repo.maven.apache.org/maven2/org/mockito/mockito-core/5.20.0/mockito-core-5.20.0.jar
2025-12-13 12:29:44,700 [BasicRepositoryConnector-repo.maven.apache.org-0-3] INFO  o.e.m.c.i.e.AbstractTransferListenerAdapter - Downloading https://repo.maven.apache.org/maven2/org/mockito/mockito-junit-jupiter/5.20.0/mockito-junit-jupiter-5.20.0.jar
2025-12-13 12:29:44,726 [BasicRepositoryConnector-repo.maven.apache.org-0-1] INFO  o.e.m.c.i.e.AbstractTransferListenerAdapter - Downloading https://repo.maven.apache.org/maven2/org/springframework/spring-test/7.0.1/spring-test-7.0.1.jar
2025-12-13 12:29:44,848 [BasicRepositoryConnector-repo.maven.apache.org-0-4] INFO  o.e.m.c.i.e.AbstractTransferListenerAdapter - Downloaded https://repo.maven.apache.org/maven2/org/mockito/mockito-core/5.20.0/mockito-core-5.20.0.jar
2025-12-13 12:29:44,862 [BasicRepositoryConnector-repo.maven.apache.org-0-1] INFO  o.e.m.c.i.e.AbstractTransferListenerAdapter - Downloaded https://repo.maven.apache.org/maven2/org/springframework/spring-test/7.0.1/spring-test-7.0.1.jar
2025-12-13 12:29:44,899 [BasicRepositoryConnector-repo.maven.apache.org-0-4] INFO  o.e.m.c.i.e.AbstractTransferListenerAdapter - Downloading https://repo.maven.apache.org/maven2/org/springframework/boot/spring-boot-security-test/4.0.0/spring-boot-security-test-4.0.0.jar
2025-12-13 12:29:44,914 [BasicRepositoryConnector-repo.maven.apache.org-0-1] INFO  o.e.m.c.i.e.AbstractTransferListenerAdapter - Downloading https://repo.maven.apache.org/maven2/org/springframework/security/spring-security-test/7.0.0/spring-security-test-7.0.0.jar
2025-12-13 12:29:45,032 [BasicRepositoryConnector-repo.maven.apache.org-0-1] INFO  o.e.m.c.i.e.AbstractTransferListenerAdapter - Downloaded https://repo.maven.apache.org/maven2/org/springframework/security/spring-security-test/7.0.0/spring-security-test-7.0.0.jar
2025-12-13 12:29:45,074 [BasicRepositoryConnector-repo.maven.apache.org-0-1] INFO  o.e.m.c.i.e.AbstractTransferListenerAdapter - Downloading https://repo.maven.apache.org/maven2/org/springframework/boot/spring-boot-starter-webmvc-test/4.0.0/spring-boot-starter-webmvc-test-4.0.0.jar
2025-12-13 12:29:45,129 [BasicRepositoryConnector-repo.maven.apache.org-0-2] INFO  o.e.m.c.i.e.AbstractTransferListenerAdapter - Downloaded https://repo.maven.apache.org/maven2/org/springframework/boot/spring-boot-http-converter/4.0.0/spring-boot-http-converter-4.0.0.jar
2025-12-13 12:29:45,163 [BasicRepositoryConnector-repo.maven.apache.org-0-3] INFO  o.e.m.c.i.e.AbstractTransferListenerAdapter - Downloaded https://repo.maven.apache.org/maven2/org/mockito/mockito-junit-jupiter/5.20.0/mockito-junit-jupiter-5.20.0.jar
2025-12-13 12:29:45,172 [BasicRepositoryConnector-repo.maven.apache.org-0-2] INFO  o.e.m.c.i.e.AbstractTransferListenerAdapter - Downloading https://repo.maven.apache.org/maven2/org/springframework/boot/spring-boot-starter-jackson-test/4.0.0/spring-boot-starter-jackson-test-4.0.0.jar
2025-12-13 12:29:45,200 [BasicRepositoryConnector-repo.maven.apache.org-0-3] INFO  o.e.m.c.i.e.AbstractTransferListenerAdapter - Downloading https://repo.maven.apache.org/maven2/org/springframework/boot/spring-boot-webmvc-test/4.0.0/spring-boot-webmvc-test-4.0.0.jar
2025-12-13 12:29:45,345 [BasicRepositoryConnector-repo.maven.apache.org-0-1] INFO  o.e.m.c.i.e.AbstractTransferListenerAdapter - Downloaded https://repo.maven.apache.org/maven2/org/springframework/boot/spring-boot-starter-webmvc-test/4.0.0/spring-boot-starter-webmvc-test-4.0.0.jar
2025-12-13 12:29:45,397 [BasicRepositoryConnector-repo.maven.apache.org-0-1] INFO  o.e.m.c.i.e.AbstractTransferListenerAdapter - Downloading https://repo.maven.apache.org/maven2/org/springframework/boot/spring-boot-web-server/4.0.0/spring-boot-web-server-4.0.0.jar
2025-12-13 12:29:45,456 [BasicRepositoryConnector-repo.maven.apache.org-0-2] INFO  o.e.m.c.i.e.AbstractTransferListenerAdapter - Downloaded https://repo.maven.apache.org/maven2/org/springframework/boot/spring-boot-starter-jackson-test/4.0.0/spring-boot-starter-jackson-test-4.0.0.jar
2025-12-13 12:29:45,463 [BasicRepositoryConnector-repo.maven.apache.org-0-4] INFO  o.e.m.c.i.e.AbstractTransferListenerAdapter - Downloaded https://repo.maven.apache.org/maven2/org/springframework/boot/spring-boot-security-test/4.0.0/spring-boot-security-test-4.0.0.jar
2025-12-13 12:29:45,492 [BasicRepositoryConnector-repo.maven.apache.org-0-1] INFO  o.e.m.c.i.e.AbstractTransferListenerAdapter - Downloaded https://repo.maven.apache.org/maven2/org/springframework/boot/spring-boot-web-server/4.0.0/spring-boot-web-server-4.0.0.jar
2025-12-13 12:29:45,511 [BasicRepositoryConnector-repo.maven.apache.org-0-2] INFO  o.e.m.c.i.e.AbstractTransferListenerAdapter - Downloading https://repo.maven.apache.org/maven2/org/springframework/boot/spring-boot-resttestclient/4.0.0/spring-boot-resttestclient-4.0.0.jar
2025-12-13 12:29:45,512 [BasicRepositoryConnector-repo.maven.apache.org-0-4] INFO  o.e.m.c.i.e.AbstractTransferListenerAdapter - Downloading https://repo.maven.apache.org/maven2/org/springframework/boot/spring-boot-restclient/4.0.0/spring-boot-restclient-4.0.0.jar
2025-12-13 12:29:45,532 [BasicRepositoryConnector-repo.maven.apache.org-0-1] INFO  o.e.m.c.i.e.AbstractTransferListenerAdapter - Downloading https://repo.maven.apache.org/maven2/org/springframework/boot/spring-boot-http-client/4.0.0/spring-boot-http-client-4.0.0.jar
2025-12-13 12:29:45,548 [BasicRepositoryConnector-repo.maven.apache.org-0-0] INFO  o.e.m.c.i.e.AbstractTransferListenerAdapter - Downloaded https://repo.maven.apache.org/maven2/org/springframework/boot/spring-boot-servlet/4.0.0/spring-boot-servlet-4.0.0.jar
2025-12-13 12:29:45,614 [BasicRepositoryConnector-repo.maven.apache.org-0-1] INFO  o.e.m.c.i.e.AbstractTransferListenerAdapter - Downloaded https://repo.maven.apache.org/maven2/org/springframework/boot/spring-boot-http-client/4.0.0/spring-boot-http-client-4.0.0.jar
2025-12-13 12:29:46,326 [BasicRepositoryConnector-repo.maven.apache.org-0-2] INFO  o.e.m.c.i.e.AbstractTransferListenerAdapter - Downloaded https://repo.maven.apache.org/maven2/org/springframework/boot/spring-boot-resttestclient/4.0.0/spring-boot-resttestclient-4.0.0.jar
2025-12-13 12:29:46,473 [BasicRepositoryConnector-repo.maven.apache.org-0-3] INFO  o.e.m.c.i.e.AbstractTransferListenerAdapter - Downloaded https://repo.maven.apache.org/maven2/org/springframework/boot/spring-boot-webmvc-test/4.0.0/spring-boot-webmvc-test-4.0.0.jar
2025-12-13 12:29:46,650 [BasicRepositoryConnector-repo.maven.apache.org-0-4] INFO  o.e.m.c.i.e.AbstractTransferListenerAdapter - Downloaded https://repo.maven.apache.org/maven2/org/springframework/boot/spring-boot-restclient/4.0.0/spring-boot-restclient-4.0.0.jar
2025-12-13 12:29:47,979 [Worker-8: Import Getting Started Content] INFO  o.e.m.j.i.AbstractJavaProjectConfigurator - Adding source folder /SampleAPI/src/main/java
2025-12-13 12:29:47,980 [Worker-8: Import Getting Started Content] INFO  o.e.m.j.i.AbstractJavaProjectConfigurator - Adding resource folder /SampleAPI/src/main/resources
2025-12-13 12:29:47,999 [Worker-8: Import Getting Started Content] INFO  o.e.m.j.i.AbstractJavaProjectConfigurator - Adding resource folder /SampleAPI/src/main/resources
2025-12-13 12:29:48,013 [Worker-8: Import Getting Started Content] INFO  o.e.m.j.i.AbstractJavaProjectConfigurator - Adding source folder /SampleAPI/src/test/java
2025-12-13 12:29:48,015 [Worker-8: Import Getting Started Content] INFO  o.e.m.j.i.AbstractJavaProjectConfigurator - Adding resource folder /SampleAPI/src/test/resources
2025-12-13 12:29:48,673 [Worker-33: Download sources and javadoc] INFO  o.e.m.c.i.e.AbstractTransferListenerAdapter - Downloading https://repo.maven.apache.org/maven2/org/springframework/boot/spring-boot-starter-security/4.0.0/spring-boot-starter-security-4.0.0-sources.jar
2025-12-13 12:29:48,741 [Worker-33: Download sources and javadoc] INFO  o.e.m.c.i.e.AbstractTransferListenerAdapter - Downloaded https://repo.maven.apache.org/maven2/org/springframework/boot/spring-boot-starter-security/4.0.0/spring-boot-starter-security-4.0.0-sources.jar
2025-12-13 12:29:48,750 [Worker-33: Download sources and javadoc] INFO  o.e.m.j.internal.DownloadSourcesJob - Downloaded sources for org.springframework.boot:spring-boot-starter-security:4.0.0
2025-12-13 12:29:48,822 [Worker-33: Download sources and javadoc] INFO  o.e.m.c.i.e.AbstractTransferListenerAdapter - Downloading https://repo.maven.apache.org/maven2/org/springframework/boot/spring-boot-starter/4.0.0/spring-boot-starter-4.0.0-sources.jar
2025-12-13 12:29:48,833 [Worker-33: Download sources and javadoc] INFO  o.e.m.c.i.e.AbstractTransferListenerAdapter - Downloaded https://repo.maven.apache.org/maven2/org/springframework/boot/spring-boot-starter/4.0.0/spring-boot-starter-4.0.0-sources.jar
2025-12-13 12:29:48,840 [Worker-33: Download sources and javadoc] INFO  o.e.m.j.internal.DownloadSourcesJob - Downloaded sources for org.springframework.boot:spring-boot-starter:4.0.0
2025-12-13 12:29:48,934 [Worker-33: Download sources and javadoc] INFO  o.e.m.c.i.e.AbstractTransferListenerAdapter - Downloading https://repo.maven.apache.org/maven2/org/springframework/boot/spring-boot-starter-logging/4.0.0/spring-boot-starter-logging-4.0.0-sources.jar
2025-12-13 12:29:48,946 [Worker-33: Download sources and javadoc] INFO  o.e.m.c.i.e.AbstractTransferListenerAdapter - Downloaded https://repo.maven.apache.org/maven2/org/springframework/boot/spring-boot-starter-logging/4.0.0/spring-boot-starter-logging-4.0.0-sources.jar
2025-12-13 12:29:48,953 [Worker-33: Download sources and javadoc] INFO  o.e.m.j.internal.DownloadSourcesJob - Downloaded sources for org.springframework.boot:spring-boot-starter-logging:4.0.0
2025-12-13 12:29:49,033 [Worker-33: Download sources and javadoc] INFO  o.e.m.c.i.e.AbstractTransferListenerAdapter - Downloading https://repo.maven.apache.org/maven2/ch/qos/logback/logback-classic/1.5.21/logback-classic-1.5.21-sources.jar
2025-12-13 12:29:49,128 [Worker-33: Download sources and javadoc] INFO  o.e.m.c.i.e.AbstractTransferListenerAdapter - Downloaded https://repo.maven.apache.org/maven2/ch/qos/logback/logback-classic/1.5.21/logback-classic-1.5.21-sources.jar
2025-12-13 12:29:49,137 [Worker-33: Download sources and javadoc] INFO  o.e.m.j.internal.DownloadSourcesJob - Downloaded sources for ch.qos.logback:logback-classic:1.5.21
2025-12-13 12:29:49,219 [Worker-33: Download sources and javadoc] INFO  o.e.m.c.i.e.AbstractTransferListenerAdapter - Downloading https://repo.maven.apache.org/maven2/ch/qos/logback/logback-core/1.5.21/logback-core-1.5.21-sources.jar
2025-12-13 12:29:49,329 [Worker-33: Download sources and javadoc] INFO  o.e.m.c.i.e.AbstractTransferListenerAdapter - Downloaded https://repo.maven.apache.org/maven2/ch/qos/logback/logback-core/1.5.21/logback-core-1.5.21-sources.jar
2025-12-13 12:29:49,337 [Worker-33: Download sources and javadoc] INFO  o.e.m.j.internal.DownloadSourcesJob - Downloaded sources for ch.qos.logback:logback-core:1.5.21
2025-12-13 12:29:49,424 [Worker-33: Download sources and javadoc] INFO  o.e.m.c.i.e.AbstractTransferListenerAdapter - Downloading https://repo.maven.apache.org/maven2/org/apache/logging/log4j/log4j-to-slf4j/2.25.2/log4j-to-slf4j-2.25.2-sources.jar
2025-12-13 12:29:50,052 [Worker-33: Download sources and javadoc] INFO  o.e.m.c.i.e.AbstractTransferListenerAdapter - Downloaded https://repo.maven.apache.org/maven2/org/apache/logging/log4j/log4j-to-slf4j/2.25.2/log4j-to-slf4j-2.25.2-sources.jar
2025-12-13 12:29:50,057 [Worker-33: Download sources and javadoc] INFO  o.e.m.j.internal.DownloadSourcesJob - Downloaded sources for org.apache.logging.log4j:log4j-to-slf4j:2.25.2
2025-12-13 12:29:50,186 [Worker-33: Download sources and javadoc] INFO  o.e.m.c.i.e.AbstractTransferListenerAdapter - Downloading https://repo.maven.apache.org/maven2/org/apache/logging/log4j/log4j-api/2.25.2/log4j-api-2.25.2-sources.jar
2025-12-13 12:29:50,304 [Worker-33: Download sources and javadoc] INFO  o.e.m.c.i.e.AbstractTransferListenerAdapter - Downloaded https://repo.maven.apache.org/maven2/org/apache/logging/log4j/log4j-api/2.25.2/log4j-api-2.25.2-sources.jar
2025-12-13 12:29:50,312 [Worker-33: Download sources and javadoc] INFO  o.e.m.j.internal.DownloadSourcesJob - Downloaded sources for org.apache.logging.log4j:log4j-api:2.25.2
2025-12-13 12:29:50,350 [Worker-8: Import Getting Started Content] INFO  o.e.m.c.i.p.ProjectConfigurationManager - Imported and configured 1 project(s) in 23 sec
2025-12-13 12:29:50,356 [Worker-8: Import Getting Started Content] INFO  o.e.m.c.i.p.ProjectConfigurationManager - Update started
2025-12-13 12:29:50,420 [Worker-33: Download sources and javadoc] INFO  o.e.m.c.i.e.AbstractTransferListenerAdapter - Downloading https://repo.maven.apache.org/maven2/org/springframework/boot/spring-boot-autoconfigure/4.0.0/spring-boot-autoconfigure-4.0.0-sources.jar
2025-12-13 12:29:50,513 [Worker-33: Download sources and javadoc] INFO  o.e.m.c.i.e.AbstractTransferListenerAdapter - Downloaded https://repo.maven.apache.org/maven2/org/springframework/boot/spring-boot-autoconfigure/4.0.0/spring-boot-autoconfigure-4.0.0-sources.jar
2025-12-13 12:29:50,519 [Worker-33: Download sources and javadoc] INFO  o.e.m.j.internal.DownloadSourcesJob - Downloaded sources for org.springframework.boot:spring-boot-autoconfigure:4.0.0
2025-12-13 12:29:51,633 [Worker-33: Download sources and javadoc] INFO  o.e.m.c.i.e.AbstractTransferListenerAdapter - Downloading https://repo.maven.apache.org/maven2/jakarta/annotation/jakarta.annotation-api/3.0.0/jakarta.annotation-api-3.0.0-sources.jar
2025-12-13 12:29:51,652 [Worker-8: Import Getting Started Content] INFO  o.e.m.c.i.l.LifecycleMappingFactory - Using org.eclipse.m2e.jdt.JarLifecycleMapping lifecycle mapping for MavenProject: com.example:SampleAPI:0.0.1-SNAPSHOT @ C:\Users\flame\Documents\eclipseProjects\mediaLogic\SampleAPI\pom.xml.
2025-12-13 12:29:52,713 [Worker-33: Download sources and javadoc] INFO  o.e.m.c.i.e.AbstractTransferListenerAdapter - Downloaded https://repo.maven.apache.org/maven2/jakarta/annotation/jakarta.annotation-api/3.0.0/jakarta.annotation-api-3.0.0-sources.jar
2025-12-13 12:29:52,721 [Worker-33: Download sources and javadoc] INFO  o.e.m.j.internal.DownloadSourcesJob - Downloaded sources for jakarta.annotation:jakarta.annotation-api:3.0.0
2025-12-13 12:29:52,816 [Worker-33: Download sources and javadoc] INFO  o.e.m.c.i.e.AbstractTransferListenerAdapter - Downloading https://repo.maven.apache.org/maven2/org/yaml/snakeyaml/2.5/snakeyaml-2.5-sources.jar
2025-12-13 12:29:52,955 [Worker-33: Download sources and javadoc] INFO  o.e.m.c.i.e.AbstractTransferListenerAdapter - Downloaded https://repo.maven.apache.org/maven2/org/yaml/snakeyaml/2.5/snakeyaml-2.5-sources.jar
2025-12-13 12:29:52,960 [Worker-33: Download sources and javadoc] INFO  o.e.m.j.internal.DownloadSourcesJob - Downloaded sources for org.yaml:snakeyaml:2.5
2025-12-13 12:29:53,046 [Worker-33: Download sources and javadoc] INFO  o.e.m.c.i.e.AbstractTransferListenerAdapter - Downloading https://repo.maven.apache.org/maven2/org/springframework/boot/spring-boot-security/4.0.0/spring-boot-security-4.0.0-sources.jar
2025-12-13 12:29:53,113 [Worker-33: Download sources and javadoc] INFO  o.e.m.c.i.e.AbstractTransferListenerAdapter - Downloaded https://repo.maven.apache.org/maven2/org/springframework/boot/spring-boot-security/4.0.0/spring-boot-security-4.0.0-sources.jar
2025-12-13 12:29:53,120 [Worker-33: Download sources and javadoc] INFO  o.e.m.j.internal.DownloadSourcesJob - Downloaded sources for org.springframework.boot:spring-boot-security:4.0.0
2025-12-13 12:29:53,205 [Worker-33: Download sources and javadoc] INFO  o.e.m.c.i.e.AbstractTransferListenerAdapter - Downloading https://repo.maven.apache.org/maven2/org/springframework/boot/spring-boot/4.0.0/spring-boot-4.0.0-sources.jar
2025-12-13 12:29:53,340 [Worker-33: Download sources and javadoc] INFO  o.e.m.c.i.e.AbstractTransferListenerAdapter - Downloaded https://repo.maven.apache.org/maven2/org/springframework/boot/spring-boot/4.0.0/spring-boot-4.0.0-sources.jar
2025-12-13 12:29:53,347 [Worker-33: Download sources and javadoc] INFO  o.e.m.j.internal.DownloadSourcesJob - Downloaded sources for org.springframework.boot:spring-boot:4.0.0
2025-12-13 12:29:53,426 [Worker-33: Download sources and javadoc] INFO  o.e.m.c.i.e.AbstractTransferListenerAdapter - Downloading https://repo.maven.apache.org/maven2/org/springframework/spring-context/7.0.1/spring-context-7.0.1-sources.jar
2025-12-13 12:29:53,527 [Worker-8: Import Getting Started Content] INFO  o.e.m.j.i.AbstractJavaProjectConfigurator - Adding source folder /SampleAPI/src/main/java
2025-12-13 12:29:53,528 [Worker-8: Import Getting Started Content] INFO  o.e.m.j.i.AbstractJavaProjectConfigurator - Adding resource folder /SampleAPI/src/main/resources
2025-12-13 12:29:53,530 [Worker-8: Import Getting Started Content] INFO  o.e.m.j.i.AbstractJavaProjectConfigurator - Adding resource folder /SampleAPI/src/main/resources
2025-12-13 12:29:53,531 [Worker-8: Import Getting Started Content] INFO  o.e.m.j.i.AbstractJavaProjectConfigurator - Adding source folder /SampleAPI/src/test/java
2025-12-13 12:29:53,533 [Worker-8: Import Getting Started Content] INFO  o.e.m.j.i.AbstractJavaProjectConfigurator - Adding resource folder /SampleAPI/src/test/resources
2025-12-13 12:29:53,598 [Worker-33: Download sources and javadoc] INFO  o.e.m.c.i.e.AbstractTransferListenerAdapter - Downloaded https://repo.maven.apache.org/maven2/org/springframework/spring-context/7.0.1/spring-context-7.0.1-sources.jar
2025-12-13 12:29:53,603 [Worker-33: Download sources and javadoc] INFO  o.e.m.j.internal.DownloadSourcesJob - Downloaded sources for org.springframework:spring-context:7.0.1
2025-12-13 12:29:53,687 [Worker-33: Download sources and javadoc] INFO  o.e.m.c.i.e.AbstractTransferListenerAdapter - Downloading https://repo.maven.apache.org/maven2/org/springframework/security/spring-security-config/7.0.0/spring-security-config-7.0.0-sources.jar
2025-12-13 12:29:53,851 [Worker-33: Download sources and javadoc] INFO  o.e.m.c.i.e.AbstractTransferListenerAdapter - Downloaded https://repo.maven.apache.org/maven2/org/springframework/security/spring-security-config/7.0.0/spring-security-config-7.0.0-sources.jar
2025-12-13 12:29:53,856 [Worker-33: Download sources and javadoc] INFO  o.e.m.j.internal.DownloadSourcesJob - Downloaded sources for org.springframework.security:spring-security-config:7.0.0
2025-12-13 12:29:53,935 [Worker-33: Download sources and javadoc] INFO  o.e.m.c.i.e.AbstractTransferListenerAdapter - Downloading https://repo.maven.apache.org/maven2/org/springframework/security/spring-security-core/7.0.0/spring-security-core-7.0.0-sources.jar
2025-12-13 12:29:54,061 [Worker-8: Import Getting Started Content] INFO  o.e.m.c.i.p.ProjectConfigurationManager - Update completed for 1 poms: local refresh takes 0,00 sec, refresh facades takes 3,00 sec, update config takes 0,00 sec 
2025-12-13 12:29:54,089 [Worker-33: Download sources and javadoc] INFO  o.e.m.c.i.e.AbstractTransferListenerAdapter - Downloaded https://repo.maven.apache.org/maven2/org/springframework/security/spring-security-core/7.0.0/spring-security-core-7.0.0-sources.jar
2025-12-13 12:29:54,096 [Worker-33: Download sources and javadoc] INFO  o.e.m.j.internal.DownloadSourcesJob - Downloaded sources for org.springframework.security:spring-security-core:7.0.0
2025-12-13 12:29:54,187 [Worker-33: Download sources and javadoc] INFO  o.e.m.c.i.e.AbstractTransferListenerAdapter - Downloading https://repo.maven.apache.org/maven2/org/springframework/security/spring-security-crypto/7.0.0/spring-security-crypto-7.0.0-sources.jar
2025-12-13 12:29:54,267 [Worker-33: Download sources and javadoc] INFO  o.e.m.c.i.e.AbstractTransferListenerAdapter - Downloaded https://repo.maven.apache.org/maven2/org/springframework/security/spring-security-crypto/7.0.0/spring-security-crypto-7.0.0-sources.jar
2025-12-13 12:29:54,274 [Worker-33: Download sources and javadoc] INFO  o.e.m.j.internal.DownloadSourcesJob - Downloaded sources for org.springframework.security:spring-security-crypto:7.0.0
2025-12-13 12:29:54,354 [Worker-33: Download sources and javadoc] INFO  o.e.m.c.i.e.AbstractTransferListenerAdapter - Downloading https://repo.maven.apache.org/maven2/org/springframework/security/spring-security-web/7.0.0/spring-security-web-7.0.0-sources.jar
2025-12-13 12:29:54,516 [Worker-33: Download sources and javadoc] INFO  o.e.m.c.i.e.AbstractTransferListenerAdapter - Downloaded https://repo.maven.apache.org/maven2/org/springframework/security/spring-security-web/7.0.0/spring-security-web-7.0.0-sources.jar
2025-12-13 12:29:54,524 [Worker-33: Download sources and javadoc] INFO  o.e.m.j.internal.DownloadSourcesJob - Downloaded sources for org.springframework.security:spring-security-web:7.0.0
2025-12-13 12:29:54,644 [Worker-33: Download sources and javadoc] INFO  o.e.m.c.i.e.AbstractTransferListenerAdapter - Downloading https://repo.maven.apache.org/maven2/org/springframework/spring-expression/7.0.1/spring-expression-7.0.1-sources.jar
2025-12-13 12:29:54,765 [Worker-33: Download sources and javadoc] INFO  o.e.m.c.i.e.AbstractTransferListenerAdapter - Downloaded https://repo.maven.apache.org/maven2/org/springframework/spring-expression/7.0.1/spring-expression-7.0.1-sources.jar
2025-12-13 12:29:54,778 [Worker-33: Download sources and javadoc] INFO  o.e.m.j.internal.DownloadSourcesJob - Downloaded sources for org.springframework:spring-expression:7.0.1
2025-12-13 12:29:54,872 [Worker-33: Download sources and javadoc] INFO  o.e.m.c.i.e.AbstractTransferListenerAdapter - Downloading https://repo.maven.apache.org/maven2/org/springframework/spring-aop/7.0.1/spring-aop-7.0.1-sources.jar
2025-12-13 12:29:54,982 [Worker-33: Download sources and javadoc] INFO  o.e.m.c.i.e.AbstractTransferListenerAdapter - Downloaded https://repo.maven.apache.org/maven2/org/springframework/spring-aop/7.0.1/spring-aop-7.0.1-sources.jar
2025-12-13 12:29:54,988 [Worker-33: Download sources and javadoc] INFO  o.e.m.j.internal.DownloadSourcesJob - Downloaded sources for org.springframework:spring-aop:7.0.1
2025-12-13 12:29:55,044 [Worker-29: Building] INFO  o.a.m.s.f.DefaultMavenResourcesFiltering - Copying 1 resource from src\main\resources to target\classes
2025-12-13 12:29:55,074 [Worker-33: Download sources and javadoc] INFO  o.e.m.c.i.e.AbstractTransferListenerAdapter - Downloading https://repo.maven.apache.org/maven2/org/springframework/spring-beans/7.0.1/spring-beans-7.0.1-sources.jar
2025-12-13 12:29:55,075 [Worker-29: Building] INFO  o.a.m.s.f.DefaultMavenResourcesFiltering - Copying 0 resource from src\main\resources to target\classes
2025-12-13 12:29:55,084 [Worker-29: Building] INFO  o.a.m.s.f.DefaultMavenResourcesFiltering - skip non existing resourceDirectory C:\Users\flame\Documents\eclipseProjects\mediaLogic\SampleAPI\src\test\resources
2025-12-13 12:29:55,247 [Worker-33: Download sources and javadoc] INFO  o.e.m.c.i.e.AbstractTransferListenerAdapter - Downloaded https://repo.maven.apache.org/maven2/org/springframework/spring-beans/7.0.1/spring-beans-7.0.1-sources.jar
2025-12-13 12:29:55,252 [Worker-33: Download sources and javadoc] INFO  o.e.m.j.internal.DownloadSourcesJob - Downloaded sources for org.springframework:spring-beans:7.0.1
2025-12-13 12:29:55,350 [Worker-33: Download sources and javadoc] INFO  o.e.m.c.i.e.AbstractTransferListenerAdapter - Downloading https://repo.maven.apache.org/maven2/org/springframework/spring-core/7.0.1/spring-core-7.0.1-sources.jar
2025-12-13 12:29:55,521 [Worker-33: Download sources and javadoc] INFO  o.e.m.c.i.e.AbstractTransferListenerAdapter - Downloaded https://repo.maven.apache.org/maven2/org/springframework/spring-core/7.0.1/spring-core-7.0.1-sources.jar
2025-12-13 12:29:55,529 [Worker-33: Download sources and javadoc] INFO  o.e.m.j.internal.DownloadSourcesJob - Downloaded sources for org.springframework:spring-core:7.0.1
2025-12-13 12:29:55,634 [Worker-33: Download sources and javadoc] INFO  o.e.m.c.i.e.AbstractTransferListenerAdapter - Downloading https://repo.maven.apache.org/maven2/commons-logging/commons-logging/1.3.5/commons-logging-1.3.5-sources.jar
2025-12-13 12:29:55,746 [Worker-33: Download sources and javadoc] INFO  o.e.m.c.i.e.AbstractTransferListenerAdapter - Downloaded https://repo.maven.apache.org/maven2/commons-logging/commons-logging/1.3.5/commons-logging-1.3.5-sources.jar
2025-12-13 12:29:55,752 [Worker-33: Download sources and javadoc] INFO  o.e.m.j.internal.DownloadSourcesJob - Downloaded sources for commons-logging:commons-logging:1.3.5
2025-12-13 12:29:55,826 [Worker-33: Download sources and javadoc] INFO  o.e.m.c.i.e.AbstractTransferListenerAdapter - Downloading https://repo.maven.apache.org/maven2/org/springframework/boot/spring-boot-starter-webmvc/4.0.0/spring-boot-starter-webmvc-4.0.0-sources.jar
2025-12-13 12:29:55,915 [Worker-33: Download sources and javadoc] INFO  o.e.m.c.i.e.AbstractTransferListenerAdapter - Downloaded https://repo.maven.apache.org/maven2/org/springframework/boot/spring-boot-starter-webmvc/4.0.0/spring-boot-starter-webmvc-4.0.0-sources.jar
2025-12-13 12:29:55,921 [Worker-33: Download sources and javadoc] INFO  o.e.m.j.internal.DownloadSourcesJob - Downloaded sources for org.springframework.boot:spring-boot-starter-webmvc:4.0.0
2025-12-13 12:29:56,002 [Worker-33: Download sources and javadoc] INFO  o.e.m.c.i.e.AbstractTransferListenerAdapter - Downloading https://repo.maven.apache.org/maven2/org/springframework/boot/spring-boot-starter-jackson/4.0.0/spring-boot-starter-jackson-4.0.0-sources.jar
2025-12-13 12:29:56,012 [Worker-33: Download sources and javadoc] INFO  o.e.m.c.i.e.AbstractTransferListenerAdapter - Downloaded https://repo.maven.apache.org/maven2/org/springframework/boot/spring-boot-starter-jackson/4.0.0/spring-boot-starter-jackson-4.0.0-sources.jar
2025-12-13 12:29:56,019 [Worker-33: Download sources and javadoc] INFO  o.e.m.j.internal.DownloadSourcesJob - Downloaded sources for org.springframework.boot:spring-boot-starter-jackson:4.0.0
2025-12-13 12:29:56,106 [Worker-33: Download sources and javadoc] INFO  o.e.m.c.i.e.AbstractTransferListenerAdapter - Downloading https://repo.maven.apache.org/maven2/org/springframework/boot/spring-boot-jackson/4.0.0/spring-boot-jackson-4.0.0-sources.jar
2025-12-13 12:29:57,036 [Worker-33: Download sources and javadoc] INFO  o.e.m.c.i.e.AbstractTransferListenerAdapter - Downloaded https://repo.maven.apache.org/maven2/org/springframework/boot/spring-boot-jackson/4.0.0/spring-boot-jackson-4.0.0-sources.jar
2025-12-13 12:29:57,041 [Worker-33: Download sources and javadoc] INFO  o.e.m.j.internal.DownloadSourcesJob - Downloaded sources for org.springframework.boot:spring-boot-jackson:4.0.0
2025-12-13 12:29:57,133 [Worker-33: Download sources and javadoc] INFO  o.e.m.c.i.e.AbstractTransferListenerAdapter - Downloading https://repo.maven.apache.org/maven2/tools/jackson/core/jackson-databind/3.0.2/jackson-databind-3.0.2-sources.jar
2025-12-13 12:29:57,247 [Worker-33: Download sources and javadoc] INFO  o.e.m.c.i.e.AbstractTransferListenerAdapter - Downloaded https://repo.maven.apache.org/maven2/tools/jackson/core/jackson-databind/3.0.2/jackson-databind-3.0.2-sources.jar
2025-12-13 12:29:57,253 [Worker-33: Download sources and javadoc] INFO  o.e.m.j.internal.DownloadSourcesJob - Downloaded sources for tools.jackson.core:jackson-databind:3.0.2
2025-12-13 12:29:57,319 [Worker-33: Download sources and javadoc] INFO  o.e.m.c.i.e.AbstractTransferListenerAdapter - Downloading https://repo.maven.apache.org/maven2/com/fasterxml/jackson/core/jackson-annotations/2.20/jackson-annotations-2.20-sources.jar
2025-12-13 12:29:57,367 [Worker-33: Download sources and javadoc] INFO  o.e.m.c.i.e.AbstractTransferListenerAdapter - Downloaded https://repo.maven.apache.org/maven2/com/fasterxml/jackson/core/jackson-annotations/2.20/jackson-annotations-2.20-sources.jar
2025-12-13 12:29:57,373 [Worker-33: Download sources and javadoc] INFO  o.e.m.j.internal.DownloadSourcesJob - Downloaded sources for com.fasterxml.jackson.core:jackson-annotations:2.20
2025-12-13 12:29:57,450 [Worker-33: Download sources and javadoc] INFO  o.e.m.c.i.e.AbstractTransferListenerAdapter - Downloading https://repo.maven.apache.org/maven2/tools/jackson/core/jackson-core/3.0.2/jackson-core-3.0.2-sources.jar
2025-12-13 12:29:57,536 [Worker-33: Download sources and javadoc] INFO  o.e.m.c.i.e.AbstractTransferListenerAdapter - Downloaded https://repo.maven.apache.org/maven2/tools/jackson/core/jackson-core/3.0.2/jackson-core-3.0.2-sources.jar
2025-12-13 12:29:57,542 [Worker-33: Download sources and javadoc] INFO  o.e.m.j.internal.DownloadSourcesJob - Downloaded sources for tools.jackson.core:jackson-core:3.0.2
2025-12-13 12:29:57,620 [Worker-33: Download sources and javadoc] INFO  o.e.m.c.i.e.AbstractTransferListenerAdapter - Downloading https://repo.maven.apache.org/maven2/org/springframework/boot/spring-boot-starter-tomcat/4.0.0/spring-boot-starter-tomcat-4.0.0-sources.jar
2025-12-13 12:29:57,631 [Worker-33: Download sources and javadoc] INFO  o.e.m.c.i.e.AbstractTransferListenerAdapter - Downloaded https://repo.maven.apache.org/maven2/org/springframework/boot/spring-boot-starter-tomcat/4.0.0/spring-boot-starter-tomcat-4.0.0-sources.jar
2025-12-13 12:29:57,637 [Worker-33: Download sources and javadoc] INFO  o.e.m.j.internal.DownloadSourcesJob - Downloaded sources for org.springframework.boot:spring-boot-starter-tomcat:4.0.0
2025-12-13 12:29:57,704 [Worker-33: Download sources and javadoc] INFO  o.e.m.c.i.e.AbstractTransferListenerAdapter - Downloading https://repo.maven.apache.org/maven2/org/springframework/boot/spring-boot-starter-tomcat-runtime/4.0.0/spring-boot-starter-tomcat-runtime-4.0.0-sources.jar
2025-12-13 12:29:57,714 [Worker-33: Download sources and javadoc] INFO  o.e.m.c.i.e.AbstractTransferListenerAdapter - Downloaded https://repo.maven.apache.org/maven2/org/springframework/boot/spring-boot-starter-tomcat-runtime/4.0.0/spring-boot-starter-tomcat-runtime-4.0.0-sources.jar
2025-12-13 12:29:57,722 [Worker-33: Download sources and javadoc] INFO  o.e.m.j.internal.DownloadSourcesJob - Downloaded sources for org.springframework.boot:spring-boot-starter-tomcat-runtime:4.0.0
2025-12-13 12:29:57,793 [Worker-33: Download sources and javadoc] INFO  o.e.m.c.i.e.AbstractTransferListenerAdapter - Downloading https://repo.maven.apache.org/maven2/org/apache/tomcat/embed/tomcat-embed-core/11.0.14/tomcat-embed-core-11.0.14-sources.jar
2025-12-13 12:29:58,261 [Worker-33: Download sources and javadoc] INFO  o.e.m.c.i.e.AbstractTransferListenerAdapter - Downloaded https://repo.maven.apache.org/maven2/org/apache/tomcat/embed/tomcat-embed-core/11.0.14/tomcat-embed-core-11.0.14-sources.jar
2025-12-13 12:29:58,265 [Worker-33: Download sources and javadoc] INFO  o.e.m.j.internal.DownloadSourcesJob - Downloaded sources for org.apache.tomcat.embed:tomcat-embed-core:11.0.14
2025-12-13 12:29:58,438 [Worker-33: Download sources and javadoc] INFO  o.e.m.c.i.e.AbstractTransferListenerAdapter - Downloading https://repo.maven.apache.org/maven2/org/apache/tomcat/embed/tomcat-embed-el/11.0.14/tomcat-embed-el-11.0.14-sources.jar
2025-12-13 12:29:58,570 [Worker-33: Download sources and javadoc] INFO  o.e.m.c.i.e.AbstractTransferListenerAdapter - Downloaded https://repo.maven.apache.org/maven2/org/apache/tomcat/embed/tomcat-embed-el/11.0.14/tomcat-embed-el-11.0.14-sources.jar
2025-12-13 12:29:58,574 [Worker-33: Download sources and javadoc] INFO  o.e.m.j.internal.DownloadSourcesJob - Downloaded sources for org.apache.tomcat.embed:tomcat-embed-el:11.0.14
2025-12-13 12:29:58,731 [Worker-33: Download sources and javadoc] INFO  o.e.m.c.i.e.AbstractTransferListenerAdapter - Downloading https://repo.maven.apache.org/maven2/org/apache/tomcat/embed/tomcat-embed-websocket/11.0.14/tomcat-embed-websocket-11.0.14-sources.jar
2025-12-13 12:29:58,953 [Worker-33: Download sources and javadoc] INFO  o.e.m.c.i.e.AbstractTransferListenerAdapter - Downloaded https://repo.maven.apache.org/maven2/org/apache/tomcat/embed/tomcat-embed-websocket/11.0.14/tomcat-embed-websocket-11.0.14-sources.jar
2025-12-13 12:29:58,957 [Worker-33: Download sources and javadoc] INFO  o.e.m.j.internal.DownloadSourcesJob - Downloaded sources for org.apache.tomcat.embed:tomcat-embed-websocket:11.0.14
2025-12-13 12:29:59,118 [Worker-33: Download sources and javadoc] INFO  o.e.m.c.i.e.AbstractTransferListenerAdapter - Downloading https://repo.maven.apache.org/maven2/org/springframework/boot/spring-boot-tomcat/4.0.0/spring-boot-tomcat-4.0.0-sources.jar
2025-12-13 12:29:59,228 [Worker-33: Download sources and javadoc] INFO  o.e.m.c.i.e.AbstractTransferListenerAdapter - Downloaded https://repo.maven.apache.org/maven2/org/springframework/boot/spring-boot-tomcat/4.0.0/spring-boot-tomcat-4.0.0-sources.jar
2025-12-13 12:29:59,232 [Worker-33: Download sources and javadoc] INFO  o.e.m.j.internal.DownloadSourcesJob - Downloaded sources for org.springframework.boot:spring-boot-tomcat:4.0.0
2025-12-13 12:29:59,430 [Worker-33: Download sources and javadoc] INFO  o.e.m.c.i.e.AbstractTransferListenerAdapter - Downloading https://repo.maven.apache.org/maven2/org/springframework/boot/spring-boot-http-converter/4.0.0/spring-boot-http-converter-4.0.0-sources.jar
2025-12-13 12:29:59,953 [Worker-33: Download sources and javadoc] INFO  o.e.m.c.i.e.AbstractTransferListenerAdapter - Downloaded https://repo.maven.apache.org/maven2/org/springframework/boot/spring-boot-http-converter/4.0.0/spring-boot-http-converter-4.0.0-sources.jar
2025-12-13 12:29:59,958 [Worker-33: Download sources and javadoc] INFO  o.e.m.j.internal.DownloadSourcesJob - Downloaded sources for org.springframework.boot:spring-boot-http-converter:4.0.0
2025-12-13 12:30:00,150 [Worker-33: Download sources and javadoc] INFO  o.e.m.c.i.e.AbstractTransferListenerAdapter - Downloading https://repo.maven.apache.org/maven2/org/springframework/spring-web/7.0.1/spring-web-7.0.1-sources.jar
2025-12-13 12:30:01,498 [Worker-33: Download sources and javadoc] INFO  o.e.m.c.i.e.AbstractTransferListenerAdapter - Downloaded https://repo.maven.apache.org/maven2/org/springframework/spring-web/7.0.1/spring-web-7.0.1-sources.jar
2025-12-13 12:30:01,503 [Worker-33: Download sources and javadoc] INFO  o.e.m.j.internal.DownloadSourcesJob - Downloaded sources for org.springframework:spring-web:7.0.1
2025-12-13 12:30:01,573 [Worker-33: Download sources and javadoc] INFO  o.e.m.c.i.e.AbstractTransferListenerAdapter - Downloading https://repo.maven.apache.org/maven2/io/micrometer/micrometer-observation/1.16.0/micrometer-observation-1.16.0-sources.jar
2025-12-13 12:30:01,609 [Worker-33: Download sources and javadoc] INFO  o.e.m.c.i.e.AbstractTransferListenerAdapter - Downloaded https://repo.maven.apache.org/maven2/io/micrometer/micrometer-observation/1.16.0/micrometer-observation-1.16.0-sources.jar
2025-12-13 12:30:01,614 [Worker-33: Download sources and javadoc] INFO  o.e.m.j.internal.DownloadSourcesJob - Downloaded sources for io.micrometer:micrometer-observation:1.16.0
2025-12-13 12:30:01,681 [Worker-33: Download sources and javadoc] INFO  o.e.m.c.i.e.AbstractTransferListenerAdapter - Downloading https://repo.maven.apache.org/maven2/io/micrometer/micrometer-commons/1.16.0/micrometer-commons-1.16.0-sources.jar
2025-12-13 12:30:02,597 [Worker-33: Download sources and javadoc] INFO  o.e.m.c.i.e.AbstractTransferListenerAdapter - Downloaded https://repo.maven.apache.org/maven2/io/micrometer/micrometer-commons/1.16.0/micrometer-commons-1.16.0-sources.jar
2025-12-13 12:30:02,602 [Worker-33: Download sources and javadoc] INFO  o.e.m.j.internal.DownloadSourcesJob - Downloaded sources for io.micrometer:micrometer-commons:1.16.0
2025-12-13 12:30:02,688 [Worker-33: Download sources and javadoc] INFO  o.e.m.c.i.e.AbstractTransferListenerAdapter - Downloading https://repo.maven.apache.org/maven2/org/springframework/boot/spring-boot-webmvc/4.0.0/spring-boot-webmvc-4.0.0-sources.jar
2025-12-13 12:30:02,763 [Worker-33: Download sources and javadoc] INFO  o.e.m.c.i.e.AbstractTransferListenerAdapter - Downloaded https://repo.maven.apache.org/maven2/org/springframework/boot/spring-boot-webmvc/4.0.0/spring-boot-webmvc-4.0.0-sources.jar
2025-12-13 12:30:02,768 [Worker-33: Download sources and javadoc] INFO  o.e.m.j.internal.DownloadSourcesJob - Downloaded sources for org.springframework.boot:spring-boot-webmvc:4.0.0
2025-12-13 12:30:02,845 [Worker-33: Download sources and javadoc] INFO  o.e.m.c.i.e.AbstractTransferListenerAdapter - Downloading https://repo.maven.apache.org/maven2/org/springframework/boot/spring-boot-servlet/4.0.0/spring-boot-servlet-4.0.0-sources.jar
2025-12-13 12:30:03,774 [Worker-33: Download sources and javadoc] INFO  o.e.m.c.i.e.AbstractTransferListenerAdapter - Downloaded https://repo.maven.apache.org/maven2/org/springframework/boot/spring-boot-servlet/4.0.0/spring-boot-servlet-4.0.0-sources.jar
2025-12-13 12:30:03,779 [Worker-33: Download sources and javadoc] INFO  o.e.m.j.internal.DownloadSourcesJob - Downloaded sources for org.springframework.boot:spring-boot-servlet:4.0.0
2025-12-13 12:30:03,862 [Worker-33: Download sources and javadoc] INFO  o.e.m.c.i.e.AbstractTransferListenerAdapter - Downloading https://repo.maven.apache.org/maven2/org/springframework/spring-webmvc/7.0.1/spring-webmvc-7.0.1-sources.jar
2025-12-13 12:30:03,968 [Worker-33: Download sources and javadoc] INFO  o.e.m.c.i.e.AbstractTransferListenerAdapter - Downloaded https://repo.maven.apache.org/maven2/org/springframework/spring-webmvc/7.0.1/spring-webmvc-7.0.1-sources.jar
2025-12-13 12:30:03,974 [Worker-33: Download sources and javadoc] INFO  o.e.m.j.internal.DownloadSourcesJob - Downloaded sources for org.springframework:spring-webmvc:7.0.1
2025-12-13 12:30:04,045 [Worker-33: Download sources and javadoc] INFO  o.e.m.c.i.e.AbstractTransferListenerAdapter - Downloading https://repo.maven.apache.org/maven2/org/springframework/boot/spring-boot-starter-security-test/4.0.0/spring-boot-starter-security-test-4.0.0-sources.jar
2025-12-13 12:30:04,053 [Worker-33: Download sources and javadoc] INFO  o.e.m.c.i.e.AbstractTransferListenerAdapter - Downloaded https://repo.maven.apache.org/maven2/org/springframework/boot/spring-boot-starter-security-test/4.0.0/spring-boot-starter-security-test-4.0.0-sources.jar
2025-12-13 12:30:04,058 [Worker-33: Download sources and javadoc] INFO  o.e.m.j.internal.DownloadSourcesJob - Downloaded sources for org.springframework.boot:spring-boot-starter-security-test:4.0.0
2025-12-13 12:30:04,138 [Worker-33: Download sources and javadoc] INFO  o.e.m.c.i.e.AbstractTransferListenerAdapter - Downloading https://repo.maven.apache.org/maven2/org/springframework/boot/spring-boot-starter-test/4.0.0/spring-boot-starter-test-4.0.0-sources.jar
2025-12-13 12:30:04,146 [Worker-33: Download sources and javadoc] INFO  o.e.m.c.i.e.AbstractTransferListenerAdapter - Downloaded https://repo.maven.apache.org/maven2/org/springframework/boot/spring-boot-starter-test/4.0.0/spring-boot-starter-test-4.0.0-sources.jar
2025-12-13 12:30:04,151 [Worker-33: Download sources and javadoc] INFO  o.e.m.j.internal.DownloadSourcesJob - Downloaded sources for org.springframework.boot:spring-boot-starter-test:4.0.0
2025-12-13 12:30:04,228 [Worker-33: Download sources and javadoc] INFO  o.e.m.c.i.e.AbstractTransferListenerAdapter - Downloading https://repo.maven.apache.org/maven2/org/springframework/boot/spring-boot-test/4.0.0/spring-boot-test-4.0.0-sources.jar
2025-12-13 12:30:04,295 [Worker-33: Download sources and javadoc] INFO  o.e.m.c.i.e.AbstractTransferListenerAdapter - Downloaded https://repo.maven.apache.org/maven2/org/springframework/boot/spring-boot-test/4.0.0/spring-boot-test-4.0.0-sources.jar
2025-12-13 12:30:04,301 [Worker-33: Download sources and javadoc] INFO  o.e.m.j.internal.DownloadSourcesJob - Downloaded sources for org.springframework.boot:spring-boot-test:4.0.0
2025-12-13 12:30:04,368 [Worker-33: Download sources and javadoc] INFO  o.e.m.c.i.e.AbstractTransferListenerAdapter - Downloading https://repo.maven.apache.org/maven2/org/springframework/boot/spring-boot-test-autoconfigure/4.0.0/spring-boot-test-autoconfigure-4.0.0-sources.jar
2025-12-13 12:30:04,866 [Worker-33: Download sources and javadoc] INFO  o.e.m.c.i.e.AbstractTransferListenerAdapter - Downloaded https://repo.maven.apache.org/maven2/org/springframework/boot/spring-boot-test-autoconfigure/4.0.0/spring-boot-test-autoconfigure-4.0.0-sources.jar
2025-12-13 12:30:04,872 [Worker-33: Download sources and javadoc] INFO  o.e.m.j.internal.DownloadSourcesJob - Downloaded sources for org.springframework.boot:spring-boot-test-autoconfigure:4.0.0
2025-12-13 12:30:04,947 [Worker-33: Download sources and javadoc] INFO  o.e.m.c.i.e.AbstractTransferListenerAdapter - Downloading https://repo.maven.apache.org/maven2/net/minidev/json-smart/2.6.0/json-smart-2.6.0-sources.jar
2025-12-13 12:30:04,987 [Worker-33: Download sources and javadoc] INFO  o.e.m.c.i.e.AbstractTransferListenerAdapter - Downloaded https://repo.maven.apache.org/maven2/net/minidev/json-smart/2.6.0/json-smart-2.6.0-sources.jar
2025-12-13 12:30:04,992 [Worker-33: Download sources and javadoc] INFO  o.e.m.j.internal.DownloadSourcesJob - Downloaded sources for net.minidev:json-smart:2.6.0
2025-12-13 12:30:05,059 [Worker-33: Download sources and javadoc] INFO  o.e.m.c.i.e.AbstractTransferListenerAdapter - Downloading https://repo.maven.apache.org/maven2/net/minidev/accessors-smart/2.6.0/accessors-smart-2.6.0-sources.jar
2025-12-13 12:30:05,415 [Worker-33: Download sources and javadoc] INFO  o.e.m.c.i.e.AbstractTransferListenerAdapter - Downloaded https://repo.maven.apache.org/maven2/net/minidev/accessors-smart/2.6.0/accessors-smart-2.6.0-sources.jar
2025-12-13 12:30:05,420 [Worker-33: Download sources and javadoc] INFO  o.e.m.j.internal.DownloadSourcesJob - Downloaded sources for net.minidev:accessors-smart:2.6.0
2025-12-13 12:30:05,509 [Worker-33: Download sources and javadoc] INFO  o.e.m.c.i.e.AbstractTransferListenerAdapter - Downloading https://repo.maven.apache.org/maven2/org/junit/jupiter/junit-jupiter/6.0.1/junit-jupiter-6.0.1-sources.jar
2025-12-13 12:30:05,576 [Worker-33: Download sources and javadoc] INFO  o.e.m.c.i.e.AbstractTransferListenerAdapter - Downloaded https://repo.maven.apache.org/maven2/org/junit/jupiter/junit-jupiter/6.0.1/junit-jupiter-6.0.1-sources.jar
2025-12-13 12:30:05,581 [Worker-33: Download sources and javadoc] INFO  o.e.m.j.internal.DownloadSourcesJob - Downloaded sources for org.junit.jupiter:junit-jupiter:6.0.1
2025-12-13 12:30:05,648 [Worker-33: Download sources and javadoc] INFO  o.e.m.c.i.e.AbstractTransferListenerAdapter - Downloading https://repo.maven.apache.org/maven2/org/junit/jupiter/junit-jupiter-api/6.0.1/junit-jupiter-api-6.0.1-sources.jar
2025-12-13 12:30:05,707 [Worker-33: Download sources and javadoc] INFO  o.e.m.c.i.e.AbstractTransferListenerAdapter - Downloaded https://repo.maven.apache.org/maven2/org/junit/jupiter/junit-jupiter-api/6.0.1/junit-jupiter-api-6.0.1-sources.jar
2025-12-13 12:30:05,712 [Worker-33: Download sources and javadoc] INFO  o.e.m.j.internal.DownloadSourcesJob - Downloaded sources for org.junit.jupiter:junit-jupiter-api:6.0.1
2025-12-13 12:30:05,782 [Worker-33: Download sources and javadoc] INFO  o.e.m.c.i.e.AbstractTransferListenerAdapter - Downloading https://repo.maven.apache.org/maven2/org/junit/platform/junit-platform-commons/6.0.1/junit-platform-commons-6.0.1-sources.jar
2025-12-13 12:30:05,824 [Worker-33: Download sources and javadoc] INFO  o.e.m.c.i.e.AbstractTransferListenerAdapter - Downloaded https://repo.maven.apache.org/maven2/org/junit/platform/junit-platform-commons/6.0.1/junit-platform-commons-6.0.1-sources.jar
2025-12-13 12:30:05,828 [Worker-33: Download sources and javadoc] INFO  o.e.m.j.internal.DownloadSourcesJob - Downloaded sources for org.junit.platform:junit-platform-commons:6.0.1
2025-12-13 12:30:05,893 [Worker-33: Download sources and javadoc] INFO  o.e.m.c.i.e.AbstractTransferListenerAdapter - Downloading https://repo.maven.apache.org/maven2/org/junit/jupiter/junit-jupiter-params/6.0.1/junit-jupiter-params-6.0.1-sources.jar
2025-12-13 12:30:05,948 [Worker-33: Download sources and javadoc] INFO  o.e.m.c.i.e.AbstractTransferListenerAdapter - Downloaded https://repo.maven.apache.org/maven2/org/junit/jupiter/junit-jupiter-params/6.0.1/junit-jupiter-params-6.0.1-sources.jar
2025-12-13 12:30:05,952 [Worker-33: Download sources and javadoc] INFO  o.e.m.j.internal.DownloadSourcesJob - Downloaded sources for org.junit.jupiter:junit-jupiter-params:6.0.1
2025-12-13 12:30:06,039 [Worker-33: Download sources and javadoc] INFO  o.e.m.c.i.e.AbstractTransferListenerAdapter - Downloading https://repo.maven.apache.org/maven2/org/junit/jupiter/junit-jupiter-engine/6.0.1/junit-jupiter-engine-6.0.1-sources.jar
2025-12-13 12:30:06,092 [Worker-33: Download sources and javadoc] INFO  o.e.m.c.i.e.AbstractTransferListenerAdapter - Downloaded https://repo.maven.apache.org/maven2/org/junit/jupiter/junit-jupiter-engine/6.0.1/junit-jupiter-engine-6.0.1-sources.jar
2025-12-13 12:30:06,097 [Worker-33: Download sources and javadoc] INFO  o.e.m.j.internal.DownloadSourcesJob - Downloaded sources for org.junit.jupiter:junit-jupiter-engine:6.0.1
2025-12-13 12:30:06,165 [Worker-33: Download sources and javadoc] INFO  o.e.m.c.i.e.AbstractTransferListenerAdapter - Downloading https://repo.maven.apache.org/maven2/org/junit/platform/junit-platform-engine/6.0.1/junit-platform-engine-6.0.1-sources.jar
2025-12-13 12:30:06,220 [Worker-33: Download sources and javadoc] INFO  o.e.m.c.i.e.AbstractTransferListenerAdapter - Downloaded https://repo.maven.apache.org/maven2/org/junit/platform/junit-platform-engine/6.0.1/junit-platform-engine-6.0.1-sources.jar
2025-12-13 12:30:06,225 [Worker-33: Download sources and javadoc] INFO  o.e.m.j.internal.DownloadSourcesJob - Downloaded sources for org.junit.platform:junit-platform-engine:6.0.1
2025-12-13 12:30:06,290 [Worker-33: Download sources and javadoc] INFO  o.e.m.c.i.e.AbstractTransferListenerAdapter - Downloading https://repo.maven.apache.org/maven2/org/mockito/mockito-core/5.20.0/mockito-core-5.20.0-sources.jar
2025-12-13 12:30:06,374 [Worker-33: Download sources and javadoc] INFO  o.e.m.c.i.e.AbstractTransferListenerAdapter - Downloaded https://repo.maven.apache.org/maven2/org/mockito/mockito-core/5.20.0/mockito-core-5.20.0-sources.jar
2025-12-13 12:30:06,380 [Worker-33: Download sources and javadoc] INFO  o.e.m.j.internal.DownloadSourcesJob - Downloaded sources for org.mockito:mockito-core:5.20.0
2025-12-13 12:30:06,445 [Worker-33: Download sources and javadoc] INFO  o.e.m.c.i.e.AbstractTransferListenerAdapter - Downloading https://repo.maven.apache.org/maven2/org/mockito/mockito-junit-jupiter/5.20.0/mockito-junit-jupiter-5.20.0-sources.jar
2025-12-13 12:30:06,562 [Worker-33: Download sources and javadoc] INFO  o.e.m.c.i.e.AbstractTransferListenerAdapter - Downloaded https://repo.maven.apache.org/maven2/org/mockito/mockito-junit-jupiter/5.20.0/mockito-junit-jupiter-5.20.0-sources.jar
2025-12-13 12:30:06,567 [Worker-33: Download sources and javadoc] INFO  o.e.m.j.internal.DownloadSourcesJob - Downloaded sources for org.mockito:mockito-junit-jupiter:5.20.0
2025-12-13 12:30:06,650 [Worker-33: Download sources and javadoc] INFO  o.e.m.c.i.e.AbstractTransferListenerAdapter - Downloading https://repo.maven.apache.org/maven2/org/springframework/spring-test/7.0.1/spring-test-7.0.1-sources.jar
2025-12-13 12:30:06,752 [Worker-33: Download sources and javadoc] INFO  o.e.m.c.i.e.AbstractTransferListenerAdapter - Downloaded https://repo.maven.apache.org/maven2/org/springframework/spring-test/7.0.1/spring-test-7.0.1-sources.jar
2025-12-13 12:30:06,757 [Worker-33: Download sources and javadoc] INFO  o.e.m.j.internal.DownloadSourcesJob - Downloaded sources for org.springframework:spring-test:7.0.1
2025-12-13 12:30:06,830 [Worker-33: Download sources and javadoc] INFO  o.e.m.c.i.e.AbstractTransferListenerAdapter - Downloading https://repo.maven.apache.org/maven2/org/springframework/boot/spring-boot-security-test/4.0.0/spring-boot-security-test-4.0.0-sources.jar
2025-12-13 12:30:07,042 [Worker-33: Download sources and javadoc] INFO  o.e.m.c.i.e.AbstractTransferListenerAdapter - Downloaded https://repo.maven.apache.org/maven2/org/springframework/boot/spring-boot-security-test/4.0.0/spring-boot-security-test-4.0.0-sources.jar
2025-12-13 12:30:07,046 [Worker-33: Download sources and javadoc] INFO  o.e.m.j.internal.DownloadSourcesJob - Downloaded sources for org.springframework.boot:spring-boot-security-test:4.0.0
2025-12-13 12:30:07,129 [Worker-33: Download sources and javadoc] INFO  o.e.m.c.i.e.AbstractTransferListenerAdapter - Downloading https://repo.maven.apache.org/maven2/org/springframework/security/spring-security-test/7.0.0/spring-security-test-7.0.0-sources.jar
2025-12-13 12:30:07,174 [Worker-33: Download sources and javadoc] INFO  o.e.m.c.i.e.AbstractTransferListenerAdapter - Downloaded https://repo.maven.apache.org/maven2/org/springframework/security/spring-security-test/7.0.0/spring-security-test-7.0.0-sources.jar
2025-12-13 12:30:07,179 [Worker-33: Download sources and javadoc] INFO  o.e.m.j.internal.DownloadSourcesJob - Downloaded sources for org.springframework.security:spring-security-test:7.0.0
2025-12-13 12:30:07,256 [Worker-33: Download sources and javadoc] INFO  o.e.m.c.i.e.AbstractTransferListenerAdapter - Downloading https://repo.maven.apache.org/maven2/org/springframework/boot/spring-boot-starter-webmvc-test/4.0.0/spring-boot-starter-webmvc-test-4.0.0-sources.jar
2025-12-13 12:30:07,263 [Worker-33: Download sources and javadoc] INFO  o.e.m.c.i.e.AbstractTransferListenerAdapter - Downloaded https://repo.maven.apache.org/maven2/org/springframework/boot/spring-boot-starter-webmvc-test/4.0.0/spring-boot-starter-webmvc-test-4.0.0-sources.jar
2025-12-13 12:30:07,267 [Worker-33: Download sources and javadoc] INFO  o.e.m.j.internal.DownloadSourcesJob - Downloaded sources for org.springframework.boot:spring-boot-starter-webmvc-test:4.0.0
2025-12-13 12:30:07,330 [Worker-33: Download sources and javadoc] INFO  o.e.m.c.i.e.AbstractTransferListenerAdapter - Downloading https://repo.maven.apache.org/maven2/org/springframework/boot/spring-boot-starter-jackson-test/4.0.0/spring-boot-starter-jackson-test-4.0.0-sources.jar
2025-12-13 12:30:07,338 [Worker-33: Download sources and javadoc] INFO  o.e.m.c.i.e.AbstractTransferListenerAdapter - Downloaded https://repo.maven.apache.org/maven2/org/springframework/boot/spring-boot-starter-jackson-test/4.0.0/spring-boot-starter-jackson-test-4.0.0-sources.jar
2025-12-13 12:30:07,342 [Worker-33: Download sources and javadoc] INFO  o.e.m.j.internal.DownloadSourcesJob - Downloaded sources for org.springframework.boot:spring-boot-starter-jackson-test:4.0.0
2025-12-13 12:30:07,411 [Worker-33: Download sources and javadoc] INFO  o.e.m.c.i.e.AbstractTransferListenerAdapter - Downloading https://repo.maven.apache.org/maven2/org/springframework/boot/spring-boot-webmvc-test/4.0.0/spring-boot-webmvc-test-4.0.0-sources.jar
2025-12-13 12:30:08,032 [Worker-33: Download sources and javadoc] INFO  o.e.m.c.i.e.AbstractTransferListenerAdapter - Downloaded https://repo.maven.apache.org/maven2/org/springframework/boot/spring-boot-webmvc-test/4.0.0/spring-boot-webmvc-test-4.0.0-sources.jar
2025-12-13 12:30:08,038 [Worker-33: Download sources and javadoc] INFO  o.e.m.j.internal.DownloadSourcesJob - Downloaded sources for org.springframework.boot:spring-boot-webmvc-test:4.0.0
2025-12-13 12:30:08,137 [Worker-33: Download sources and javadoc] INFO  o.e.m.c.i.e.AbstractTransferListenerAdapter - Downloading https://repo.maven.apache.org/maven2/org/springframework/boot/spring-boot-web-server/4.0.0/spring-boot-web-server-4.0.0-sources.jar
2025-12-13 12:30:08,195 [Worker-33: Download sources and javadoc] INFO  o.e.m.c.i.e.AbstractTransferListenerAdapter - Downloaded https://repo.maven.apache.org/maven2/org/springframework/boot/spring-boot-web-server/4.0.0/spring-boot-web-server-4.0.0-sources.jar
2025-12-13 12:30:08,201 [Worker-33: Download sources and javadoc] INFO  o.e.m.j.internal.DownloadSourcesJob - Downloaded sources for org.springframework.boot:spring-boot-web-server:4.0.0
2025-12-13 12:30:08,261 [Worker-33: Download sources and javadoc] INFO  o.e.m.c.i.e.AbstractTransferListenerAdapter - Downloading https://repo.maven.apache.org/maven2/org/springframework/boot/spring-boot-resttestclient/4.0.0/spring-boot-resttestclient-4.0.0-sources.jar
2025-12-13 12:30:08,612 [Worker-33: Download sources and javadoc] INFO  o.e.m.c.i.e.AbstractTransferListenerAdapter - Downloaded https://repo.maven.apache.org/maven2/org/springframework/boot/spring-boot-resttestclient/4.0.0/spring-boot-resttestclient-4.0.0-sources.jar
2025-12-13 12:30:08,616 [Worker-33: Download sources and javadoc] INFO  o.e.m.j.internal.DownloadSourcesJob - Downloaded sources for org.springframework.boot:spring-boot-resttestclient:4.0.0
2025-12-13 12:30:08,700 [Worker-33: Download sources and javadoc] INFO  o.e.m.c.i.e.AbstractTransferListenerAdapter - Downloading https://repo.maven.apache.org/maven2/org/springframework/boot/spring-boot-restclient/4.0.0/spring-boot-restclient-4.0.0-sources.jar
2025-12-13 12:30:09,508 [Worker-33: Download sources and javadoc] INFO  o.e.m.c.i.e.AbstractTransferListenerAdapter - Downloaded https://repo.maven.apache.org/maven2/org/springframework/boot/spring-boot-restclient/4.0.0/spring-boot-restclient-4.0.0-sources.jar
2025-12-13 12:30:09,513 [Worker-33: Download sources and javadoc] INFO  o.e.m.j.internal.DownloadSourcesJob - Downloaded sources for org.springframework.boot:spring-boot-restclient:4.0.0
2025-12-13 12:30:09,611 [Worker-33: Download sources and javadoc] INFO  o.e.m.c.i.e.AbstractTransferListenerAdapter - Downloading https://repo.maven.apache.org/maven2/org/springframework/boot/spring-boot-http-client/4.0.0/spring-boot-http-client-4.0.0-sources.jar
2025-12-13 12:30:09,655 [Worker-33: Download sources and javadoc] INFO  o.e.m.c.i.e.AbstractTransferListenerAdapter - Downloaded https://repo.maven.apache.org/maven2/org/springframework/boot/spring-boot-http-client/4.0.0/spring-boot-http-client-4.0.0-sources.jar
2025-12-13 12:30:09,660 [Worker-33: Download sources and javadoc] INFO  o.e.m.j.internal.DownloadSourcesJob - Downloaded sources for org.springframework.boot:spring-boot-http-client:4.0.0
2025-12-13 12:31:27,209 [Worker-32: Building] INFO  o.a.m.s.f.DefaultMavenResourcesFiltering - Copying 1 resource from src\main\resources to target\classes
2025-12-13 12:31:27,217 [Worker-32: Building] INFO  o.a.m.s.f.DefaultMavenResourcesFiltering - Copying 0 resource from src\main\resources to target\classes
2025-12-13 12:31:27,222 [Worker-32: Building] INFO  o.a.m.s.f.DefaultMavenResourcesFiltering - skip non existing resourceDirectory C:\Users\flame\Documents\eclipseProjects\mediaLogic\SampleAPI\src\test\resources
2025-12-13 12:32:04,843 [Worker-16: Building] INFO  o.a.m.s.f.DefaultMavenResourcesFiltering - Copying 1 resource from src\main\resources to target\classes
2025-12-13 12:32:04,851 [Worker-16: Building] INFO  o.a.m.s.f.DefaultMavenResourcesFiltering - Copying 0 resource from src\main\resources to target\classes
2025-12-13 12:32:04,857 [Worker-16: Building] INFO  o.a.m.s.f.DefaultMavenResourcesFiltering - skip non existing resourceDirectory C:\Users\flame\Documents\eclipseProjects\mediaLogic\SampleAPI\src\test\resources
2025-12-13 12:32:15,674 [Worker-8: Building] INFO  o.a.m.s.f.DefaultMavenResourcesFiltering - Copying 1 resource from src\main\resources to target\classes
2025-12-13 12:32:15,682 [Worker-8: Building] INFO  o.a.m.s.f.DefaultMavenResourcesFiltering - Copying 0 resource from src\main\resources to target\classes
2025-12-13 12:32:15,687 [Worker-8: Building] INFO  o.a.m.s.f.DefaultMavenResourcesFiltering - skip non existing resourceDirectory C:\Users\flame\Documents\eclipseProjects\mediaLogic\SampleAPI\src\test\resources
2025-12-13 12:34:32,949 [Worker-29: Building] INFO  o.a.m.s.f.DefaultMavenResourcesFiltering - Copying 1 resource from src\main\resources to target\classes
2025-12-13 12:34:32,958 [Worker-29: Building] INFO  o.a.m.s.f.DefaultMavenResourcesFiltering - Copying 0 resource from src\main\resources to target\classes
2025-12-13 12:34:32,964 [Worker-29: Building] INFO  o.a.m.s.f.DefaultMavenResourcesFiltering - skip non existing resourceDirectory C:\Users\flame\Documents\eclipseProjects\mediaLogic\SampleAPI\src\test\resources
2025-12-13 12:37:15,824 [Worker-29: Building] INFO  o.e.m.c.i.l.LifecycleMappingFactory - Using org.eclipse.m2e.jdt.JarLifecycleMapping lifecycle mapping for MavenProject: com.example:SampleAPI:0.0.1-SNAPSHOT @ C:\Users\flame\Documents\eclipseProjects\mediaLogic\SampleAPI\pom.xml.
2025-12-13 12:37:16,739 [Worker-29: Building] INFO  o.a.m.s.f.DefaultMavenResourcesFiltering - Copying 0 resource from src\main\resources to target\classes
2025-12-13 12:37:16,741 [Worker-29: Building] INFO  o.a.m.s.f.DefaultMavenResourcesFiltering - Copying 0 resource from src\main\resources to target\classes
2025-12-13 12:37:16,749 [Worker-29: Building] INFO  o.a.m.s.f.DefaultMavenResourcesFiltering - skip non existing resourceDirectory C:\Users\flame\Documents\eclipseProjects\mediaLogic\SampleAPI\src\test\resources
2025-12-13 12:37:18,273 [Worker-32: Building] INFO  o.a.m.s.f.DefaultMavenResourcesFiltering - Copying 1 resource from src\main\resources to target\classes
2025-12-13 12:37:18,316 [Worker-32: Building] INFO  o.a.m.s.f.DefaultMavenResourcesFiltering - Copying 0 resource from src\main\resources to target\classes
2025-12-13 12:37:18,321 [Worker-32: Building] INFO  o.a.m.s.f.DefaultMavenResourcesFiltering - skip non existing resourceDirectory C:\Users\flame\Documents\eclipseProjects\mediaLogic\SampleAPI\src\test\resources
2025-12-13 12:37:22,896 [Worker-35: Building] INFO  o.e.m.c.i.l.LifecycleMappingFactory - Using org.eclipse.m2e.jdt.JarLifecycleMapping lifecycle mapping for MavenProject: com.example:SampleAPI:0.0.1-SNAPSHOT @ C:\Users\flame\Documents\eclipseProjects\mediaLogic\SampleAPI\pom.xml.
2025-12-13 12:37:23,483 [Worker-35: Building] INFO  o.a.m.s.f.DefaultMavenResourcesFiltering - Copying 0 resource from src\main\resources to target\classes
2025-12-13 12:37:23,484 [Worker-35: Building] INFO  o.a.m.s.f.DefaultMavenResourcesFiltering - Copying 0 resource from src\main\resources to target\classes
2025-12-13 12:37:23,491 [Worker-35: Building] INFO  o.a.m.s.f.DefaultMavenResourcesFiltering - skip non existing resourceDirectory C:\Users\flame\Documents\eclipseProjects\mediaLogic\SampleAPI\src\test\resources
2025-12-13 12:38:43,110 [Worker-36: Building] INFO  o.a.m.s.f.DefaultMavenResourcesFiltering - Copying 1 resource from src\main\resources to target\classes
2025-12-13 12:38:43,123 [Worker-36: Building] INFO  o.a.m.s.f.DefaultMavenResourcesFiltering - Copying 0 resource from src\main\resources to target\classes
2025-12-13 12:38:43,126 [Worker-36: Building] INFO  o.a.m.s.f.DefaultMavenResourcesFiltering - skip non existing resourceDirectory C:\Users\flame\Documents\eclipseProjects\mediaLogic\SampleAPI\src\test\resources
2025-12-13 12:38:47,960 [Worker-27: Updating Maven Project] INFO  o.e.m.c.i.p.ProjectConfigurationManager - Update started
2025-12-13 12:38:48,389 [Worker-27: Updating Maven Project] INFO  o.e.m.c.i.l.LifecycleMappingFactory - Using org.eclipse.m2e.jdt.JarLifecycleMapping lifecycle mapping for MavenProject: com.example:SampleAPI:0.0.1-SNAPSHOT @ C:\Users\flame\Documents\eclipseProjects\mediaLogic\SampleAPI\pom.xml.
2025-12-13 12:38:48,885 [Worker-27: Updating Maven Project] INFO  o.e.m.j.i.AbstractJavaProjectConfigurator - Adding source folder /SampleAPI/src/main/java
2025-12-13 12:38:48,886 [Worker-27: Updating Maven Project] INFO  o.e.m.j.i.AbstractJavaProjectConfigurator - Adding resource folder /SampleAPI/src/main/resources
2025-12-13 12:38:48,886 [Worker-27: Updating Maven Project] INFO  o.e.m.j.i.AbstractJavaProjectConfigurator - Adding resource folder /SampleAPI/src/main/resources
2025-12-13 12:38:48,887 [Worker-27: Updating Maven Project] INFO  o.e.m.j.i.AbstractJavaProjectConfigurator - Adding source folder /SampleAPI/src/test/java
2025-12-13 12:38:48,888 [Worker-27: Updating Maven Project] INFO  o.e.m.j.i.AbstractJavaProjectConfigurator - Adding resource folder /SampleAPI/src/test/resources
2025-12-13 12:38:49,145 [Worker-27: Updating Maven Project] INFO  o.e.m.c.i.p.ProjectConfigurationManager - Update completed for 1 poms: local refresh takes 0,00 sec, refresh facades takes 0,00 sec, update config takes 0,00 sec 
2025-12-13 12:38:49,503 [Worker-35: Building] INFO  o.a.m.s.f.DefaultMavenResourcesFiltering - Copying 1 resource from src\main\resources to target\classes
2025-12-13 12:38:49,528 [Worker-35: Building] INFO  o.a.m.s.f.DefaultMavenResourcesFiltering - Copying 0 resource from src\main\resources to target\classes
2025-12-13 12:38:49,536 [Worker-35: Building] INFO  o.a.m.s.f.DefaultMavenResourcesFiltering - skip non existing resourceDirectory C:\Users\flame\Documents\eclipseProjects\mediaLogic\SampleAPI\src\test\resources
2025-12-13 12:39:34,142 [Worker-37: Building] INFO  o.a.m.s.f.DefaultMavenResourcesFiltering - Copying 1 resource from src\main\resources to target\classes
2025-12-13 12:39:34,148 [Worker-37: Building] INFO  o.a.m.s.f.DefaultMavenResourcesFiltering - Copying 0 resource from src\main\resources to target\classes
2025-12-13 12:39:34,151 [Worker-37: Building] INFO  o.a.m.s.f.DefaultMavenResourcesFiltering - skip non existing resourceDirectory C:\Users\flame\Documents\eclipseProjects\mediaLogic\SampleAPI\src\test\resources
2025-12-13 12:40:13,975 [Worker-29: Building] INFO  o.a.m.s.f.DefaultMavenResourcesFiltering - Copying 1 resource from src\main\resources to target\classes
2025-12-13 12:40:13,982 [Worker-29: Building] INFO  o.a.m.s.f.DefaultMavenResourcesFiltering - Copying 0 resource from src\main\resources to target\classes
2025-12-13 12:40:13,985 [Worker-29: Building] INFO  o.a.m.s.f.DefaultMavenResourcesFiltering - skip non existing resourceDirectory C:\Users\flame\Documents\eclipseProjects\mediaLogic\SampleAPI\src\test\resources
2025-12-13 12:40:34,511 [Worker-32: Building] INFO  o.a.m.s.f.DefaultMavenResourcesFiltering - Copying 1 resource from src\main\resources to target\classes
2025-12-13 12:40:34,518 [Worker-32: Building] INFO  o.a.m.s.f.DefaultMavenResourcesFiltering - Copying 0 resource from src\main\resources to target\classes
2025-12-13 12:40:34,522 [Worker-32: Building] INFO  o.a.m.s.f.DefaultMavenResourcesFiltering - skip non existing resourceDirectory C:\Users\flame\Documents\eclipseProjects\mediaLogic\SampleAPI\src\test\resources
2025-12-13 12:41:12,423 [Worker-29: Building] INFO  o.a.m.s.f.DefaultMavenResourcesFiltering - Copying 0 resource from src\main\resources to target\classes
2025-12-13 12:41:12,424 [Worker-29: Building] INFO  o.a.m.s.f.DefaultMavenResourcesFiltering - Copying 0 resource from src\main\resources to target\classes
2025-12-13 12:41:12,428 [Worker-29: Building] INFO  o.a.m.s.f.DefaultMavenResourcesFiltering - skip non existing resourceDirectory C:\Users\flame\Documents\eclipseProjects\mediaLogic\SampleAPI\src\test\resources
2025-12-13 12:41:59,658 [Worker-37: Building] INFO  o.a.m.s.f.DefaultMavenResourcesFiltering - Copying 1 resource from src\main\resources to target\classes
2025-12-13 12:41:59,667 [Worker-37: Building] INFO  o.a.m.s.f.DefaultMavenResourcesFiltering - Copying 0 resource from src\main\resources to target\classes
2025-12-13 12:41:59,672 [Worker-37: Building] INFO  o.a.m.s.f.DefaultMavenResourcesFiltering - skip non existing resourceDirectory C:\Users\flame\Documents\eclipseProjects\mediaLogic\SampleAPI\src\test\resources
2025-12-13 12:42:51,216 [Worker-38: Building] INFO  o.a.m.s.f.DefaultMavenResourcesFiltering - Copying 1 resource from src\main\resources to target\classes
2025-12-13 12:42:51,222 [Worker-38: Building] INFO  o.a.m.s.f.DefaultMavenResourcesFiltering - Copying 0 resource from src\main\resources to target\classes
2025-12-13 12:42:51,226 [Worker-38: Building] INFO  o.a.m.s.f.DefaultMavenResourcesFiltering - skip non existing resourceDirectory C:\Users\flame\Documents\eclipseProjects\mediaLogic\SampleAPI\src\test\resources
2025-12-13 12:43:03,835 [Worker-34: Building] INFO  o.a.m.s.f.DefaultMavenResourcesFiltering - Copying 1 resource from src\main\resources to target\classes
2025-12-13 12:43:03,852 [Worker-34: Building] INFO  o.a.m.s.f.DefaultMavenResourcesFiltering - Copying 0 resource from src\main\resources to target\classes
2025-12-13 12:43:03,861 [Worker-34: Building] INFO  o.a.m.s.f.DefaultMavenResourcesFiltering - skip non existing resourceDirectory C:\Users\flame\Documents\eclipseProjects\mediaLogic\SampleAPI\src\test\resources
2025-12-13 12:44:26,631 [Worker-27: Building] INFO  o.a.m.s.f.DefaultMavenResourcesFiltering - Copying 1 resource from src\main\resources to target\classes
2025-12-13 12:44:26,637 [Worker-27: Building] INFO  o.a.m.s.f.DefaultMavenResourcesFiltering - Copying 0 resource from src\main\resources to target\classes
2025-12-13 12:44:26,641 [Worker-27: Building] INFO  o.a.m.s.f.DefaultMavenResourcesFiltering - skip non existing resourceDirectory C:\Users\flame\Documents\eclipseProjects\mediaLogic\SampleAPI\src\test\resources
2025-12-13 12:44:35,688 [Worker-34: Building] INFO  o.a.m.s.f.DefaultMavenResourcesFiltering - Copying 1 resource from src\main\resources to target\classes
2025-12-13 12:44:35,695 [Worker-34: Building] INFO  o.a.m.s.f.DefaultMavenResourcesFiltering - Copying 0 resource from src\main\resources to target\classes
2025-12-13 12:44:35,698 [Worker-34: Building] INFO  o.a.m.s.f.DefaultMavenResourcesFiltering - skip non existing resourceDirectory C:\Users\flame\Documents\eclipseProjects\mediaLogic\SampleAPI\src\test\resources
2025-12-13 12:44:51,260 [Worker-34: Building] INFO  o.a.m.s.f.DefaultMavenResourcesFiltering - Copying 1 resource from src\main\resources to target\classes
2025-12-13 12:44:51,269 [Worker-34: Building] INFO  o.a.m.s.f.DefaultMavenResourcesFiltering - Copying 0 resource from src\main\resources to target\classes
2025-12-13 12:44:51,272 [Worker-34: Building] INFO  o.a.m.s.f.DefaultMavenResourcesFiltering - skip non existing resourceDirectory C:\Users\flame\Documents\eclipseProjects\mediaLogic\SampleAPI\src\test\resources
2025-12-13 12:45:08,361 [Worker-29: Building] INFO  o.a.m.s.f.DefaultMavenResourcesFiltering - Copying 1 resource from src\main\resources to target\classes
2025-12-13 12:45:08,368 [Worker-29: Building] INFO  o.a.m.s.f.DefaultMavenResourcesFiltering - Copying 0 resource from src\main\resources to target\classes
2025-12-13 12:45:08,372 [Worker-29: Building] INFO  o.a.m.s.f.DefaultMavenResourcesFiltering - skip non existing resourceDirectory C:\Users\flame\Documents\eclipseProjects\mediaLogic\SampleAPI\src\test\resources
2025-12-13 12:46:48,871 [Worker-38: Building] INFO  o.a.m.s.f.DefaultMavenResourcesFiltering - Copying 1 resource from src\main\resources to target\classes
2025-12-13 12:46:48,878 [Worker-38: Building] INFO  o.a.m.s.f.DefaultMavenResourcesFiltering - Copying 0 resource from src\main\resources to target\classes
2025-12-13 12:46:48,882 [Worker-38: Building] INFO  o.a.m.s.f.DefaultMavenResourcesFiltering - skip non existing resourceDirectory C:\Users\flame\Documents\eclipseProjects\mediaLogic\SampleAPI\src\test\resources
2025-12-13 12:47:44,099 [Worker-29: Building] INFO  o.a.m.s.f.DefaultMavenResourcesFiltering - Copying 1 resource from src\main\resources to target\classes
2025-12-13 12:47:44,107 [Worker-29: Building] INFO  o.a.m.s.f.DefaultMavenResourcesFiltering - Copying 0 resource from src\main\resources to target\classes
2025-12-13 12:47:44,110 [Worker-29: Building] INFO  o.a.m.s.f.DefaultMavenResourcesFiltering - skip non existing resourceDirectory C:\Users\flame\Documents\eclipseProjects\mediaLogic\SampleAPI\src\test\resources
2025-12-13 12:48:07,808 [Worker-29: Building] INFO  o.a.m.s.f.DefaultMavenResourcesFiltering - Copying 1 resource from src\main\resources to target\classes
2025-12-13 12:48:07,816 [Worker-29: Building] INFO  o.a.m.s.f.DefaultMavenResourcesFiltering - Copying 0 resource from src\main\resources to target\classes
2025-12-13 12:48:07,822 [Worker-29: Building] INFO  o.a.m.s.f.DefaultMavenResourcesFiltering - skip non existing resourceDirectory C:\Users\flame\Documents\eclipseProjects\mediaLogic\SampleAPI\src\test\resources
2025-12-13 12:48:15,485 [Worker-38: Building] INFO  o.a.m.s.f.DefaultMavenResourcesFiltering - Copying 1 resource from src\main\resources to target\classes
2025-12-13 12:48:15,493 [Worker-38: Building] INFO  o.a.m.s.f.DefaultMavenResourcesFiltering - Copying 0 resource from src\main\resources to target\classes
2025-12-13 12:48:15,496 [Worker-38: Building] INFO  o.a.m.s.f.DefaultMavenResourcesFiltering - skip non existing resourceDirectory C:\Users\flame\Documents\eclipseProjects\mediaLogic\SampleAPI\src\test\resources
2025-12-13 12:48:43,287 [Worker-29: Building] INFO  o.a.m.s.f.DefaultMavenResourcesFiltering - Copying 1 resource from src\main\resources to target\classes
2025-12-13 12:48:43,293 [Worker-29: Building] INFO  o.a.m.s.f.DefaultMavenResourcesFiltering - Copying 0 resource from src\main\resources to target\classes
2025-12-13 12:48:43,297 [Worker-29: Building] INFO  o.a.m.s.f.DefaultMavenResourcesFiltering - skip non existing resourceDirectory C:\Users\flame\Documents\eclipseProjects\mediaLogic\SampleAPI\src\test\resources
2025-12-13 12:48:51,030 [Worker-35: Building] INFO  o.a.m.s.f.DefaultMavenResourcesFiltering - Copying 1 resource from src\main\resources to target\classes
2025-12-13 12:48:51,035 [Worker-35: Building] INFO  o.a.m.s.f.DefaultMavenResourcesFiltering - Copying 0 resource from src\main\resources to target\classes
2025-12-13 12:48:51,038 [Worker-35: Building] INFO  o.a.m.s.f.DefaultMavenResourcesFiltering - skip non existing resourceDirectory C:\Users\flame\Documents\eclipseProjects\mediaLogic\SampleAPI\src\test\resources
2025-12-13 12:49:29,606 [Worker-36: Building] INFO  o.a.m.s.f.DefaultMavenResourcesFiltering - Copying 1 resource from src\main\resources to target\classes
2025-12-13 12:49:29,612 [Worker-36: Building] INFO  o.a.m.s.f.DefaultMavenResourcesFiltering - Copying 0 resource from src\main\resources to target\classes
2025-12-13 12:49:29,615 [Worker-36: Building] INFO  o.a.m.s.f.DefaultMavenResourcesFiltering - skip non existing resourceDirectory C:\Users\flame\Documents\eclipseProjects\mediaLogic\SampleAPI\src\test\resources
2025-12-13 12:49:41,475 [Worker-29: Building] INFO  o.a.m.s.f.DefaultMavenResourcesFiltering - Copying 1 resource from src\main\resources to target\classes
2025-12-13 12:49:41,481 [Worker-29: Building] INFO  o.a.m.s.f.DefaultMavenResourcesFiltering - Copying 0 resource from src\main\resources to target\classes
2025-12-13 12:49:41,485 [Worker-29: Building] INFO  o.a.m.s.f.DefaultMavenResourcesFiltering - skip non existing resourceDirectory C:\Users\flame\Documents\eclipseProjects\mediaLogic\SampleAPI\src\test\resources
2025-12-13 12:49:49,241 [Worker-41: Building] INFO  o.a.m.s.f.DefaultMavenResourcesFiltering - Copying 1 resource from src\main\resources to target\classes
2025-12-13 12:49:49,246 [Worker-41: Building] INFO  o.a.m.s.f.DefaultMavenResourcesFiltering - Copying 0 resource from src\main\resources to target\classes
2025-12-13 12:49:49,250 [Worker-41: Building] INFO  o.a.m.s.f.DefaultMavenResourcesFiltering - skip non existing resourceDirectory C:\Users\flame\Documents\eclipseProjects\mediaLogic\SampleAPI\src\test\resources
2025-12-13 12:49:51,349 [Worker-39: Building] INFO  o.a.m.s.f.DefaultMavenResourcesFiltering - Copying 1 resource from src\main\resources to target\classes
2025-12-13 12:49:51,355 [Worker-39: Building] INFO  o.a.m.s.f.DefaultMavenResourcesFiltering - Copying 0 resource from src\main\resources to target\classes
2025-12-13 12:49:51,358 [Worker-39: Building] INFO  o.a.m.s.f.DefaultMavenResourcesFiltering - skip non existing resourceDirectory C:\Users\flame\Documents\eclipseProjects\mediaLogic\SampleAPI\src\test\resources
2025-12-13 12:52:45,582 [Worker-40: Building] INFO  o.a.m.s.f.DefaultMavenResourcesFiltering - Copying 1 resource from src\main\resources to target\classes
2025-12-13 12:52:45,588 [Worker-40: Building] INFO  o.a.m.s.f.DefaultMavenResourcesFiltering - Copying 0 resource from src\main\resources to target\classes
2025-12-13 12:52:45,591 [Worker-40: Building] INFO  o.a.m.s.f.DefaultMavenResourcesFiltering - skip non existing resourceDirectory C:\Users\flame\Documents\eclipseProjects\mediaLogic\SampleAPI\src\test\resources
2025-12-13 12:54:09,523 [Worker-36: Building] INFO  o.a.m.s.f.DefaultMavenResourcesFiltering - Copying 1 resource from src\main\resources to target\classes
2025-12-13 12:54:09,532 [Worker-36: Building] INFO  o.a.m.s.f.DefaultMavenResourcesFiltering - Copying 0 resource from src\main\resources to target\classes
2025-12-13 12:54:09,537 [Worker-36: Building] INFO  o.a.m.s.f.DefaultMavenResourcesFiltering - skip non existing resourceDirectory C:\Users\flame\Documents\eclipseProjects\mediaLogic\SampleAPI\src\test\resources
2025-12-13 12:54:50,537 [Worker-36: Building] INFO  o.e.m.c.i.l.LifecycleMappingFactory - Using org.eclipse.m2e.jdt.JarLifecycleMapping lifecycle mapping for MavenProject: com.example:SampleAPI:0.0.1-SNAPSHOT @ C:\Users\flame\Documents\eclipseProjects\mediaLogic\SampleAPI\pom.xml.
2025-12-13 12:54:50,945 [Worker-36: Building] INFO  o.e.m.c.i.e.AbstractTransferListenerAdapter - Downloading https://repo.maven.apache.org/maven2/org/springframework/boot/spring-boot-starter-validation/4.0.0/spring-boot-starter-validation-4.0.0.pom
2025-12-13 12:54:51,007 [Worker-36: Building] INFO  o.e.m.c.i.e.AbstractTransferListenerAdapter - Downloaded https://repo.maven.apache.org/maven2/org/springframework/boot/spring-boot-starter-validation/4.0.0/spring-boot-starter-validation-4.0.0.pom
2025-12-13 12:54:51,056 [Worker-36: Building] INFO  o.e.m.c.i.e.AbstractTransferListenerAdapter - Downloading https://repo.maven.apache.org/maven2/org/springframework/boot/spring-boot-validation/4.0.0/spring-boot-validation-4.0.0.pom
2025-12-13 12:54:51,135 [Worker-36: Building] INFO  o.e.m.c.i.e.AbstractTransferListenerAdapter - Downloaded https://repo.maven.apache.org/maven2/org/springframework/boot/spring-boot-validation/4.0.0/spring-boot-validation-4.0.0.pom
2025-12-13 12:54:51,196 [Worker-36: Building] INFO  o.e.m.c.i.e.AbstractTransferListenerAdapter - Downloading https://repo.maven.apache.org/maven2/org/hibernate/validator/hibernate-validator/9.0.1.Final/hibernate-validator-9.0.1.Final.pom
2025-12-13 12:54:51,257 [Worker-36: Building] INFO  o.e.m.c.i.e.AbstractTransferListenerAdapter - Downloaded https://repo.maven.apache.org/maven2/org/hibernate/validator/hibernate-validator/9.0.1.Final/hibernate-validator-9.0.1.Final.pom
2025-12-13 12:54:51,323 [Worker-36: Building] INFO  o.e.m.c.i.e.AbstractTransferListenerAdapter - Downloading https://repo.maven.apache.org/maven2/jakarta/validation/jakarta.validation-api/3.1.1/jakarta.validation-api-3.1.1.pom
2025-12-13 12:54:51,395 [Worker-36: Building] INFO  o.e.m.c.i.e.AbstractTransferListenerAdapter - Downloaded https://repo.maven.apache.org/maven2/jakarta/validation/jakarta.validation-api/3.1.1/jakarta.validation-api-3.1.1.pom
2025-12-13 12:54:51,486 [Worker-36: Building] INFO  o.e.m.c.i.e.AbstractTransferListenerAdapter - Downloading https://repo.maven.apache.org/maven2/org/springframework/boot/spring-boot-starter-validation-test/4.0.0/spring-boot-starter-validation-test-4.0.0.pom
2025-12-13 12:54:51,561 [Worker-36: Building] INFO  o.e.m.c.i.e.AbstractTransferListenerAdapter - Downloaded https://repo.maven.apache.org/maven2/org/springframework/boot/spring-boot-starter-validation-test/4.0.0/spring-boot-starter-validation-test-4.0.0.pom
2025-12-13 12:54:51,834 [Worker-36: Building] INFO  o.e.m.c.i.e.AbstractTransferListenerAdapter - Downloading https://repo.maven.apache.org/maven2/org/springframework/boot/spring-boot-starter-validation/4.0.0/spring-boot-starter-validation-4.0.0.jar
2025-12-13 12:54:51,951 [Worker-36: Building] INFO  o.e.m.c.i.e.AbstractTransferListenerAdapter - Downloaded https://repo.maven.apache.org/maven2/org/springframework/boot/spring-boot-starter-validation/4.0.0/spring-boot-starter-validation-4.0.0.jar
2025-12-13 12:54:51,997 [BasicRepositoryConnector-repo.maven.apache.org-1-0] INFO  o.e.m.c.i.e.AbstractTransferListenerAdapter - Downloading https://repo.maven.apache.org/maven2/org/springframework/boot/spring-boot-validation/4.0.0/spring-boot-validation-4.0.0.jar
2025-12-13 12:54:52,021 [BasicRepositoryConnector-repo.maven.apache.org-1-3] INFO  o.e.m.c.i.e.AbstractTransferListenerAdapter - Downloading https://repo.maven.apache.org/maven2/org/springframework/boot/spring-boot-starter-validation-test/4.0.0/spring-boot-starter-validation-test-4.0.0.jar
2025-12-13 12:54:52,109 [BasicRepositoryConnector-repo.maven.apache.org-1-2] INFO  o.e.m.c.i.e.AbstractTransferListenerAdapter - Downloading https://repo.maven.apache.org/maven2/jakarta/validation/jakarta.validation-api/3.1.1/jakarta.validation-api-3.1.1.jar
2025-12-13 12:54:52,113 [BasicRepositoryConnector-repo.maven.apache.org-1-1] INFO  o.e.m.c.i.e.AbstractTransferListenerAdapter - Downloading https://repo.maven.apache.org/maven2/org/hibernate/validator/hibernate-validator/9.0.1.Final/hibernate-validator-9.0.1.Final.jar
2025-12-13 12:54:52,195 [BasicRepositoryConnector-repo.maven.apache.org-1-3] INFO  o.e.m.c.i.e.AbstractTransferListenerAdapter - Downloaded https://repo.maven.apache.org/maven2/org/springframework/boot/spring-boot-starter-validation-test/4.0.0/spring-boot-starter-validation-test-4.0.0.jar
2025-12-13 12:54:52,260 [BasicRepositoryConnector-repo.maven.apache.org-1-2] INFO  o.e.m.c.i.e.AbstractTransferListenerAdapter - Downloaded https://repo.maven.apache.org/maven2/jakarta/validation/jakarta.validation-api/3.1.1/jakarta.validation-api-3.1.1.jar
2025-12-13 12:54:52,315 [BasicRepositoryConnector-repo.maven.apache.org-1-1] INFO  o.e.m.c.i.e.AbstractTransferListenerAdapter - Downloaded https://repo.maven.apache.org/maven2/org/hibernate/validator/hibernate-validator/9.0.1.Final/hibernate-validator-9.0.1.Final.jar
2025-12-13 12:54:52,541 [BasicRepositoryConnector-repo.maven.apache.org-1-0] INFO  o.e.m.c.i.e.AbstractTransferListenerAdapter - Downloaded https://repo.maven.apache.org/maven2/org/springframework/boot/spring-boot-validation/4.0.0/spring-boot-validation-4.0.0.jar
2025-12-13 12:54:53,255 [Worker-36: Building] INFO  o.a.m.s.f.DefaultMavenResourcesFiltering - Copying 0 resource from src\main\resources to target\classes
2025-12-13 12:54:53,257 [Worker-36: Building] INFO  o.a.m.s.f.DefaultMavenResourcesFiltering - Copying 0 resource from src\main\resources to target\classes
2025-12-13 12:54:53,268 [Worker-36: Building] INFO  o.a.m.s.f.DefaultMavenResourcesFiltering - skip non existing resourceDirectory C:\Users\flame\Documents\eclipseProjects\mediaLogic\SampleAPI\src\test\resources
2025-12-13 12:54:53,592 [Worker-38: Updating Maven Project] INFO  o.e.m.c.i.p.ProjectConfigurationManager - Update started
2025-12-13 12:54:55,038 [Worker-35: Download sources and javadoc] INFO  o.e.m.c.i.e.AbstractTransferListenerAdapter - Downloading https://repo.maven.apache.org/maven2/org/springframework/boot/spring-boot-starter-validation/4.0.0/spring-boot-starter-validation-4.0.0-sources.jar
2025-12-13 12:54:55,053 [Worker-38: Updating Maven Project] INFO  o.e.m.c.i.l.LifecycleMappingFactory - Using org.eclipse.m2e.jdt.JarLifecycleMapping lifecycle mapping for MavenProject: com.example:SampleAPI:0.0.1-SNAPSHOT @ C:\Users\flame\Documents\eclipseProjects\mediaLogic\SampleAPI\pom.xml.
2025-12-13 12:54:55,119 [Worker-35: Download sources and javadoc] INFO  o.e.m.c.i.e.AbstractTransferListenerAdapter - Downloaded https://repo.maven.apache.org/maven2/org/springframework/boot/spring-boot-starter-validation/4.0.0/spring-boot-starter-validation-4.0.0-sources.jar
2025-12-13 12:54:55,125 [Worker-35: Download sources and javadoc] INFO  o.e.m.j.internal.DownloadSourcesJob - Downloaded sources for org.springframework.boot:spring-boot-starter-validation:4.0.0
2025-12-13 12:54:55,204 [Worker-35: Download sources and javadoc] INFO  o.e.m.c.i.e.AbstractTransferListenerAdapter - Downloading https://repo.maven.apache.org/maven2/org/springframework/boot/spring-boot-validation/4.0.0/spring-boot-validation-4.0.0-sources.jar
2025-12-13 12:54:55,723 [Worker-35: Download sources and javadoc] INFO  o.e.m.c.i.e.AbstractTransferListenerAdapter - Downloaded https://repo.maven.apache.org/maven2/org/springframework/boot/spring-boot-validation/4.0.0/spring-boot-validation-4.0.0-sources.jar
2025-12-13 12:54:55,729 [Worker-35: Download sources and javadoc] INFO  o.e.m.j.internal.DownloadSourcesJob - Downloaded sources for org.springframework.boot:spring-boot-validation:4.0.0
2025-12-13 12:54:55,780 [Worker-38: Updating Maven Project] INFO  o.e.m.j.i.AbstractJavaProjectConfigurator - Adding source folder /SampleAPI/src/main/java
2025-12-13 12:54:55,781 [Worker-38: Updating Maven Project] INFO  o.e.m.j.i.AbstractJavaProjectConfigurator - Adding resource folder /SampleAPI/src/main/resources
2025-12-13 12:54:55,782 [Worker-38: Updating Maven Project] INFO  o.e.m.j.i.AbstractJavaProjectConfigurator - Adding resource folder /SampleAPI/src/main/resources
2025-12-13 12:54:55,783 [Worker-38: Updating Maven Project] INFO  o.e.m.j.i.AbstractJavaProjectConfigurator - Adding source folder /SampleAPI/src/test/java
2025-12-13 12:54:55,784 [Worker-38: Updating Maven Project] INFO  o.e.m.j.i.AbstractJavaProjectConfigurator - Adding resource folder /SampleAPI/src/test/resources
2025-12-13 12:54:55,806 [Worker-35: Download sources and javadoc] INFO  o.e.m.c.i.e.AbstractTransferListenerAdapter - Downloading https://repo.maven.apache.org/maven2/org/hibernate/validator/hibernate-validator/9.0.1.Final/hibernate-validator-9.0.1.Final-sources.jar
2025-12-13 12:54:55,927 [Worker-35: Download sources and javadoc] INFO  o.e.m.c.i.e.AbstractTransferListenerAdapter - Downloaded https://repo.maven.apache.org/maven2/org/hibernate/validator/hibernate-validator/9.0.1.Final/hibernate-validator-9.0.1.Final-sources.jar
2025-12-13 12:54:55,933 [Worker-35: Download sources and javadoc] INFO  o.e.m.j.internal.DownloadSourcesJob - Downloaded sources for org.hibernate.validator:hibernate-validator:9.0.1.Final
2025-12-13 12:54:56,043 [Worker-35: Download sources and javadoc] INFO  o.e.m.c.i.e.AbstractTransferListenerAdapter - Downloading https://repo.maven.apache.org/maven2/jakarta/validation/jakarta.validation-api/3.1.1/jakarta.validation-api-3.1.1-sources.jar
2025-12-13 12:54:56,103 [Worker-35: Download sources and javadoc] INFO  o.e.m.c.i.e.AbstractTransferListenerAdapter - Downloaded https://repo.maven.apache.org/maven2/jakarta/validation/jakarta.validation-api/3.1.1/jakarta.validation-api-3.1.1-sources.jar
2025-12-13 12:54:56,109 [Worker-35: Download sources and javadoc] INFO  o.e.m.j.internal.DownloadSourcesJob - Downloaded sources for jakarta.validation:jakarta.validation-api:3.1.1
2025-12-13 12:54:56,201 [Worker-35: Download sources and javadoc] INFO  o.e.m.c.i.e.AbstractTransferListenerAdapter - Downloading https://repo.maven.apache.org/maven2/org/springframework/boot/spring-boot-starter-validation-test/4.0.0/spring-boot-starter-validation-test-4.0.0-sources.jar
2025-12-13 12:54:56,211 [Worker-35: Download sources and javadoc] INFO  o.e.m.c.i.e.AbstractTransferListenerAdapter - Downloaded https://repo.maven.apache.org/maven2/org/springframework/boot/spring-boot-starter-validation-test/4.0.0/spring-boot-starter-validation-test-4.0.0-sources.jar
2025-12-13 12:54:56,217 [Worker-35: Download sources and javadoc] INFO  o.e.m.j.internal.DownloadSourcesJob - Downloaded sources for org.springframework.boot:spring-boot-starter-validation-test:4.0.0
2025-12-13 12:54:56,291 [Worker-38: Updating Maven Project] INFO  o.e.m.c.i.p.ProjectConfigurationManager - Update completed for 1 poms: local refresh takes 0,00 sec, refresh facades takes 2,00 sec, update config takes 0,00 sec 
2025-12-13 12:54:56,299 [Worker-38: Updating Maven Project] INFO  o.e.m.c.i.p.ProjectConfigurationManager - Update started
2025-12-13 12:54:56,927 [Worker-38: Updating Maven Project] INFO  o.e.m.c.i.l.LifecycleMappingFactory - Using org.eclipse.m2e.jdt.JarLifecycleMapping lifecycle mapping for MavenProject: com.example:SampleAPI:0.0.1-SNAPSHOT @ C:\Users\flame\Documents\eclipseProjects\mediaLogic\SampleAPI\pom.xml.
2025-12-13 12:54:57,721 [Worker-38: Updating Maven Project] INFO  o.e.m.j.i.AbstractJavaProjectConfigurator - Adding source folder /SampleAPI/src/main/java
2025-12-13 12:54:57,722 [Worker-38: Updating Maven Project] INFO  o.e.m.j.i.AbstractJavaProjectConfigurator - Adding resource folder /SampleAPI/src/main/resources
2025-12-13 12:54:57,723 [Worker-38: Updating Maven Project] INFO  o.e.m.j.i.AbstractJavaProjectConfigurator - Adding resource folder /SampleAPI/src/main/resources
2025-12-13 12:54:57,724 [Worker-38: Updating Maven Project] INFO  o.e.m.j.i.AbstractJavaProjectConfigurator - Adding source folder /SampleAPI/src/test/java
2025-12-13 12:54:57,725 [Worker-38: Updating Maven Project] INFO  o.e.m.j.i.AbstractJavaProjectConfigurator - Adding resource folder /SampleAPI/src/test/resources
2025-12-13 12:54:58,561 [Worker-38: Updating Maven Project] INFO  o.e.m.c.i.p.ProjectConfigurationManager - Update completed for 1 poms: local refresh takes 0,00 sec, refresh facades takes 1,00 sec, update config takes 0,00 sec 
2025-12-13 12:54:59,381 [Worker-45: Building] INFO  o.a.m.s.f.DefaultMavenResourcesFiltering - Copying 1 resource from src\main\resources to target\classes
2025-12-13 12:54:59,415 [Worker-45: Building] INFO  o.a.m.s.f.DefaultMavenResourcesFiltering - Copying 0 resource from src\main\resources to target\classes
2025-12-13 12:54:59,425 [Worker-45: Building] INFO  o.a.m.s.f.DefaultMavenResourcesFiltering - skip non existing resourceDirectory C:\Users\flame\Documents\eclipseProjects\mediaLogic\SampleAPI\src\test\resources
2025-12-13 12:55:26,702 [Worker-44: Building] INFO  o.a.m.s.f.DefaultMavenResourcesFiltering - Copying 1 resource from src\main\resources to target\classes
2025-12-13 12:55:26,709 [Worker-44: Building] INFO  o.a.m.s.f.DefaultMavenResourcesFiltering - Copying 0 resource from src\main\resources to target\classes
2025-12-13 12:55:26,712 [Worker-44: Building] INFO  o.a.m.s.f.DefaultMavenResourcesFiltering - skip non existing resourceDirectory C:\Users\flame\Documents\eclipseProjects\mediaLogic\SampleAPI\src\test\resources
2025-12-13 12:55:29,065 [Worker-39: Building] INFO  o.a.m.s.f.DefaultMavenResourcesFiltering - Copying 1 resource from src\main\resources to target\classes
2025-12-13 12:55:29,071 [Worker-39: Building] INFO  o.a.m.s.f.DefaultMavenResourcesFiltering - Copying 0 resource from src\main\resources to target\classes
2025-12-13 12:55:29,074 [Worker-39: Building] INFO  o.a.m.s.f.DefaultMavenResourcesFiltering - skip non existing resourceDirectory C:\Users\flame\Documents\eclipseProjects\mediaLogic\SampleAPI\src\test\resources
2025-12-13 12:55:49,142 [Worker-46: Building] INFO  o.a.m.s.f.DefaultMavenResourcesFiltering - Copying 1 resource from src\main\resources to target\classes
2025-12-13 12:55:49,148 [Worker-46: Building] INFO  o.a.m.s.f.DefaultMavenResourcesFiltering - Copying 0 resource from src\main\resources to target\classes
2025-12-13 12:55:49,151 [Worker-46: Building] INFO  o.a.m.s.f.DefaultMavenResourcesFiltering - skip non existing resourceDirectory C:\Users\flame\Documents\eclipseProjects\mediaLogic\SampleAPI\src\test\resources
2025-12-13 12:57:31,934 [Worker-39: Building] INFO  o.a.m.s.f.DefaultMavenResourcesFiltering - Copying 1 resource from src\main\resources to target\classes
2025-12-13 12:57:31,940 [Worker-39: Building] INFO  o.a.m.s.f.DefaultMavenResourcesFiltering - Copying 0 resource from src\main\resources to target\classes
2025-12-13 12:57:31,943 [Worker-39: Building] INFO  o.a.m.s.f.DefaultMavenResourcesFiltering - skip non existing resourceDirectory C:\Users\flame\Documents\eclipseProjects\mediaLogic\SampleAPI\src\test\resources
2025-12-13 12:58:32,181 [Worker-45: Building] INFO  o.a.m.s.f.DefaultMavenResourcesFiltering - Copying 1 resource from src\main\resources to target\classes
2025-12-13 12:58:32,189 [Worker-45: Building] INFO  o.a.m.s.f.DefaultMavenResourcesFiltering - Copying 0 resource from src\main\resources to target\classes
2025-12-13 12:58:32,193 [Worker-45: Building] INFO  o.a.m.s.f.DefaultMavenResourcesFiltering - skip non existing resourceDirectory C:\Users\flame\Documents\eclipseProjects\mediaLogic\SampleAPI\src\test\resources
2025-12-13 12:58:40,212 [Worker-42: Building] INFO  o.a.m.s.f.DefaultMavenResourcesFiltering - Copying 1 resource from src\main\resources to target\classes
2025-12-13 12:58:40,218 [Worker-42: Building] INFO  o.a.m.s.f.DefaultMavenResourcesFiltering - Copying 0 resource from src\main\resources to target\classes
2025-12-13 12:58:40,221 [Worker-42: Building] INFO  o.a.m.s.f.DefaultMavenResourcesFiltering - skip non existing resourceDirectory C:\Users\flame\Documents\eclipseProjects\mediaLogic\SampleAPI\src\test\resources
2025-12-13 12:58:59,135 [Worker-41: Building] INFO  o.a.m.s.f.DefaultMavenResourcesFiltering - Copying 1 resource from src\main\resources to target\classes
2025-12-13 12:58:59,141 [Worker-41: Building] INFO  o.a.m.s.f.DefaultMavenResourcesFiltering - Copying 0 resource from src\main\resources to target\classes
2025-12-13 12:58:59,144 [Worker-41: Building] INFO  o.a.m.s.f.DefaultMavenResourcesFiltering - skip non existing resourceDirectory C:\Users\flame\Documents\eclipseProjects\mediaLogic\SampleAPI\src\test\resources
2025-12-13 13:01:33,874 [Worker-45: Building] INFO  o.a.m.s.f.DefaultMavenResourcesFiltering - Copying 1 resource from src\main\resources to target\classes
2025-12-13 13:01:33,882 [Worker-45: Building] INFO  o.a.m.s.f.DefaultMavenResourcesFiltering - Copying 0 resource from src\main\resources to target\classes
2025-12-13 13:01:33,887 [Worker-45: Building] INFO  o.a.m.s.f.DefaultMavenResourcesFiltering - skip non existing resourceDirectory C:\Users\flame\Documents\eclipseProjects\mediaLogic\SampleAPI\src\test\resources
2025-12-13 13:02:19,483 [Worker-29: Building] INFO  o.a.m.s.f.DefaultMavenResourcesFiltering - Copying 1 resource from src\main\resources to target\classes
2025-12-13 13:02:19,491 [Worker-29: Building] INFO  o.a.m.s.f.DefaultMavenResourcesFiltering - Copying 0 resource from src\main\resources to target\classes
2025-12-13 13:02:19,493 [Worker-29: Building] INFO  o.a.m.s.f.DefaultMavenResourcesFiltering - skip non existing resourceDirectory C:\Users\flame\Documents\eclipseProjects\mediaLogic\SampleAPI\src\test\resources
2025-12-13 13:02:49,259 [Worker-41: Building] INFO  o.a.m.s.f.DefaultMavenResourcesFiltering - Copying 1 resource from src\main\resources to target\classes
2025-12-13 13:02:49,277 [Worker-41: Building] INFO  o.a.m.s.f.DefaultMavenResourcesFiltering - Copying 0 resource from src\main\resources to target\classes
2025-12-13 13:02:49,279 [Worker-41: Building] INFO  o.a.m.s.f.DefaultMavenResourcesFiltering - skip non existing resourceDirectory C:\Users\flame\Documents\eclipseProjects\mediaLogic\SampleAPI\src\test\resources
2025-12-13 13:04:42,793 [Worker-42: Building] INFO  o.a.m.s.f.DefaultMavenResourcesFiltering - Copying 1 resource from src\main\resources to target\classes
2025-12-13 13:04:42,815 [Worker-42: Building] INFO  o.a.m.s.f.DefaultMavenResourcesFiltering - Copying 0 resource from src\main\resources to target\classes
2025-12-13 13:04:42,822 [Worker-42: Building] INFO  o.a.m.s.f.DefaultMavenResourcesFiltering - skip non existing resourceDirectory C:\Users\flame\Documents\eclipseProjects\mediaLogic\SampleAPI\src\test\resources
2025-12-13 13:05:17,411 [Worker-39: Building] INFO  o.a.m.s.f.DefaultMavenResourcesFiltering - Copying 1 resource from src\main\resources to target\classes
2025-12-13 13:05:17,417 [Worker-39: Building] INFO  o.a.m.s.f.DefaultMavenResourcesFiltering - Copying 0 resource from src\main\resources to target\classes
2025-12-13 13:05:17,420 [Worker-39: Building] INFO  o.a.m.s.f.DefaultMavenResourcesFiltering - skip non existing resourceDirectory C:\Users\flame\Documents\eclipseProjects\mediaLogic\SampleAPI\src\test\resources
2025-12-13 13:05:40,086 [Worker-41: Building] INFO  o.a.m.s.f.DefaultMavenResourcesFiltering - Copying 1 resource from src\main\resources to target\classes
2025-12-13 13:05:40,095 [Worker-41: Building] INFO  o.a.m.s.f.DefaultMavenResourcesFiltering - Copying 0 resource from src\main\resources to target\classes
2025-12-13 13:05:40,098 [Worker-41: Building] INFO  o.a.m.s.f.DefaultMavenResourcesFiltering - skip non existing resourceDirectory C:\Users\flame\Documents\eclipseProjects\mediaLogic\SampleAPI\src\test\resources
2025-12-13 13:06:48,451 [Worker-46: Building] INFO  o.a.m.s.f.DefaultMavenResourcesFiltering - Copying 1 resource from src\main\resources to target\classes
2025-12-13 13:06:48,458 [Worker-46: Building] INFO  o.a.m.s.f.DefaultMavenResourcesFiltering - Copying 0 resource from src\main\resources to target\classes
2025-12-13 13:06:48,461 [Worker-46: Building] INFO  o.a.m.s.f.DefaultMavenResourcesFiltering - skip non existing resourceDirectory C:\Users\flame\Documents\eclipseProjects\mediaLogic\SampleAPI\src\test\resources
2025-12-13 13:07:21,000 [Worker-29: Building Workspace] INFO  o.a.m.s.f.DefaultMavenResourcesFiltering - Copying 1 resource from src\main\resources to target\classes
2025-12-13 13:07:21,008 [Worker-29: Building Workspace] INFO  o.a.m.s.f.DefaultMavenResourcesFiltering - Copying 0 resource from src\main\resources to target\classes
2025-12-13 13:07:21,012 [Worker-29: Building Workspace] INFO  o.a.m.s.f.DefaultMavenResourcesFiltering - skip non existing resourceDirectory C:\Users\flame\Documents\eclipseProjects\mediaLogic\SampleAPI\src\test\resources
2025-12-13 13:07:26,370 [Worker-42: Building] INFO  o.a.m.s.f.DefaultMavenResourcesFiltering - Copying 1 resource from src\main\resources to target\classes
2025-12-13 13:07:26,378 [Worker-42: Building] INFO  o.a.m.s.f.DefaultMavenResourcesFiltering - Copying 0 resource from src\main\resources to target\classes
2025-12-13 13:07:26,382 [Worker-42: Building] INFO  o.a.m.s.f.DefaultMavenResourcesFiltering - skip non existing resourceDirectory C:\Users\flame\Documents\eclipseProjects\mediaLogic\SampleAPI\src\test\resources
2025-12-13 13:07:37,024 [Worker-41: Building] INFO  o.a.m.s.f.DefaultMavenResourcesFiltering - Copying 1 resource from src\main\resources to target\classes
2025-12-13 13:07:37,030 [Worker-41: Building] INFO  o.a.m.s.f.DefaultMavenResourcesFiltering - Copying 0 resource from src\main\resources to target\classes
2025-12-13 13:07:37,033 [Worker-41: Building] INFO  o.a.m.s.f.DefaultMavenResourcesFiltering - skip non existing resourceDirectory C:\Users\flame\Documents\eclipseProjects\mediaLogic\SampleAPI\src\test\resources
2025-12-13 13:07:44,402 [Worker-38: Building] INFO  o.a.m.s.f.DefaultMavenResourcesFiltering - Copying 1 resource from src\main\resources to target\classes
2025-12-13 13:07:44,410 [Worker-38: Building] INFO  o.a.m.s.f.DefaultMavenResourcesFiltering - Copying 0 resource from src\main\resources to target\classes
2025-12-13 13:07:44,413 [Worker-38: Building] INFO  o.a.m.s.f.DefaultMavenResourcesFiltering - skip non existing resourceDirectory C:\Users\flame\Documents\eclipseProjects\mediaLogic\SampleAPI\src\test\resources
2025-12-13 13:08:01,947 [Worker-44: Building] INFO  o.a.m.s.f.DefaultMavenResourcesFiltering - Copying 1 resource from src\main\resources to target\classes
2025-12-13 13:08:01,968 [Worker-44: Building] INFO  o.a.m.s.f.DefaultMavenResourcesFiltering - Copying 0 resource from src\main\resources to target\classes
2025-12-13 13:08:01,975 [Worker-44: Building] INFO  o.a.m.s.f.DefaultMavenResourcesFiltering - skip non existing resourceDirectory C:\Users\flame\Documents\eclipseProjects\mediaLogic\SampleAPI\src\test\resources
2025-12-13 13:08:14,178 [Worker-29: Building] INFO  o.a.m.s.f.DefaultMavenResourcesFiltering - Copying 1 resource from src\main\resources to target\classes
2025-12-13 13:08:14,185 [Worker-29: Building] INFO  o.a.m.s.f.DefaultMavenResourcesFiltering - Copying 0 resource from src\main\resources to target\classes
2025-12-13 13:08:14,187 [Worker-29: Building] INFO  o.a.m.s.f.DefaultMavenResourcesFiltering - skip non existing resourceDirectory C:\Users\flame\Documents\eclipseProjects\mediaLogic\SampleAPI\src\test\resources
2025-12-13 13:08:16,724 [Worker-38: Building] INFO  o.a.m.s.f.DefaultMavenResourcesFiltering - Copying 1 resource from src\main\resources to target\classes
2025-12-13 13:08:16,730 [Worker-38: Building] INFO  o.a.m.s.f.DefaultMavenResourcesFiltering - Copying 0 resource from src\main\resources to target\classes
2025-12-13 13:08:16,732 [Worker-38: Building] INFO  o.a.m.s.f.DefaultMavenResourcesFiltering - skip non existing resourceDirectory C:\Users\flame\Documents\eclipseProjects\mediaLogic\SampleAPI\src\test\resources
2025-12-13 13:08:43,920 [Worker-40: Building] INFO  o.a.m.s.f.DefaultMavenResourcesFiltering - Copying 1 resource from src\main\resources to target\classes
2025-12-13 13:08:43,926 [Worker-40: Building] INFO  o.a.m.s.f.DefaultMavenResourcesFiltering - Copying 0 resource from src\main\resources to target\classes
2025-12-13 13:08:43,931 [Worker-40: Building] INFO  o.a.m.s.f.DefaultMavenResourcesFiltering - skip non existing resourceDirectory C:\Users\flame\Documents\eclipseProjects\mediaLogic\SampleAPI\src\test\resources
2025-12-13 13:08:52,300 [Worker-40: Building] INFO  o.a.m.s.f.DefaultMavenResourcesFiltering - Copying 1 resource from src\main\resources to target\classes
2025-12-13 13:08:52,306 [Worker-40: Building] INFO  o.a.m.s.f.DefaultMavenResourcesFiltering - Copying 0 resource from src\main\resources to target\classes
2025-12-13 13:08:52,309 [Worker-40: Building] INFO  o.a.m.s.f.DefaultMavenResourcesFiltering - skip non existing resourceDirectory C:\Users\flame\Documents\eclipseProjects\mediaLogic\SampleAPI\src\test\resources
2025-12-13 13:13:39,394 [Worker-47: Building] INFO  o.a.m.s.f.DefaultMavenResourcesFiltering - Copying 1 resource from src\main\resources to target\classes
2025-12-13 13:13:39,415 [Worker-47: Building] INFO  o.a.m.s.f.DefaultMavenResourcesFiltering - Copying 0 resource from src\main\resources to target\classes
2025-12-13 13:13:39,423 [Worker-47: Building] INFO  o.a.m.s.f.DefaultMavenResourcesFiltering - skip non existing resourceDirectory C:\Users\flame\Documents\eclipseProjects\mediaLogic\SampleAPI\src\test\resources
2025-12-13 13:14:33,153 [Worker-49: Building] INFO  o.a.m.s.f.DefaultMavenResourcesFiltering - Copying 1 resource from src\main\resources to target\classes
2025-12-13 13:14:33,161 [Worker-49: Building] INFO  o.a.m.s.f.DefaultMavenResourcesFiltering - Copying 0 resource from src\main\resources to target\classes
2025-12-13 13:14:33,166 [Worker-49: Building] INFO  o.a.m.s.f.DefaultMavenResourcesFiltering - skip non existing resourceDirectory C:\Users\flame\Documents\eclipseProjects\mediaLogic\SampleAPI\src\test\resources
2025-12-13 13:15:31,844 [Worker-49: Building] INFO  o.a.m.s.f.DefaultMavenResourcesFiltering - Copying 1 resource from src\main\resources to target\classes
2025-12-13 13:15:31,849 [Worker-49: Building] INFO  o.a.m.s.f.DefaultMavenResourcesFiltering - Copying 0 resource from src\main\resources to target\classes
2025-12-13 13:15:31,851 [Worker-49: Building] INFO  o.a.m.s.f.DefaultMavenResourcesFiltering - skip non existing resourceDirectory C:\Users\flame\Documents\eclipseProjects\mediaLogic\SampleAPI\src\test\resources
2025-12-13 13:16:36,450 [Worker-50: Building] INFO  o.a.m.s.f.DefaultMavenResourcesFiltering - Copying 1 resource from src\main\resources to target\classes
2025-12-13 13:16:36,458 [Worker-50: Building] INFO  o.a.m.s.f.DefaultMavenResourcesFiltering - Copying 0 resource from src\main\resources to target\classes
2025-12-13 13:16:36,461 [Worker-50: Building] INFO  o.a.m.s.f.DefaultMavenResourcesFiltering - skip non existing resourceDirectory C:\Users\flame\Documents\eclipseProjects\mediaLogic\SampleAPI\src\test\resources
2025-12-13 13:17:45,389 [Worker-49: Building] INFO  o.a.m.s.f.DefaultMavenResourcesFiltering - Copying 1 resource from src\main\resources to target\classes
2025-12-13 13:17:45,395 [Worker-49: Building] INFO  o.a.m.s.f.DefaultMavenResourcesFiltering - Copying 0 resource from src\main\resources to target\classes
2025-12-13 13:17:45,399 [Worker-49: Building] INFO  o.a.m.s.f.DefaultMavenResourcesFiltering - skip non existing resourceDirectory C:\Users\flame\Documents\eclipseProjects\mediaLogic\SampleAPI\src\test\resources
2025-12-13 13:17:47,631 [Worker-42: Building] INFO  o.a.m.s.f.DefaultMavenResourcesFiltering - Copying 1 resource from src\main\resources to target\classes
2025-12-13 13:17:47,637 [Worker-42: Building] INFO  o.a.m.s.f.DefaultMavenResourcesFiltering - Copying 0 resource from src\main\resources to target\classes
2025-12-13 13:17:47,640 [Worker-42: Building] INFO  o.a.m.s.f.DefaultMavenResourcesFiltering - skip non existing resourceDirectory C:\Users\flame\Documents\eclipseProjects\mediaLogic\SampleAPI\src\test\resources
2025-12-13 13:18:54,052 [Worker-49: Building] INFO  o.a.m.s.f.DefaultMavenResourcesFiltering - Copying 1 resource from src\main\resources to target\classes
2025-12-13 13:18:54,059 [Worker-49: Building] INFO  o.a.m.s.f.DefaultMavenResourcesFiltering - Copying 0 resource from src\main\resources to target\classes
2025-12-13 13:18:54,062 [Worker-49: Building] INFO  o.a.m.s.f.DefaultMavenResourcesFiltering - skip non existing resourceDirectory C:\Users\flame\Documents\eclipseProjects\mediaLogic\SampleAPI\src\test\resources
2025-12-13 13:19:07,308 [Worker-47: Building] INFO  o.a.m.s.f.DefaultMavenResourcesFiltering - Copying 1 resource from src\main\resources to target\classes
2025-12-13 13:19:07,316 [Worker-47: Building] INFO  o.a.m.s.f.DefaultMavenResourcesFiltering - Copying 0 resource from src\main\resources to target\classes
2025-12-13 13:19:07,319 [Worker-47: Building] INFO  o.a.m.s.f.DefaultMavenResourcesFiltering - skip non existing resourceDirectory C:\Users\flame\Documents\eclipseProjects\mediaLogic\SampleAPI\src\test\resources
2025-12-13 13:19:21,018 [Worker-39: Building] INFO  o.a.m.s.f.DefaultMavenResourcesFiltering - Copying 1 resource from src\main\resources to target\classes
2025-12-13 13:19:21,034 [Worker-39: Building] INFO  o.a.m.s.f.DefaultMavenResourcesFiltering - Copying 0 resource from src\main\resources to target\classes
2025-12-13 13:19:21,042 [Worker-39: Building] INFO  o.a.m.s.f.DefaultMavenResourcesFiltering - skip non existing resourceDirectory C:\Users\flame\Documents\eclipseProjects\mediaLogic\SampleAPI\src\test\resources
2025-12-13 13:34:43,003 [Worker-54: Building] INFO  o.e.m.c.i.l.LifecycleMappingFactory - Using org.eclipse.m2e.jdt.JarLifecycleMapping lifecycle mapping for MavenProject: com.example:SampleAPI:0.0.1-SNAPSHOT @ C:\Users\flame\Documents\eclipseProjects\mediaLogic\SampleAPI\pom.xml.
2025-12-13 13:34:45,949 [Worker-54: Building] INFO  o.e.m.c.i.e.AbstractTransferListenerAdapter - Downloaded https://repo.maven.apache.org/maven2/org/springdoc/springdoc-openapi-ui/2.1.0/springdoc-openapi-ui-2.1.0.pom
2025-12-13 13:34:45,952 [Worker-54: Building] WARN  o.e.m.c.i.embedder.EclipseLogger - The POM for org.springdoc:springdoc-openapi-ui:jar:2.1.0 is missing, no dependency information available
2025-12-13 13:34:47,456 [Worker-54: Building] INFO  o.e.m.c.i.e.AbstractTransferListenerAdapter - Downloaded https://repo.maven.apache.org/maven2/org/springdoc/springdoc-openapi-ui/2.1.0/springdoc-openapi-ui-2.1.0.jar
2025-12-13 13:34:49,651 [Worker-52: Download sources and javadoc] INFO  o.e.m.c.i.e.AbstractTransferListenerAdapter - Downloaded https://repo.maven.apache.org/maven2/org/springdoc/springdoc-openapi-ui/2.1.0/springdoc-openapi-ui-2.1.0-sources.jar
2025-12-13 13:34:49,660 [Worker-52: Download sources and javadoc] ERROR o.e.m.j.internal.DownloadSourcesJob - Could not download sources for org.springdoc:springdoc-openapi-ui:2.1.0
org.eclipse.core.runtime.CoreException: Could not resolve artifact org.springdoc:springdoc-openapi-ui:jar:sources:2.1.0
	at org.eclipse.m2e.core.internal.embedder.MavenImpl.lambda$7(MavenImpl.java:540)
	at org.eclipse.m2e.core.internal.embedder.MavenExecutionContext.executeBare(MavenExecutionContext.java:458)
	at org.eclipse.m2e.core.internal.embedder.MavenExecutionContext.execute(MavenExecutionContext.java:292)
	at org.eclipse.m2e.core.internal.embedder.MavenExecutionContext.execute(MavenExecutionContext.java:278)
	at org.eclipse.m2e.core.internal.embedder.MavenImpl.resolve(MavenImpl.java:509)
	at org.eclipse.m2e.core.internal.embedder.MavenImpl.resolve(MavenImpl.java:494)
	at org.eclipse.m2e.jdt.internal.DownloadSourcesJob.download(DownloadSourcesJob.java:308)
	at org.eclipse.m2e.jdt.internal.DownloadSourcesJob.downloadAttachments(DownloadSourcesJob.java:282)
	at org.eclipse.m2e.jdt.internal.DownloadSourcesJob.downloadMaven(DownloadSourcesJob.java:252)
	at org.eclipse.m2e.jdt.internal.DownloadSourcesJob.downloadFilesAndPopulateToUpdate(DownloadSourcesJob.java:220)
	at org.eclipse.m2e.jdt.internal.DownloadSourcesJob.lambda$0(DownloadSourcesJob.java:149)
	at org.eclipse.m2e.core.internal.embedder.MavenExecutionContext.executeBare(MavenExecutionContext.java:458)
	at org.eclipse.m2e.core.internal.embedder.MavenExecutionContext.execute(MavenExecutionContext.java:339)
	at org.eclipse.m2e.core.internal.embedder.MavenExecutionContext.execute(MavenExecutionContext.java:278)
	at org.eclipse.m2e.core.embedder.IMaven.execute(IMaven.java:300)
	at org.eclipse.m2e.jdt.internal.DownloadSourcesJob.run(DownloadSourcesJob.java:149)
	at org.eclipse.core.internal.jobs.Worker.run(Worker.java:63)
2025-12-13 13:34:51,366 [Worker-54: Building] INFO  o.a.m.s.f.DefaultMavenResourcesFiltering - Copying 0 resource from src\main\resources to target\classes
2025-12-13 13:34:51,367 [Worker-54: Building] INFO  o.a.m.s.f.DefaultMavenResourcesFiltering - Copying 0 resource from src\main\resources to target\classes
2025-12-13 13:34:51,371 [Worker-54: Building] INFO  o.a.m.s.f.DefaultMavenResourcesFiltering - skip non existing resourceDirectory C:\Users\flame\Documents\eclipseProjects\mediaLogic\SampleAPI\src\test\resources
2025-12-13 13:34:52,975 [Worker-54: Building] INFO  o.e.m.c.i.l.LifecycleMappingFactory - Using org.eclipse.m2e.jdt.JarLifecycleMapping lifecycle mapping for MavenProject: com.example:SampleAPI:0.0.1-SNAPSHOT @ C:\Users\flame\Documents\eclipseProjects\mediaLogic\SampleAPI\pom.xml.
2025-12-13 13:34:53,204 [Worker-54: Building] WARN  o.e.m.c.i.embedder.EclipseLogger - The POM for org.springdoc:springdoc-openapi-ui:jar:2.1.0 is missing, no dependency information available
2025-12-13 13:34:53,579 [Worker-54: Building] INFO  o.a.m.s.f.DefaultMavenResourcesFiltering - Copying 0 resource from src\main\resources to target\classes
2025-12-13 13:34:53,579 [Worker-54: Building] INFO  o.a.m.s.f.DefaultMavenResourcesFiltering - Copying 0 resource from src\main\resources to target\classes
2025-12-13 13:34:53,585 [Worker-54: Building] INFO  o.a.m.s.f.DefaultMavenResourcesFiltering - skip non existing resourceDirectory C:\Users\flame\Documents\eclipseProjects\mediaLogic\SampleAPI\src\test\resources
2025-12-13 13:34:54,812 [Worker-55: Download sources and javadoc] INFO  o.e.m.c.i.e.AbstractTransferListenerAdapter - Downloaded https://repo.maven.apache.org/maven2/org/springdoc/springdoc-openapi-ui/2.1.0/springdoc-openapi-ui-2.1.0-javadoc.jar
2025-12-13 13:34:54,813 [Worker-42: Building] INFO  o.e.m.c.i.l.LifecycleMappingFactory - Using org.eclipse.m2e.jdt.JarLifecycleMapping lifecycle mapping for MavenProject: com.example:SampleAPI:0.0.1-SNAPSHOT @ C:\Users\flame\Documents\eclipseProjects\mediaLogic\SampleAPI\pom.xml.
2025-12-13 13:34:54,817 [Worker-55: Download sources and javadoc] ERROR o.e.m.j.internal.DownloadSourcesJob - Could not download javadoc for org.springdoc:springdoc-openapi-ui:2.1.0
org.eclipse.core.runtime.CoreException: Could not resolve artifact org.springdoc:springdoc-openapi-ui:jar:javadoc:2.1.0
	at org.eclipse.m2e.core.internal.embedder.MavenImpl.lambda$7(MavenImpl.java:540)
	at org.eclipse.m2e.core.internal.embedder.MavenExecutionContext.executeBare(MavenExecutionContext.java:458)
	at org.eclipse.m2e.core.internal.embedder.MavenExecutionContext.execute(MavenExecutionContext.java:292)
	at org.eclipse.m2e.core.internal.embedder.MavenExecutionContext.execute(MavenExecutionContext.java:278)
	at org.eclipse.m2e.core.internal.embedder.MavenImpl.resolve(MavenImpl.java:509)
	at org.eclipse.m2e.core.internal.embedder.MavenImpl.resolve(MavenImpl.java:494)
	at org.eclipse.m2e.jdt.internal.DownloadSourcesJob.download(DownloadSourcesJob.java:308)
	at org.eclipse.m2e.jdt.internal.DownloadSourcesJob.downloadAttachments(DownloadSourcesJob.java:294)
	at org.eclipse.m2e.jdt.internal.DownloadSourcesJob.downloadMaven(DownloadSourcesJob.java:252)
	at org.eclipse.m2e.jdt.internal.DownloadSourcesJob.downloadFilesAndPopulateToUpdate(DownloadSourcesJob.java:220)
	at org.eclipse.m2e.jdt.internal.DownloadSourcesJob.lambda$0(DownloadSourcesJob.java:149)
	at org.eclipse.m2e.core.internal.embedder.MavenExecutionContext.executeBare(MavenExecutionContext.java:458)
	at org.eclipse.m2e.core.internal.embedder.MavenExecutionContext.execute(MavenExecutionContext.java:339)
	at org.eclipse.m2e.core.internal.embedder.MavenExecutionContext.execute(MavenExecutionContext.java:278)
	at org.eclipse.m2e.core.embedder.IMaven.execute(IMaven.java:300)
	at org.eclipse.m2e.jdt.internal.DownloadSourcesJob.run(DownloadSourcesJob.java:149)
	at org.eclipse.core.internal.jobs.Worker.run(Worker.java:63)
2025-12-13 13:36:49,867 [Worker-55: Building] INFO  o.e.m.c.i.l.LifecycleMappingFactory - Using org.eclipse.m2e.jdt.JarLifecycleMapping lifecycle mapping for MavenProject: com.example:SampleAPI:0.0.1-SNAPSHOT @ C:\Users\flame\Documents\eclipseProjects\mediaLogic\SampleAPI\pom.xml.
2025-12-13 13:36:50,166 [Worker-55: Building] INFO  o.e.m.c.i.e.AbstractTransferListenerAdapter - Downloaded https://repo.maven.apache.org/maven2/org/springdoc/springdoc-openapi-ui/2.2.0/springdoc-openapi-ui-2.2.0.pom
2025-12-13 13:36:50,167 [Worker-55: Building] WARN  o.e.m.c.i.embedder.EclipseLogger - The POM for org.springdoc:springdoc-openapi-ui:jar:2.2.0 is missing, no dependency information available
2025-12-13 13:36:50,310 [Worker-55: Building] INFO  o.e.m.c.i.e.AbstractTransferListenerAdapter - Downloaded https://repo.maven.apache.org/maven2/org/springdoc/springdoc-openapi-ui/2.2.0/springdoc-openapi-ui-2.2.0.jar
2025-12-13 13:36:50,527 [Worker-55: Building] INFO  o.a.m.s.f.DefaultMavenResourcesFiltering - Copying 0 resource from src\main\resources to target\classes
2025-12-13 13:36:50,528 [Worker-55: Building] INFO  o.a.m.s.f.DefaultMavenResourcesFiltering - Copying 0 resource from src\main\resources to target\classes
2025-12-13 13:36:50,533 [Worker-55: Building] INFO  o.a.m.s.f.DefaultMavenResourcesFiltering - skip non existing resourceDirectory C:\Users\flame\Documents\eclipseProjects\mediaLogic\SampleAPI\src\test\resources
2025-12-13 13:36:51,804 [Worker-53: Download sources and javadoc] INFO  o.e.m.c.i.e.AbstractTransferListenerAdapter - Downloaded https://repo.maven.apache.org/maven2/org/springdoc/springdoc-openapi-ui/2.2.0/springdoc-openapi-ui-2.2.0-sources.jar
2025-12-13 13:36:51,812 [Worker-53: Download sources and javadoc] ERROR o.e.m.j.internal.DownloadSourcesJob - Could not download sources for org.springdoc:springdoc-openapi-ui:2.2.0
org.eclipse.core.runtime.CoreException: Could not resolve artifact org.springdoc:springdoc-openapi-ui:jar:sources:2.2.0
	at org.eclipse.m2e.core.internal.embedder.MavenImpl.lambda$7(MavenImpl.java:540)
	at org.eclipse.m2e.core.internal.embedder.MavenExecutionContext.executeBare(MavenExecutionContext.java:458)
	at org.eclipse.m2e.core.internal.embedder.MavenExecutionContext.execute(MavenExecutionContext.java:292)
	at org.eclipse.m2e.core.internal.embedder.MavenExecutionContext.execute(MavenExecutionContext.java:278)
	at org.eclipse.m2e.core.internal.embedder.MavenImpl.resolve(MavenImpl.java:509)
	at org.eclipse.m2e.core.internal.embedder.MavenImpl.resolve(MavenImpl.java:494)
	at org.eclipse.m2e.jdt.internal.DownloadSourcesJob.download(DownloadSourcesJob.java:308)
	at org.eclipse.m2e.jdt.internal.DownloadSourcesJob.downloadAttachments(DownloadSourcesJob.java:282)
	at org.eclipse.m2e.jdt.internal.DownloadSourcesJob.downloadMaven(DownloadSourcesJob.java:252)
	at org.eclipse.m2e.jdt.internal.DownloadSourcesJob.downloadFilesAndPopulateToUpdate(DownloadSourcesJob.java:220)
	at org.eclipse.m2e.jdt.internal.DownloadSourcesJob.lambda$0(DownloadSourcesJob.java:149)
	at org.eclipse.m2e.core.internal.embedder.MavenExecutionContext.executeBare(MavenExecutionContext.java:458)
	at org.eclipse.m2e.core.internal.embedder.MavenExecutionContext.execute(MavenExecutionContext.java:339)
	at org.eclipse.m2e.core.internal.embedder.MavenExecutionContext.execute(MavenExecutionContext.java:278)
	at org.eclipse.m2e.core.embedder.IMaven.execute(IMaven.java:300)
	at org.eclipse.m2e.jdt.internal.DownloadSourcesJob.run(DownloadSourcesJob.java:149)
	at org.eclipse.core.internal.jobs.Worker.run(Worker.java:63)
2025-12-13 13:36:55,374 [Worker-61: Building] INFO  o.e.m.c.i.l.LifecycleMappingFactory - Using org.eclipse.m2e.jdt.JarLifecycleMapping lifecycle mapping for MavenProject: com.example:SampleAPI:0.0.1-SNAPSHOT @ C:\Users\flame\Documents\eclipseProjects\mediaLogic\SampleAPI\pom.xml.
2025-12-13 13:36:55,697 [Worker-61: Building] WARN  o.e.m.c.i.embedder.EclipseLogger - The POM for org.springdoc:springdoc-openapi-ui:jar:2.2.0 is missing, no dependency information available
2025-12-13 13:36:56,183 [Worker-61: Building] INFO  o.a.m.s.f.DefaultMavenResourcesFiltering - Copying 0 resource from src\main\resources to target\classes
2025-12-13 13:36:56,184 [Worker-61: Building] INFO  o.a.m.s.f.DefaultMavenResourcesFiltering - Copying 0 resource from src\main\resources to target\classes
2025-12-13 13:36:56,189 [Worker-61: Building] INFO  o.a.m.s.f.DefaultMavenResourcesFiltering - skip non existing resourceDirectory C:\Users\flame\Documents\eclipseProjects\mediaLogic\SampleAPI\src\test\resources
2025-12-13 13:36:57,410 [Worker-55: Download sources and javadoc] INFO  o.e.m.c.i.e.AbstractTransferListenerAdapter - Downloaded https://repo.maven.apache.org/maven2/org/springdoc/springdoc-openapi-ui/2.2.0/springdoc-openapi-ui-2.2.0-javadoc.jar
2025-12-13 13:36:57,412 [Worker-55: Download sources and javadoc] ERROR o.e.m.j.internal.DownloadSourcesJob - Could not download javadoc for org.springdoc:springdoc-openapi-ui:2.2.0
org.eclipse.core.runtime.CoreException: Could not resolve artifact org.springdoc:springdoc-openapi-ui:jar:javadoc:2.2.0
	at org.eclipse.m2e.core.internal.embedder.MavenImpl.lambda$7(MavenImpl.java:540)
	at org.eclipse.m2e.core.internal.embedder.MavenExecutionContext.executeBare(MavenExecutionContext.java:458)
	at org.eclipse.m2e.core.internal.embedder.MavenExecutionContext.execute(MavenExecutionContext.java:292)
	at org.eclipse.m2e.core.internal.embedder.MavenExecutionContext.execute(MavenExecutionContext.java:278)
	at org.eclipse.m2e.core.internal.embedder.MavenImpl.resolve(MavenImpl.java:509)
	at org.eclipse.m2e.core.internal.embedder.MavenImpl.resolve(MavenImpl.java:494)
	at org.eclipse.m2e.jdt.internal.DownloadSourcesJob.download(DownloadSourcesJob.java:308)
	at org.eclipse.m2e.jdt.internal.DownloadSourcesJob.downloadAttachments(DownloadSourcesJob.java:294)
	at org.eclipse.m2e.jdt.internal.DownloadSourcesJob.downloadMaven(DownloadSourcesJob.java:252)
	at org.eclipse.m2e.jdt.internal.DownloadSourcesJob.downloadFilesAndPopulateToUpdate(DownloadSourcesJob.java:220)
	at org.eclipse.m2e.jdt.internal.DownloadSourcesJob.lambda$0(DownloadSourcesJob.java:149)
	at org.eclipse.m2e.core.internal.embedder.MavenExecutionContext.executeBare(MavenExecutionContext.java:458)
	at org.eclipse.m2e.core.internal.embedder.MavenExecutionContext.execute(MavenExecutionContext.java:339)
	at org.eclipse.m2e.core.internal.embedder.MavenExecutionContext.execute(MavenExecutionContext.java:278)
	at org.eclipse.m2e.core.embedder.IMaven.execute(IMaven.java:300)
	at org.eclipse.m2e.jdt.internal.DownloadSourcesJob.run(DownloadSourcesJob.java:149)
	at org.eclipse.core.internal.jobs.Worker.run(Worker.java:63)
2025-12-13 13:37:06,022 [Worker-55: Building] INFO  o.e.m.c.i.l.LifecycleMappingFactory - Using org.eclipse.m2e.jdt.JarLifecycleMapping lifecycle mapping for MavenProject: com.example:SampleAPI:0.0.1-SNAPSHOT @ C:\Users\flame\Documents\eclipseProjects\mediaLogic\SampleAPI\pom.xml.
2025-12-13 13:37:52,881 [Worker-60: Updating Maven Project] INFO  o.e.m.c.i.p.ProjectConfigurationManager - Update started
2025-12-13 13:37:53,075 [Worker-60: Updating Maven Project] INFO  o.e.m.c.i.l.LifecycleMappingFactory - Using org.eclipse.m2e.jdt.JarLifecycleMapping lifecycle mapping for MavenProject: com.example:SampleAPI:0.0.1-SNAPSHOT @ C:\Users\flame\Documents\eclipseProjects\mediaLogic\SampleAPI\pom.xml.
2025-12-13 13:37:53,369 [Worker-60: Updating Maven Project] ERROR o.e.m.c.i.p.ProjectConfigurationManager - Could not read maven project
org.eclipse.core.runtime.CoreException: Could not read maven project
	at org.eclipse.m2e.core.internal.embedder.MavenImpl.lambda$4(MavenImpl.java:371)
	at org.eclipse.m2e.core.internal.embedder.MavenExecutionContext.executeBare(MavenExecutionContext.java:458)
	at org.eclipse.m2e.core.internal.embedder.MavenExecutionContext.execute(MavenExecutionContext.java:292)
	at org.eclipse.m2e.core.internal.embedder.MavenExecutionContext.execute(MavenExecutionContext.java:278)
	at org.eclipse.m2e.core.internal.embedder.MavenImpl.readProject(MavenImpl.java:361)
	at org.eclipse.m2e.mavenarchiver.internal.AbstractMavenArchiverConfigurator.lambda$4(AbstractMavenArchiverConfigurator.java:576)
	at org.eclipse.m2e.core.internal.embedder.MavenExecutionContext.executeBare(MavenExecutionContext.java:458)
	at org.eclipse.m2e.core.internal.embedder.MavenExecutionContext.execute(MavenExecutionContext.java:339)
	at org.eclipse.m2e.mavenarchiver.internal.AbstractMavenArchiverConfigurator.loadParentHierarchy(AbstractMavenArchiverConfigurator.java:568)
	at org.eclipse.m2e.mavenarchiver.internal.AbstractMavenArchiverConfigurator.generateManifest(AbstractMavenArchiverConfigurator.java:365)
	at org.eclipse.m2e.mavenarchiver.internal.AbstractMavenArchiverConfigurator.mavenProjectChanged(AbstractMavenArchiverConfigurator.java:228)
	at org.eclipse.m2e.mavenarchiver.internal.AbstractMavenArchiverConfigurator.mavenProjectChanged(AbstractMavenArchiverConfigurator.java:220)
	at org.eclipse.m2e.core.internal.project.ProjectConfigurationManager.mavenProjectChanged(ProjectConfigurationManager.java:885)
	at org.eclipse.m2e.core.internal.project.registry.ProjectRegistryManager.notifyProjectChangeListeners(ProjectRegistryManager.java:892)
	at org.eclipse.m2e.core.internal.project.registry.ProjectRegistryManager.applyMutableProjectRegistry(ProjectRegistryManager.java:1042)
	at org.eclipse.m2e.core.internal.project.registry.ProjectRegistryManager.refresh(ProjectRegistryManager.java:324)
	at org.eclipse.m2e.core.internal.project.ProjectConfigurationManager.updateProjectConfiguration0(ProjectConfigurationManager.java:388)
	at org.eclipse.m2e.core.internal.project.ProjectConfigurationManager.lambda$3(ProjectConfigurationManager.java:340)
	at org.eclipse.m2e.core.internal.embedder.MavenExecutionContext.executeBare(MavenExecutionContext.java:458)
	at org.eclipse.m2e.core.internal.embedder.MavenExecutionContext.execute(MavenExecutionContext.java:339)
	at org.eclipse.m2e.core.internal.embedder.MavenExecutionContext.execute(MavenExecutionContext.java:278)
	at org.eclipse.m2e.core.internal.embedder.MavenImpl.execute(MavenImpl.java:1053)
	at org.eclipse.m2e.core.internal.project.ProjectConfigurationManager.updateProjectConfiguration(ProjectConfigurationManager.java:339)
	at org.eclipse.m2e.core.ui.internal.UpdateMavenProjectJob.runInWorkspace(UpdateMavenProjectJob.java:80)
	at org.eclipse.core.internal.resources.InternalWorkspaceJob.run(InternalWorkspaceJob.java:43)
	at org.eclipse.core.internal.jobs.Worker.run(Worker.java:63)
Caused by: org.apache.maven.project.ProjectBuildingException: 1 problem was encountered while building the effective model
[FATAL] Non-readable POM C:\Users\flame\Documents\eclipseProjects\mediaLogic\SampleAPI: C:\Users\flame\Documents\eclipseProjects\mediaLogic\SampleAPI (Accesso negato) @ 
 for project  at C:\Users\flame\Documents\eclipseProjects\mediaLogic\SampleAPI
	at org.apache.maven.project.DefaultProjectBuilder.build(DefaultProjectBuilder.java:180)
	at org.apache.maven.project.DefaultProjectBuilder.build(DefaultProjectBuilder.java:123)
	at org.eclipse.m2e.core.internal.embedder.MavenImpl.lambda$4(MavenImpl.java:369)
	... 25 common frames omitted
Caused by: org.apache.maven.model.building.ModelBuildingException: 1 problem was encountered while building the effective model
[FATAL] Non-readable POM C:\Users\flame\Documents\eclipseProjects\mediaLogic\SampleAPI: C:\Users\flame\Documents\eclipseProjects\mediaLogic\SampleAPI (Accesso negato) @ 

	at org.apache.maven.model.building.DefaultModelProblemCollector.newModelBuildingException(DefaultModelProblemCollector.java:176)
	at org.apache.maven.model.building.DefaultModelBuilder.readModel(DefaultModelBuilder.java:642)
	at org.apache.maven.model.building.DefaultModelBuilder.build(DefaultModelBuilder.java:262)
	at org.apache.maven.model.building.DefaultModelBuilder.build(DefaultModelBuilder.java:248)
	at org.apache.maven.project.DefaultProjectBuilder.build(DefaultProjectBuilder.java:176)
	... 27 common frames omitted
2025-12-13 13:37:53,540 [Worker-60: Updating Maven Project] INFO  o.e.m.j.i.AbstractJavaProjectConfigurator - Adding resource folder /SampleAPI/src/main/resources
2025-12-13 13:37:53,540 [Worker-60: Updating Maven Project] INFO  o.e.m.j.i.AbstractJavaProjectConfigurator - Adding resource folder /SampleAPI/src/main/resources
2025-12-13 13:37:53,541 [Worker-60: Updating Maven Project] INFO  o.e.m.j.i.AbstractJavaProjectConfigurator - Adding resource folder /SampleAPI/src/test/resources
2025-12-13 13:37:53,948 [Worker-60: Updating Maven Project] INFO  o.e.m.c.i.p.ProjectConfigurationManager - Update completed for 1 poms: local refresh takes 0,00 sec, refresh facades takes 0,00 sec, update config takes 0,00 sec 
2025-12-13 13:38:22,618 [Worker-58: Building] INFO  o.e.m.c.i.l.LifecycleMappingFactory - Using org.eclipse.m2e.jdt.JarLifecycleMapping lifecycle mapping for MavenProject: com.example:SampleAPI:0.0.1-SNAPSHOT @ C:\Users\flame\Documents\eclipseProjects\mediaLogic\SampleAPI\pom.xml.
2025-12-13 13:38:22,925 [Worker-58: Building] ERROR o.e.m.c.i.p.ProjectConfigurationManager - Could not read maven project
org.eclipse.core.runtime.CoreException: Could not read maven project
	at org.eclipse.m2e.core.internal.embedder.MavenImpl.lambda$4(MavenImpl.java:371)
	at org.eclipse.m2e.core.internal.embedder.MavenExecutionContext.executeBare(MavenExecutionContext.java:458)
	at org.eclipse.m2e.core.internal.embedder.MavenExecutionContext.execute(MavenExecutionContext.java:292)
	at org.eclipse.m2e.core.internal.embedder.MavenExecutionContext.execute(MavenExecutionContext.java:278)
	at org.eclipse.m2e.core.internal.embedder.MavenImpl.readProject(MavenImpl.java:361)
	at org.eclipse.m2e.mavenarchiver.internal.AbstractMavenArchiverConfigurator.lambda$4(AbstractMavenArchiverConfigurator.java:576)
	at org.eclipse.m2e.core.internal.embedder.MavenExecutionContext.executeBare(MavenExecutionContext.java:458)
	at org.eclipse.m2e.core.internal.embedder.MavenExecutionContext.execute(MavenExecutionContext.java:339)
	at org.eclipse.m2e.mavenarchiver.internal.AbstractMavenArchiverConfigurator.loadParentHierarchy(AbstractMavenArchiverConfigurator.java:568)
	at org.eclipse.m2e.mavenarchiver.internal.AbstractMavenArchiverConfigurator.generateManifest(AbstractMavenArchiverConfigurator.java:365)
	at org.eclipse.m2e.mavenarchiver.internal.AbstractMavenArchiverConfigurator.mavenProjectChanged(AbstractMavenArchiverConfigurator.java:228)
	at org.eclipse.m2e.mavenarchiver.internal.AbstractMavenArchiverConfigurator.mavenProjectChanged(AbstractMavenArchiverConfigurator.java:220)
	at org.eclipse.m2e.core.internal.project.ProjectConfigurationManager.mavenProjectChanged(ProjectConfigurationManager.java:885)
	at org.eclipse.m2e.core.internal.project.registry.ProjectRegistryManager.notifyProjectChangeListeners(ProjectRegistryManager.java:892)
	at org.eclipse.m2e.core.internal.project.registry.ProjectRegistryManager.applyMutableProjectRegistry(ProjectRegistryManager.java:1042)
	at org.eclipse.m2e.core.internal.project.registry.ProjectRegistryManager.refresh(ProjectRegistryManager.java:324)
	at org.eclipse.m2e.core.internal.builder.MavenBuilder$BuildMethod.getProjectFacade(MavenBuilder.java:146)
	at org.eclipse.m2e.core.internal.builder.MavenBuilder$BuildMethod.lambda$0(MavenBuilder.java:84)
	at org.eclipse.m2e.core.internal.embedder.MavenExecutionContext.executeBare(MavenExecutionContext.java:458)
	at org.eclipse.m2e.core.internal.embedder.MavenExecutionContext.execute(MavenExecutionContext.java:339)
	at org.eclipse.m2e.core.internal.embedder.MavenExecutionContext.execute(MavenExecutionContext.java:278)
	at org.eclipse.m2e.core.internal.builder.MavenBuilder$BuildMethod.execute(MavenBuilder.java:83)
	at org.eclipse.m2e.core.internal.builder.MavenBuilder.build(MavenBuilder.java:192)
	at org.eclipse.core.internal.events.BuildManager$2.run(BuildManager.java:1077)
	at org.eclipse.core.runtime.SafeRunner.run(SafeRunner.java:47)
	at org.eclipse.core.internal.events.BuildManager.basicBuild(BuildManager.java:296)
	at org.eclipse.core.internal.events.BuildManager.basicBuild(BuildManager.java:352)
	at org.eclipse.core.internal.events.BuildManager$1.run(BuildManager.java:441)
	at org.eclipse.core.runtime.SafeRunner.run(SafeRunner.java:47)
	at org.eclipse.core.internal.events.BuildManager.basicBuild(BuildManager.java:444)
	at org.eclipse.core.internal.events.BuildManager.basicBuildLoop(BuildManager.java:555)
	at org.eclipse.core.internal.events.BuildManager.basicBuildLoop(BuildManager.java:503)
	at org.eclipse.core.internal.events.BuildManager.build(BuildManager.java:585)
	at org.eclipse.core.internal.events.AutoBuildJob.doBuild(AutoBuildJob.java:207)
	at org.eclipse.core.internal.events.AutoBuildJob.run(AutoBuildJob.java:300)
	at org.eclipse.core.internal.jobs.Worker.run(Worker.java:63)
Caused by: org.apache.maven.project.ProjectBuildingException: 1 problem was encountered while building the effective model
[FATAL] Non-readable POM C:\Users\flame\Documents\eclipseProjects\mediaLogic\SampleAPI: C:\Users\flame\Documents\eclipseProjects\mediaLogic\SampleAPI (Accesso negato) @ 
 for project  at C:\Users\flame\Documents\eclipseProjects\mediaLogic\SampleAPI
	at org.apache.maven.project.DefaultProjectBuilder.build(DefaultProjectBuilder.java:180)
	at org.apache.maven.project.DefaultProjectBuilder.build(DefaultProjectBuilder.java:123)
	at org.eclipse.m2e.core.internal.embedder.MavenImpl.lambda$4(MavenImpl.java:369)
	... 35 common frames omitted
Caused by: org.apache.maven.model.building.ModelBuildingException: 1 problem was encountered while building the effective model
[FATAL] Non-readable POM C:\Users\flame\Documents\eclipseProjects\mediaLogic\SampleAPI: C:\Users\flame\Documents\eclipseProjects\mediaLogic\SampleAPI (Accesso negato) @ 

	at org.apache.maven.model.building.DefaultModelProblemCollector.newModelBuildingException(DefaultModelProblemCollector.java:176)
	at org.apache.maven.model.building.DefaultModelBuilder.readModel(DefaultModelBuilder.java:642)
	at org.apache.maven.model.building.DefaultModelBuilder.build(DefaultModelBuilder.java:262)
	at org.apache.maven.model.building.DefaultModelBuilder.build(DefaultModelBuilder.java:248)
	at org.apache.maven.project.DefaultProjectBuilder.build(DefaultProjectBuilder.java:176)
	... 37 common frames omitted
2025-12-13 13:38:33,059 [Worker-55: Updating Maven Project] INFO  o.e.m.c.i.p.ProjectConfigurationManager - Update started
2025-12-13 13:38:33,240 [Worker-55: Updating Maven Project] INFO  o.e.m.c.i.l.LifecycleMappingFactory - Using org.eclipse.m2e.jdt.JarLifecycleMapping lifecycle mapping for MavenProject: com.example:SampleAPI:0.0.1-SNAPSHOT @ C:\Users\flame\Documents\eclipseProjects\mediaLogic\SampleAPI\pom.xml.
2025-12-13 13:38:33,498 [Worker-55: Updating Maven Project] ERROR o.e.m.c.i.p.ProjectConfigurationManager - Could not read maven project
org.eclipse.core.runtime.CoreException: Could not read maven project
	at org.eclipse.m2e.core.internal.embedder.MavenImpl.lambda$4(MavenImpl.java:371)
	at org.eclipse.m2e.core.internal.embedder.MavenExecutionContext.executeBare(MavenExecutionContext.java:458)
	at org.eclipse.m2e.core.internal.embedder.MavenExecutionContext.execute(MavenExecutionContext.java:292)
	at org.eclipse.m2e.core.internal.embedder.MavenExecutionContext.execute(MavenExecutionContext.java:278)
	at org.eclipse.m2e.core.internal.embedder.MavenImpl.readProject(MavenImpl.java:361)
	at org.eclipse.m2e.mavenarchiver.internal.AbstractMavenArchiverConfigurator.lambda$4(AbstractMavenArchiverConfigurator.java:576)
	at org.eclipse.m2e.core.internal.embedder.MavenExecutionContext.executeBare(MavenExecutionContext.java:458)
	at org.eclipse.m2e.core.internal.embedder.MavenExecutionContext.execute(MavenExecutionContext.java:339)
	at org.eclipse.m2e.mavenarchiver.internal.AbstractMavenArchiverConfigurator.loadParentHierarchy(AbstractMavenArchiverConfigurator.java:568)
	at org.eclipse.m2e.mavenarchiver.internal.AbstractMavenArchiverConfigurator.generateManifest(AbstractMavenArchiverConfigurator.java:365)
	at org.eclipse.m2e.mavenarchiver.internal.AbstractMavenArchiverConfigurator.mavenProjectChanged(AbstractMavenArchiverConfigurator.java:228)
	at org.eclipse.m2e.mavenarchiver.internal.AbstractMavenArchiverConfigurator.mavenProjectChanged(AbstractMavenArchiverConfigurator.java:220)
	at org.eclipse.m2e.core.internal.project.ProjectConfigurationManager.mavenProjectChanged(ProjectConfigurationManager.java:885)
	at org.eclipse.m2e.core.internal.project.registry.ProjectRegistryManager.notifyProjectChangeListeners(ProjectRegistryManager.java:892)
	at org.eclipse.m2e.core.internal.project.registry.ProjectRegistryManager.applyMutableProjectRegistry(ProjectRegistryManager.java:1042)
	at org.eclipse.m2e.core.internal.project.registry.ProjectRegistryManager.refresh(ProjectRegistryManager.java:324)
	at org.eclipse.m2e.core.internal.project.ProjectConfigurationManager.updateProjectConfiguration0(ProjectConfigurationManager.java:388)
	at org.eclipse.m2e.core.internal.project.ProjectConfigurationManager.lambda$3(ProjectConfigurationManager.java:340)
	at org.eclipse.m2e.core.internal.embedder.MavenExecutionContext.executeBare(MavenExecutionContext.java:458)
	at org.eclipse.m2e.core.internal.embedder.MavenExecutionContext.execute(MavenExecutionContext.java:339)
	at org.eclipse.m2e.core.internal.embedder.MavenExecutionContext.execute(MavenExecutionContext.java:278)
	at org.eclipse.m2e.core.internal.embedder.MavenImpl.execute(MavenImpl.java:1053)
	at org.eclipse.m2e.core.internal.project.ProjectConfigurationManager.updateProjectConfiguration(ProjectConfigurationManager.java:339)
	at org.eclipse.m2e.core.ui.internal.UpdateMavenProjectJob.runInWorkspace(UpdateMavenProjectJob.java:80)
	at org.eclipse.core.internal.resources.InternalWorkspaceJob.run(InternalWorkspaceJob.java:43)
	at org.eclipse.core.internal.jobs.Worker.run(Worker.java:63)
Caused by: org.apache.maven.project.ProjectBuildingException: 1 problem was encountered while building the effective model
[FATAL] Non-readable POM C:\Users\flame\Documents\eclipseProjects\mediaLogic\SampleAPI: C:\Users\flame\Documents\eclipseProjects\mediaLogic\SampleAPI (Accesso negato) @ 
 for project  at C:\Users\flame\Documents\eclipseProjects\mediaLogic\SampleAPI
	at org.apache.maven.project.DefaultProjectBuilder.build(DefaultProjectBuilder.java:180)
	at org.apache.maven.project.DefaultProjectBuilder.build(DefaultProjectBuilder.java:123)
	at org.eclipse.m2e.core.internal.embedder.MavenImpl.lambda$4(MavenImpl.java:369)
	... 25 common frames omitted
Caused by: org.apache.maven.model.building.ModelBuildingException: 1 problem was encountered while building the effective model
[FATAL] Non-readable POM C:\Users\flame\Documents\eclipseProjects\mediaLogic\SampleAPI: C:\Users\flame\Documents\eclipseProjects\mediaLogic\SampleAPI (Accesso negato) @ 

	at org.apache.maven.model.building.DefaultModelProblemCollector.newModelBuildingException(DefaultModelProblemCollector.java:176)
	at org.apache.maven.model.building.DefaultModelBuilder.readModel(DefaultModelBuilder.java:642)
	at org.apache.maven.model.building.DefaultModelBuilder.build(DefaultModelBuilder.java:262)
	at org.apache.maven.model.building.DefaultModelBuilder.build(DefaultModelBuilder.java:248)
	at org.apache.maven.project.DefaultProjectBuilder.build(DefaultProjectBuilder.java:176)
	... 27 common frames omitted
2025-12-13 13:38:33,631 [Worker-55: Updating Maven Project] INFO  o.e.m.j.i.AbstractJavaProjectConfigurator - Adding resource folder /SampleAPI/src/main/resources
2025-12-13 13:38:33,632 [Worker-55: Updating Maven Project] INFO  o.e.m.j.i.AbstractJavaProjectConfigurator - Adding resource folder /SampleAPI/src/main/resources
2025-12-13 13:38:33,632 [Worker-55: Updating Maven Project] INFO  o.e.m.j.i.AbstractJavaProjectConfigurator - Adding resource folder /SampleAPI/src/test/resources
2025-12-13 13:38:33,850 [Worker-55: Updating Maven Project] INFO  o.e.m.c.i.p.ProjectConfigurationManager - Update completed for 1 poms: local refresh takes 0,00 sec, refresh facades takes 0,00 sec, update config takes 0,00 sec 
2025-12-13 13:38:47,001 [Worker-60: Building] INFO  o.e.m.c.i.l.LifecycleMappingFactory - Using org.eclipse.m2e.jdt.JarLifecycleMapping lifecycle mapping for MavenProject: com.example:SampleAPI:0.0.1-SNAPSHOT @ C:\Users\flame\Documents\eclipseProjects\mediaLogic\SampleAPI\pom.xml.
2025-12-13 13:38:47,251 [Worker-60: Building] WARN  o.e.m.c.i.embedder.EclipseLogger - The POM for org.springdoc:springdoc-openapi-ui:jar:2.2.0 is missing, no dependency information available
2025-12-13 13:38:47,602 [Worker-60: Building] INFO  o.a.m.s.f.DefaultMavenResourcesFiltering - Copying 0 resource from src\main\resources to target\classes
2025-12-13 13:38:47,603 [Worker-60: Building] INFO  o.a.m.s.f.DefaultMavenResourcesFiltering - Copying 0 resource from src\main\resources to target\classes
2025-12-13 13:38:47,607 [Worker-60: Building] INFO  o.a.m.s.f.DefaultMavenResourcesFiltering - skip non existing resourceDirectory C:\Users\flame\Documents\eclipseProjects\mediaLogic\SampleAPI\src\test\resources
2025-12-13 13:38:48,534 [Worker-62: Download sources and javadoc] ERROR o.e.m.j.internal.DownloadSourcesJob - Could not download sources for org.springdoc:springdoc-openapi-ui:2.2.0
org.eclipse.core.runtime.CoreException: Could not resolve artifact org.springdoc:springdoc-openapi-ui:jar:sources:2.2.0
	at org.eclipse.m2e.core.internal.embedder.MavenImpl.lambda$7(MavenImpl.java:540)
	at org.eclipse.m2e.core.internal.embedder.MavenExecutionContext.executeBare(MavenExecutionContext.java:458)
	at org.eclipse.m2e.core.internal.embedder.MavenExecutionContext.execute(MavenExecutionContext.java:292)
	at org.eclipse.m2e.core.internal.embedder.MavenExecutionContext.execute(MavenExecutionContext.java:278)
	at org.eclipse.m2e.core.internal.embedder.MavenImpl.resolve(MavenImpl.java:509)
	at org.eclipse.m2e.core.internal.embedder.MavenImpl.resolve(MavenImpl.java:494)
	at org.eclipse.m2e.jdt.internal.DownloadSourcesJob.download(DownloadSourcesJob.java:308)
	at org.eclipse.m2e.jdt.internal.DownloadSourcesJob.downloadAttachments(DownloadSourcesJob.java:282)
	at org.eclipse.m2e.jdt.internal.DownloadSourcesJob.downloadMaven(DownloadSourcesJob.java:252)
	at org.eclipse.m2e.jdt.internal.DownloadSourcesJob.downloadFilesAndPopulateToUpdate(DownloadSourcesJob.java:220)
	at org.eclipse.m2e.jdt.internal.DownloadSourcesJob.lambda$0(DownloadSourcesJob.java:149)
	at org.eclipse.m2e.core.internal.embedder.MavenExecutionContext.executeBare(MavenExecutionContext.java:458)
	at org.eclipse.m2e.core.internal.embedder.MavenExecutionContext.execute(MavenExecutionContext.java:339)
	at org.eclipse.m2e.core.internal.embedder.MavenExecutionContext.execute(MavenExecutionContext.java:278)
	at org.eclipse.m2e.core.embedder.IMaven.execute(IMaven.java:300)
	at org.eclipse.m2e.jdt.internal.DownloadSourcesJob.run(DownloadSourcesJob.java:149)
	at org.eclipse.core.internal.jobs.Worker.run(Worker.java:63)
2025-12-13 13:39:00,805 [Worker-61: Updating Maven Project] INFO  o.e.m.c.i.p.ProjectConfigurationManager - Update started
2025-12-13 13:39:01,170 [Worker-61: Updating Maven Project] INFO  o.e.m.c.i.l.LifecycleMappingFactory - Using org.eclipse.m2e.jdt.JarLifecycleMapping lifecycle mapping for MavenProject: com.example:SampleAPI:0.0.1-SNAPSHOT @ C:\Users\flame\Documents\eclipseProjects\mediaLogic\SampleAPI\pom.xml.
2025-12-13 13:39:01,438 [Worker-61: Updating Maven Project] INFO  o.e.m.c.i.e.AbstractTransferListenerAdapter - Downloaded https://repo.maven.apache.org/maven2/org/springdoc/springdoc-openapi-ui/2.2.0/springdoc-openapi-ui-2.2.0.pom
2025-12-13 13:39:01,439 [Worker-61: Updating Maven Project] WARN  o.e.m.c.i.embedder.EclipseLogger - The POM for org.springdoc:springdoc-openapi-ui:jar:2.2.0 is missing, no dependency information available
2025-12-13 13:39:01,621 [Worker-61: Updating Maven Project] INFO  o.e.m.c.i.e.AbstractTransferListenerAdapter - Downloaded https://repo.maven.apache.org/maven2/org/springdoc/springdoc-openapi-ui/2.2.0/springdoc-openapi-ui-2.2.0.jar
2025-12-13 13:39:01,865 [Worker-61: Updating Maven Project] INFO  o.e.m.j.i.AbstractJavaProjectConfigurator - Adding source folder /SampleAPI/src/main/java
2025-12-13 13:39:01,866 [Worker-61: Updating Maven Project] INFO  o.e.m.j.i.AbstractJavaProjectConfigurator - Adding resource folder /SampleAPI/src/main/resources
2025-12-13 13:39:01,866 [Worker-61: Updating Maven Project] INFO  o.e.m.j.i.AbstractJavaProjectConfigurator - Adding resource folder /SampleAPI/src/main/resources
2025-12-13 13:39:01,867 [Worker-61: Updating Maven Project] INFO  o.e.m.j.i.AbstractJavaProjectConfigurator - Adding source folder /SampleAPI/src/test/java
2025-12-13 13:39:01,867 [Worker-61: Updating Maven Project] INFO  o.e.m.j.i.AbstractJavaProjectConfigurator - Adding resource folder /SampleAPI/src/test/resources
2025-12-13 13:39:02,210 [Worker-61: Updating Maven Project] INFO  o.e.m.c.i.p.ProjectConfigurationManager - Update completed for 1 poms: local refresh takes 0,00 sec, refresh facades takes 1,00 sec, update config takes 0,00 sec 
2025-12-13 13:39:02,475 [Worker-53: Building] INFO  o.a.m.s.f.DefaultMavenResourcesFiltering - Copying 1 resource from src\main\resources to target\classes
2025-12-13 13:39:02,499 [Worker-53: Building] INFO  o.a.m.s.f.DefaultMavenResourcesFiltering - Copying 0 resource from src\main\resources to target\classes
2025-12-13 13:39:02,504 [Worker-53: Building] INFO  o.a.m.s.f.DefaultMavenResourcesFiltering - skip non existing resourceDirectory C:\Users\flame\Documents\eclipseProjects\mediaLogic\SampleAPI\src\test\resources
2025-12-13 13:39:02,832 [Worker-60: Download sources and javadoc] ERROR o.e.m.j.internal.DownloadSourcesJob - Could not download javadoc for org.springdoc:springdoc-openapi-ui:2.2.0
org.eclipse.core.runtime.CoreException: Could not resolve artifact org.springdoc:springdoc-openapi-ui:jar:javadoc:2.2.0
	at org.eclipse.m2e.core.internal.embedder.MavenImpl.lambda$7(MavenImpl.java:540)
	at org.eclipse.m2e.core.internal.embedder.MavenExecutionContext.executeBare(MavenExecutionContext.java:458)
	at org.eclipse.m2e.core.internal.embedder.MavenExecutionContext.execute(MavenExecutionContext.java:292)
	at org.eclipse.m2e.core.internal.embedder.MavenExecutionContext.execute(MavenExecutionContext.java:278)
	at org.eclipse.m2e.core.internal.embedder.MavenImpl.resolve(MavenImpl.java:509)
	at org.eclipse.m2e.core.internal.embedder.MavenImpl.resolve(MavenImpl.java:494)
	at org.eclipse.m2e.jdt.internal.DownloadSourcesJob.download(DownloadSourcesJob.java:308)
	at org.eclipse.m2e.jdt.internal.DownloadSourcesJob.downloadAttachments(DownloadSourcesJob.java:294)
	at org.eclipse.m2e.jdt.internal.DownloadSourcesJob.downloadMaven(DownloadSourcesJob.java:252)
	at org.eclipse.m2e.jdt.internal.DownloadSourcesJob.downloadFilesAndPopulateToUpdate(DownloadSourcesJob.java:220)
	at org.eclipse.m2e.jdt.internal.DownloadSourcesJob.lambda$0(DownloadSourcesJob.java:149)
	at org.eclipse.m2e.core.internal.embedder.MavenExecutionContext.executeBare(MavenExecutionContext.java:458)
	at org.eclipse.m2e.core.internal.embedder.MavenExecutionContext.execute(MavenExecutionContext.java:339)
	at org.eclipse.m2e.core.internal.embedder.MavenExecutionContext.execute(MavenExecutionContext.java:278)
	at org.eclipse.m2e.core.embedder.IMaven.execute(IMaven.java:300)
	at org.eclipse.m2e.jdt.internal.DownloadSourcesJob.run(DownloadSourcesJob.java:149)
	at org.eclipse.core.internal.jobs.Worker.run(Worker.java:63)
2025-12-13 13:39:36,682 [Worker-61: Building] INFO  o.e.m.c.i.l.LifecycleMappingFactory - Using org.eclipse.m2e.jdt.JarLifecycleMapping lifecycle mapping for MavenProject: com.example:SampleAPI:0.0.1-SNAPSHOT @ C:\Users\flame\Documents\eclipseProjects\mediaLogic\SampleAPI\pom.xml.
2025-12-13 13:39:37,271 [Worker-61: Building] INFO  o.a.m.s.f.DefaultMavenResourcesFiltering - Copying 0 resource from src\main\resources to target\classes
2025-12-13 13:39:37,272 [Worker-61: Building] INFO  o.a.m.s.f.DefaultMavenResourcesFiltering - Copying 0 resource from src\main\resources to target\classes
2025-12-13 13:39:37,277 [Worker-61: Building] INFO  o.a.m.s.f.DefaultMavenResourcesFiltering - skip non existing resourceDirectory C:\Users\flame\Documents\eclipseProjects\mediaLogic\SampleAPI\src\test\resources
2025-12-13 13:39:38,418 [Worker-60: Building] INFO  o.a.m.s.f.DefaultMavenResourcesFiltering - Copying 1 resource from src\main\resources to target\classes
2025-12-13 13:39:38,436 [Worker-60: Building] INFO  o.a.m.s.f.DefaultMavenResourcesFiltering - Copying 0 resource from src\main\resources to target\classes
2025-12-13 13:39:38,440 [Worker-60: Building] INFO  o.a.m.s.f.DefaultMavenResourcesFiltering - skip non existing resourceDirectory C:\Users\flame\Documents\eclipseProjects\mediaLogic\SampleAPI\src\test\resources
2025-12-13 13:40:07,681 [Worker-61: Building] INFO  o.e.m.c.i.l.LifecycleMappingFactory - Using org.eclipse.m2e.jdt.JarLifecycleMapping lifecycle mapping for MavenProject: com.example:SampleAPI:0.0.1-SNAPSHOT @ C:\Users\flame\Documents\eclipseProjects\mediaLogic\SampleAPI\pom.xml.
2025-12-13 13:40:07,977 [Worker-61: Building] INFO  o.e.m.c.i.e.AbstractTransferListenerAdapter - Downloading https://repo.maven.apache.org/maven2/org/springdoc/springdoc-openapi-starter-webmvc-ui/2.3.0/springdoc-openapi-starter-webmvc-ui-2.3.0.pom
2025-12-13 13:40:08,008 [Worker-61: Building] INFO  o.e.m.c.i.e.AbstractTransferListenerAdapter - Downloaded https://repo.maven.apache.org/maven2/org/springdoc/springdoc-openapi-starter-webmvc-ui/2.3.0/springdoc-openapi-starter-webmvc-ui-2.3.0.pom
2025-12-13 13:40:08,046 [Worker-61: Building] INFO  o.e.m.c.i.e.AbstractTransferListenerAdapter - Downloading https://repo.maven.apache.org/maven2/org/springdoc/springdoc-openapi/2.3.0/springdoc-openapi-2.3.0.pom
2025-12-13 13:40:08,081 [Worker-61: Building] INFO  o.e.m.c.i.e.AbstractTransferListenerAdapter - Downloaded https://repo.maven.apache.org/maven2/org/springdoc/springdoc-openapi/2.3.0/springdoc-openapi-2.3.0.pom
2025-12-13 13:40:08,138 [Worker-61: Building] INFO  o.e.m.c.i.e.AbstractTransferListenerAdapter - Downloading https://repo.maven.apache.org/maven2/org/springframework/boot/spring-boot-starter-parent/3.2.0/spring-boot-starter-parent-3.2.0.pom
2025-12-13 13:40:08,170 [Worker-61: Building] INFO  o.e.m.c.i.e.AbstractTransferListenerAdapter - Downloaded https://repo.maven.apache.org/maven2/org/springframework/boot/spring-boot-starter-parent/3.2.0/spring-boot-starter-parent-3.2.0.pom
2025-12-13 13:40:08,233 [Worker-61: Building] INFO  o.e.m.c.i.e.AbstractTransferListenerAdapter - Downloading https://repo.maven.apache.org/maven2/org/springframework/boot/spring-boot-dependencies/3.2.0/spring-boot-dependencies-3.2.0.pom
2025-12-13 13:40:08,282 [Worker-61: Building] INFO  o.e.m.c.i.e.AbstractTransferListenerAdapter - Downloaded https://repo.maven.apache.org/maven2/org/springframework/boot/spring-boot-dependencies/3.2.0/spring-boot-dependencies-3.2.0.pom
2025-12-13 13:40:08,374 [Worker-61: Building] INFO  o.e.m.c.i.e.AbstractTransferListenerAdapter - Downloading https://repo.maven.apache.org/maven2/io/dropwizard/metrics/metrics-bom/4.2.22/metrics-bom-4.2.22.pom
2025-12-13 13:40:08,405 [Worker-61: Building] INFO  o.e.m.c.i.e.AbstractTransferListenerAdapter - Downloaded https://repo.maven.apache.org/maven2/io/dropwizard/metrics/metrics-bom/4.2.22/metrics-bom-4.2.22.pom
2025-12-13 13:40:08,461 [Worker-61: Building] INFO  o.e.m.c.i.e.AbstractTransferListenerAdapter - Downloading https://repo.maven.apache.org/maven2/io/dropwizard/metrics/metrics-parent/4.2.22/metrics-parent-4.2.22.pom
2025-12-13 13:40:08,499 [Worker-61: Building] INFO  o.e.m.c.i.e.AbstractTransferListenerAdapter - Downloaded https://repo.maven.apache.org/maven2/io/dropwizard/metrics/metrics-parent/4.2.22/metrics-parent-4.2.22.pom
2025-12-13 13:40:08,561 [Worker-61: Building] INFO  o.e.m.c.i.e.AbstractTransferListenerAdapter - Downloading https://repo.maven.apache.org/maven2/org/glassfish/jaxb/jaxb-bom/4.0.4/jaxb-bom-4.0.4.pom
2025-12-13 13:40:08,593 [Worker-61: Building] INFO  o.e.m.c.i.e.AbstractTransferListenerAdapter - Downloaded https://repo.maven.apache.org/maven2/org/glassfish/jaxb/jaxb-bom/4.0.4/jaxb-bom-4.0.4.pom
2025-12-13 13:40:08,643 [Worker-61: Building] INFO  o.e.m.c.i.e.AbstractTransferListenerAdapter - Downloading https://repo.maven.apache.org/maven2/org/eclipse/ee4j/project/1.0.8/project-1.0.8.pom
2025-12-13 13:40:08,679 [Worker-61: Building] INFO  o.e.m.c.i.e.AbstractTransferListenerAdapter - Downloaded https://repo.maven.apache.org/maven2/org/eclipse/ee4j/project/1.0.8/project-1.0.8.pom
2025-12-13 13:40:08,734 [Worker-61: Building] INFO  o.e.m.c.i.e.AbstractTransferListenerAdapter - Downloading https://repo.maven.apache.org/maven2/org/apache/groovy/groovy-bom/4.0.15/groovy-bom-4.0.15.pom
2025-12-13 13:40:08,768 [Worker-61: Building] INFO  o.e.m.c.i.e.AbstractTransferListenerAdapter - Downloaded https://repo.maven.apache.org/maven2/org/apache/groovy/groovy-bom/4.0.15/groovy-bom-4.0.15.pom
2025-12-13 13:40:08,816 [Worker-61: Building] INFO  o.e.m.c.i.e.AbstractTransferListenerAdapter - Downloading https://repo.maven.apache.org/maven2/org/infinispan/infinispan-bom/14.0.21.Final/infinispan-bom-14.0.21.Final.pom
2025-12-13 13:40:08,853 [Worker-61: Building] INFO  o.e.m.c.i.e.AbstractTransferListenerAdapter - Downloaded https://repo.maven.apache.org/maven2/org/infinispan/infinispan-bom/14.0.21.Final/infinispan-bom-14.0.21.Final.pom
2025-12-13 13:40:08,902 [Worker-61: Building] INFO  o.e.m.c.i.e.AbstractTransferListenerAdapter - Downloading https://repo.maven.apache.org/maven2/org/infinispan/infinispan-build-configuration-parent/14.0.21.Final/infinispan-build-configuration-parent-14.0.21.Final.pom
2025-12-13 13:40:08,939 [Worker-61: Building] INFO  o.e.m.c.i.e.AbstractTransferListenerAdapter - Downloaded https://repo.maven.apache.org/maven2/org/infinispan/infinispan-build-configuration-parent/14.0.21.Final/infinispan-build-configuration-parent-14.0.21.Final.pom
2025-12-13 13:40:09,010 [Worker-61: Building] INFO  o.e.m.c.i.e.AbstractTransferListenerAdapter - Downloading https://repo.maven.apache.org/maven2/com/fasterxml/jackson/jackson-bom/2.15.3/jackson-bom-2.15.3.pom
2025-12-13 13:40:09,043 [Worker-61: Building] INFO  o.e.m.c.i.e.AbstractTransferListenerAdapter - Downloaded https://repo.maven.apache.org/maven2/com/fasterxml/jackson/jackson-bom/2.15.3/jackson-bom-2.15.3.pom
2025-12-13 13:40:09,122 [Worker-61: Building] INFO  o.e.m.c.i.e.AbstractTransferListenerAdapter - Downloading https://repo.maven.apache.org/maven2/org/glassfish/jersey/jersey-bom/3.1.3/jersey-bom-3.1.3.pom
2025-12-13 13:40:09,163 [Worker-61: Building] INFO  o.e.m.c.i.e.AbstractTransferListenerAdapter - Downloaded https://repo.maven.apache.org/maven2/org/glassfish/jersey/jersey-bom/3.1.3/jersey-bom-3.1.3.pom
2025-12-13 13:40:09,215 [Worker-61: Building] INFO  o.e.m.c.i.e.AbstractTransferListenerAdapter - Downloading https://repo.maven.apache.org/maven2/org/eclipse/jetty/ee10/jetty-ee10-bom/12.0.3/jetty-ee10-bom-12.0.3.pom
2025-12-13 13:40:09,256 [Worker-61: Building] INFO  o.e.m.c.i.e.AbstractTransferListenerAdapter - Downloaded https://repo.maven.apache.org/maven2/org/eclipse/jetty/ee10/jetty-ee10-bom/12.0.3/jetty-ee10-bom-12.0.3.pom
2025-12-13 13:40:09,311 [Worker-61: Building] INFO  o.e.m.c.i.e.AbstractTransferListenerAdapter - Downloading https://repo.maven.apache.org/maven2/org/eclipse/jetty/jetty-bom/12.0.3/jetty-bom-12.0.3.pom
2025-12-13 13:40:09,364 [Worker-61: Building] INFO  o.e.m.c.i.e.AbstractTransferListenerAdapter - Downloaded https://repo.maven.apache.org/maven2/org/eclipse/jetty/jetty-bom/12.0.3/jetty-bom-12.0.3.pom
2025-12-13 13:40:09,424 [Worker-61: Building] INFO  o.e.m.c.i.e.AbstractTransferListenerAdapter - Downloading https://repo.maven.apache.org/maven2/org/jetbrains/kotlin/kotlin-bom/1.9.20/kotlin-bom-1.9.20.pom
2025-12-13 13:40:09,464 [Worker-61: Building] INFO  o.e.m.c.i.e.AbstractTransferListenerAdapter - Downloaded https://repo.maven.apache.org/maven2/org/jetbrains/kotlin/kotlin-bom/1.9.20/kotlin-bom-1.9.20.pom
2025-12-13 13:40:09,521 [Worker-61: Building] INFO  o.e.m.c.i.e.AbstractTransferListenerAdapter - Downloading https://repo.maven.apache.org/maven2/org/jetbrains/kotlinx/kotlinx-serialization-bom/1.6.1/kotlinx-serialization-bom-1.6.1.pom
2025-12-13 13:40:09,560 [Worker-61: Building] INFO  o.e.m.c.i.e.AbstractTransferListenerAdapter - Downloaded https://repo.maven.apache.org/maven2/org/jetbrains/kotlinx/kotlinx-serialization-bom/1.6.1/kotlinx-serialization-bom-1.6.1.pom
2025-12-13 13:40:09,670 [Worker-61: Building] INFO  o.e.m.c.i.e.AbstractTransferListenerAdapter - Downloading https://repo.maven.apache.org/maven2/io/micrometer/micrometer-bom/1.12.0/micrometer-bom-1.12.0.pom
2025-12-13 13:40:09,702 [Worker-61: Building] INFO  o.e.m.c.i.e.AbstractTransferListenerAdapter - Downloaded https://repo.maven.apache.org/maven2/io/micrometer/micrometer-bom/1.12.0/micrometer-bom-1.12.0.pom
2025-12-13 13:40:09,740 [Worker-61: Building] INFO  o.e.m.c.i.e.AbstractTransferListenerAdapter - Downloading https://repo.maven.apache.org/maven2/io/micrometer/micrometer-tracing-bom/1.2.0/micrometer-tracing-bom-1.2.0.pom
2025-12-13 13:40:09,775 [Worker-61: Building] INFO  o.e.m.c.i.e.AbstractTransferListenerAdapter - Downloaded https://repo.maven.apache.org/maven2/io/micrometer/micrometer-tracing-bom/1.2.0/micrometer-tracing-bom-1.2.0.pom
2025-12-13 13:40:09,815 [Worker-61: Building] INFO  o.e.m.c.i.e.AbstractTransferListenerAdapter - Downloading https://repo.maven.apache.org/maven2/io/netty/netty-bom/4.1.101.Final/netty-bom-4.1.101.Final.pom
2025-12-13 13:40:09,856 [Worker-61: Building] INFO  o.e.m.c.i.e.AbstractTransferListenerAdapter - Downloaded https://repo.maven.apache.org/maven2/io/netty/netty-bom/4.1.101.Final/netty-bom-4.1.101.Final.pom
2025-12-13 13:40:09,926 [Worker-61: Building] INFO  o.e.m.c.i.e.AbstractTransferListenerAdapter - Downloading https://repo.maven.apache.org/maven2/com/oracle/database/jdbc/ojdbc-bom/23.3.0.23.09/ojdbc-bom-23.3.0.23.09.pom
2025-12-13 13:40:09,972 [Worker-61: Building] INFO  o.e.m.c.i.e.AbstractTransferListenerAdapter - Downloaded https://repo.maven.apache.org/maven2/com/oracle/database/jdbc/ojdbc-bom/23.3.0.23.09/ojdbc-bom-23.3.0.23.09.pom
2025-12-13 13:40:10,021 [Worker-61: Building] INFO  o.e.m.c.i.e.AbstractTransferListenerAdapter - Downloading https://repo.maven.apache.org/maven2/io/projectreactor/reactor-bom/2023.0.0/reactor-bom-2023.0.0.pom
2025-12-13 13:40:10,056 [Worker-61: Building] INFO  o.e.m.c.i.e.AbstractTransferListenerAdapter - Downloaded https://repo.maven.apache.org/maven2/io/projectreactor/reactor-bom/2023.0.0/reactor-bom-2023.0.0.pom
2025-12-13 13:40:10,145 [Worker-61: Building] INFO  o.e.m.c.i.e.AbstractTransferListenerAdapter - Downloading https://repo.maven.apache.org/maven2/org/springframework/amqp/spring-amqp-bom/3.1.0/spring-amqp-bom-3.1.0.pom
2025-12-13 13:40:10,176 [Worker-61: Building] INFO  o.e.m.c.i.e.AbstractTransferListenerAdapter - Downloaded https://repo.maven.apache.org/maven2/org/springframework/amqp/spring-amqp-bom/3.1.0/spring-amqp-bom-3.1.0.pom
2025-12-13 13:40:10,215 [Worker-61: Building] INFO  o.e.m.c.i.e.AbstractTransferListenerAdapter - Downloading https://repo.maven.apache.org/maven2/org/springframework/batch/spring-batch-bom/5.1.0/spring-batch-bom-5.1.0.pom
2025-12-13 13:40:10,253 [Worker-61: Building] INFO  o.e.m.c.i.e.AbstractTransferListenerAdapter - Downloaded https://repo.maven.apache.org/maven2/org/springframework/batch/spring-batch-bom/5.1.0/spring-batch-bom-5.1.0.pom
2025-12-13 13:40:10,289 [Worker-61: Building] INFO  o.e.m.c.i.e.AbstractTransferListenerAdapter - Downloading https://repo.maven.apache.org/maven2/org/springframework/data/spring-data-bom/2023.1.0/spring-data-bom-2023.1.0.pom
2025-12-13 13:40:10,326 [Worker-61: Building] INFO  o.e.m.c.i.e.AbstractTransferListenerAdapter - Downloaded https://repo.maven.apache.org/maven2/org/springframework/data/spring-data-bom/2023.1.0/spring-data-bom-2023.1.0.pom
2025-12-13 13:40:10,365 [Worker-61: Building] INFO  o.e.m.c.i.e.AbstractTransferListenerAdapter - Downloading https://repo.maven.apache.org/maven2/org/springframework/spring-framework-bom/6.1.1/spring-framework-bom-6.1.1.pom
2025-12-13 13:40:10,404 [Worker-61: Building] INFO  o.e.m.c.i.e.AbstractTransferListenerAdapter - Downloaded https://repo.maven.apache.org/maven2/org/springframework/spring-framework-bom/6.1.1/spring-framework-bom-6.1.1.pom
2025-12-13 13:40:10,448 [Worker-61: Building] INFO  o.e.m.c.i.e.AbstractTransferListenerAdapter - Downloading https://repo.maven.apache.org/maven2/org/springframework/integration/spring-integration-bom/6.2.0/spring-integration-bom-6.2.0.pom
2025-12-13 13:40:10,490 [Worker-61: Building] INFO  o.e.m.c.i.e.AbstractTransferListenerAdapter - Downloaded https://repo.maven.apache.org/maven2/org/springframework/integration/spring-integration-bom/6.2.0/spring-integration-bom-6.2.0.pom
2025-12-13 13:40:10,582 [Worker-61: Building] INFO  o.e.m.c.i.e.AbstractTransferListenerAdapter - Downloading https://repo.maven.apache.org/maven2/org/springframework/security/spring-security-bom/6.2.0/spring-security-bom-6.2.0.pom
2025-12-13 13:40:10,616 [Worker-61: Building] INFO  o.e.m.c.i.e.AbstractTransferListenerAdapter - Downloaded https://repo.maven.apache.org/maven2/org/springframework/security/spring-security-bom/6.2.0/spring-security-bom-6.2.0.pom
2025-12-13 13:40:10,653 [Worker-61: Building] INFO  o.e.m.c.i.e.AbstractTransferListenerAdapter - Downloading https://repo.maven.apache.org/maven2/org/springframework/session/spring-session-bom/3.2.0/spring-session-bom-3.2.0.pom
2025-12-13 13:40:10,690 [Worker-61: Building] INFO  o.e.m.c.i.e.AbstractTransferListenerAdapter - Downloaded https://repo.maven.apache.org/maven2/org/springframework/session/spring-session-bom/3.2.0/spring-session-bom-3.2.0.pom
2025-12-13 13:40:10,736 [Worker-61: Building] INFO  o.e.m.c.i.e.AbstractTransferListenerAdapter - Downloading https://repo.maven.apache.org/maven2/org/springframework/ws/spring-ws-bom/4.0.8/spring-ws-bom-4.0.8.pom
2025-12-13 13:40:10,770 [Worker-61: Building] INFO  o.e.m.c.i.e.AbstractTransferListenerAdapter - Downloaded https://repo.maven.apache.org/maven2/org/springframework/ws/spring-ws-bom/4.0.8/spring-ws-bom-4.0.8.pom
2025-12-13 13:40:10,807 [Worker-61: Building] INFO  o.e.m.c.i.e.AbstractTransferListenerAdapter - Downloading https://repo.maven.apache.org/maven2/org/testcontainers/testcontainers-bom/1.19.3/testcontainers-bom-1.19.3.pom
2025-12-13 13:40:10,837 [Worker-61: Building] INFO  o.e.m.c.i.e.AbstractTransferListenerAdapter - Downloaded https://repo.maven.apache.org/maven2/org/testcontainers/testcontainers-bom/1.19.3/testcontainers-bom-1.19.3.pom
2025-12-13 13:40:10,916 [Worker-61: Building] INFO  o.e.m.c.i.e.AbstractTransferListenerAdapter - Downloading https://repo.maven.apache.org/maven2/org/springdoc/springdoc-openapi-starter-webmvc-api/2.3.0/springdoc-openapi-starter-webmvc-api-2.3.0.pom
2025-12-13 13:40:10,946 [Worker-61: Building] INFO  o.e.m.c.i.e.AbstractTransferListenerAdapter - Downloaded https://repo.maven.apache.org/maven2/org/springdoc/springdoc-openapi-starter-webmvc-api/2.3.0/springdoc-openapi-starter-webmvc-api-2.3.0.pom
2025-12-13 13:40:10,990 [Worker-61: Building] INFO  o.e.m.c.i.e.AbstractTransferListenerAdapter - Downloading https://repo.maven.apache.org/maven2/org/springdoc/springdoc-openapi-starter-common/2.3.0/springdoc-openapi-starter-common-2.3.0.pom
2025-12-13 13:40:11,022 [Worker-61: Building] INFO  o.e.m.c.i.e.AbstractTransferListenerAdapter - Downloaded https://repo.maven.apache.org/maven2/org/springdoc/springdoc-openapi-starter-common/2.3.0/springdoc-openapi-starter-common-2.3.0.pom
2025-12-13 13:40:11,063 [Worker-61: Building] INFO  o.e.m.c.i.e.AbstractTransferListenerAdapter - Downloading https://repo.maven.apache.org/maven2/io/swagger/core/v3/swagger-core-jakarta/2.2.19/swagger-core-jakarta-2.2.19.pom
2025-12-13 13:40:11,097 [Worker-61: Building] INFO  o.e.m.c.i.e.AbstractTransferListenerAdapter - Downloaded https://repo.maven.apache.org/maven2/io/swagger/core/v3/swagger-core-jakarta/2.2.19/swagger-core-jakarta-2.2.19.pom
2025-12-13 13:40:11,139 [Worker-61: Building] INFO  o.e.m.c.i.e.AbstractTransferListenerAdapter - Downloading https://repo.maven.apache.org/maven2/io/swagger/core/v3/swagger-project-jakarta/2.2.19/swagger-project-jakarta-2.2.19.pom
2025-12-13 13:40:11,175 [Worker-61: Building] INFO  o.e.m.c.i.e.AbstractTransferListenerAdapter - Downloaded https://repo.maven.apache.org/maven2/io/swagger/core/v3/swagger-project-jakarta/2.2.19/swagger-project-jakarta-2.2.19.pom
2025-12-13 13:40:11,229 [Worker-61: Building] INFO  o.e.m.c.i.e.AbstractTransferListenerAdapter - Downloading https://repo.maven.apache.org/maven2/org/apache/commons/commons-lang3/3.19.0/commons-lang3-3.19.0.pom
2025-12-13 13:40:11,266 [Worker-61: Building] INFO  o.e.m.c.i.e.AbstractTransferListenerAdapter - Downloaded https://repo.maven.apache.org/maven2/org/apache/commons/commons-lang3/3.19.0/commons-lang3-3.19.0.pom
2025-12-13 13:40:11,326 [Worker-61: Building] INFO  o.e.m.c.i.e.AbstractTransferListenerAdapter - Downloading https://repo.maven.apache.org/maven2/org/apache/commons/commons-parent/88/commons-parent-88.pom
2025-12-13 13:40:11,364 [Worker-61: Building] INFO  o.e.m.c.i.e.AbstractTransferListenerAdapter - Downloaded https://repo.maven.apache.org/maven2/org/apache/commons/commons-parent/88/commons-parent-88.pom
2025-12-13 13:40:11,430 [Worker-61: Building] INFO  o.e.m.c.i.e.AbstractTransferListenerAdapter - Downloading https://repo.maven.apache.org/maven2/io/swagger/core/v3/swagger-annotations-jakarta/2.2.19/swagger-annotations-jakarta-2.2.19.pom
2025-12-13 13:40:11,463 [Worker-61: Building] INFO  o.e.m.c.i.e.AbstractTransferListenerAdapter - Downloaded https://repo.maven.apache.org/maven2/io/swagger/core/v3/swagger-annotations-jakarta/2.2.19/swagger-annotations-jakarta-2.2.19.pom
2025-12-13 13:40:11,506 [Worker-61: Building] INFO  o.e.m.c.i.e.AbstractTransferListenerAdapter - Downloading https://repo.maven.apache.org/maven2/io/swagger/core/v3/swagger-models-jakarta/2.2.19/swagger-models-jakarta-2.2.19.pom
2025-12-13 13:40:11,536 [Worker-61: Building] INFO  o.e.m.c.i.e.AbstractTransferListenerAdapter - Downloaded https://repo.maven.apache.org/maven2/io/swagger/core/v3/swagger-models-jakarta/2.2.19/swagger-models-jakarta-2.2.19.pom
2025-12-13 13:40:11,574 [Worker-61: Building] INFO  o.e.m.c.i.e.AbstractTransferListenerAdapter - Downloading https://repo.maven.apache.org/maven2/com/fasterxml/jackson/core/jackson-databind/2.20.1/jackson-databind-2.20.1.pom
2025-12-13 13:40:11,610 [Worker-61: Building] INFO  o.e.m.c.i.e.AbstractTransferListenerAdapter - Downloaded https://repo.maven.apache.org/maven2/com/fasterxml/jackson/core/jackson-databind/2.20.1/jackson-databind-2.20.1.pom
2025-12-13 13:40:11,664 [Worker-61: Building] INFO  o.e.m.c.i.e.AbstractTransferListenerAdapter - Downloading https://repo.maven.apache.org/maven2/com/fasterxml/jackson/jackson-base/2.20.1/jackson-base-2.20.1.pom
2025-12-13 13:40:11,708 [Worker-61: Building] INFO  o.e.m.c.i.e.AbstractTransferListenerAdapter - Downloaded https://repo.maven.apache.org/maven2/com/fasterxml/jackson/jackson-base/2.20.1/jackson-base-2.20.1.pom
2025-12-13 13:40:11,768 [Worker-61: Building] INFO  o.e.m.c.i.e.AbstractTransferListenerAdapter - Downloading https://repo.maven.apache.org/maven2/com/fasterxml/jackson/core/jackson-core/2.20.1/jackson-core-2.20.1.pom
2025-12-13 13:40:11,805 [Worker-61: Building] INFO  o.e.m.c.i.e.AbstractTransferListenerAdapter - Downloaded https://repo.maven.apache.org/maven2/com/fasterxml/jackson/core/jackson-core/2.20.1/jackson-core-2.20.1.pom
2025-12-13 13:40:11,857 [Worker-61: Building] INFO  o.e.m.c.i.e.AbstractTransferListenerAdapter - Downloading https://repo.maven.apache.org/maven2/com/fasterxml/jackson/dataformat/jackson-dataformat-yaml/2.20.1/jackson-dataformat-yaml-2.20.1.pom
2025-12-13 13:40:11,890 [Worker-61: Building] INFO  o.e.m.c.i.e.AbstractTransferListenerAdapter - Downloaded https://repo.maven.apache.org/maven2/com/fasterxml/jackson/dataformat/jackson-dataformat-yaml/2.20.1/jackson-dataformat-yaml-2.20.1.pom
2025-12-13 13:40:11,935 [Worker-61: Building] INFO  o.e.m.c.i.e.AbstractTransferListenerAdapter - Downloading https://repo.maven.apache.org/maven2/com/fasterxml/jackson/dataformat/jackson-dataformats-text/2.20.1/jackson-dataformats-text-2.20.1.pom
2025-12-13 13:40:11,971 [Worker-61: Building] INFO  o.e.m.c.i.e.AbstractTransferListenerAdapter - Downloaded https://repo.maven.apache.org/maven2/com/fasterxml/jackson/dataformat/jackson-dataformats-text/2.20.1/jackson-dataformats-text-2.20.1.pom
2025-12-13 13:40:12,011 [Worker-61: Building] INFO  o.e.m.c.i.e.AbstractTransferListenerAdapter - Downloading https://repo.maven.apache.org/maven2/com/fasterxml/jackson/datatype/jackson-datatype-jsr310/2.20.1/jackson-datatype-jsr310-2.20.1.pom
2025-12-13 13:40:12,045 [Worker-61: Building] INFO  o.e.m.c.i.e.AbstractTransferListenerAdapter - Downloaded https://repo.maven.apache.org/maven2/com/fasterxml/jackson/datatype/jackson-datatype-jsr310/2.20.1/jackson-datatype-jsr310-2.20.1.pom
2025-12-13 13:40:12,085 [Worker-61: Building] INFO  o.e.m.c.i.e.AbstractTransferListenerAdapter - Downloading https://repo.maven.apache.org/maven2/com/fasterxml/jackson/module/jackson-modules-java8/2.20.1/jackson-modules-java8-2.20.1.pom
2025-12-13 13:40:12,127 [Worker-61: Building] INFO  o.e.m.c.i.e.AbstractTransferListenerAdapter - Downloaded https://repo.maven.apache.org/maven2/com/fasterxml/jackson/module/jackson-modules-java8/2.20.1/jackson-modules-java8-2.20.1.pom
2025-12-13 13:40:12,167 [Worker-61: Building] INFO  o.e.m.c.i.e.AbstractTransferListenerAdapter - Downloading https://repo.maven.apache.org/maven2/org/webjars/swagger-ui/5.10.3/swagger-ui-5.10.3.pom
2025-12-13 13:40:12,202 [Worker-61: Building] INFO  o.e.m.c.i.e.AbstractTransferListenerAdapter - Downloaded https://repo.maven.apache.org/maven2/org/webjars/swagger-ui/5.10.3/swagger-ui-5.10.3.pom
2025-12-13 13:40:12,355 [Worker-61: Building] INFO  o.e.m.c.i.e.AbstractTransferListenerAdapter - Downloading https://repo.maven.apache.org/maven2/org/springdoc/springdoc-openapi-starter-webmvc-ui/2.3.0/springdoc-openapi-starter-webmvc-ui-2.3.0.jar
2025-12-13 13:40:12,727 [Worker-61: Building] INFO  o.e.m.c.i.e.AbstractTransferListenerAdapter - Downloaded https://repo.maven.apache.org/maven2/org/springdoc/springdoc-openapi-starter-webmvc-ui/2.3.0/springdoc-openapi-starter-webmvc-ui-2.3.0.jar
2025-12-13 13:40:12,784 [BasicRepositoryConnector-repo.maven.apache.org-2-1] INFO  o.e.m.c.i.e.AbstractTransferListenerAdapter - Downloading https://repo.maven.apache.org/maven2/org/springdoc/springdoc-openapi-starter-common/2.3.0/springdoc-openapi-starter-common-2.3.0.jar
2025-12-13 13:40:12,817 [BasicRepositoryConnector-repo.maven.apache.org-2-2] INFO  o.e.m.c.i.e.AbstractTransferListenerAdapter - Downloading https://repo.maven.apache.org/maven2/io/swagger/core/v3/swagger-core-jakarta/2.2.19/swagger-core-jakarta-2.2.19.jar
2025-12-13 13:40:12,848 [BasicRepositoryConnector-repo.maven.apache.org-2-0] INFO  o.e.m.c.i.e.AbstractTransferListenerAdapter - Downloading https://repo.maven.apache.org/maven2/org/springdoc/springdoc-openapi-starter-webmvc-api/2.3.0/springdoc-openapi-starter-webmvc-api-2.3.0.jar
2025-12-13 13:40:12,865 [BasicRepositoryConnector-repo.maven.apache.org-2-3] INFO  o.e.m.c.i.e.AbstractTransferListenerAdapter - Downloading https://repo.maven.apache.org/maven2/org/apache/commons/commons-lang3/3.19.0/commons-lang3-3.19.0.jar
2025-12-13 13:40:12,913 [BasicRepositoryConnector-repo.maven.apache.org-2-1] INFO  o.e.m.c.i.e.AbstractTransferListenerAdapter - Downloaded https://repo.maven.apache.org/maven2/org/springdoc/springdoc-openapi-starter-common/2.3.0/springdoc-openapi-starter-common-2.3.0.jar
2025-12-13 13:40:12,917 [BasicRepositoryConnector-repo.maven.apache.org-2-2] INFO  o.e.m.c.i.e.AbstractTransferListenerAdapter - Downloaded https://repo.maven.apache.org/maven2/io/swagger/core/v3/swagger-core-jakarta/2.2.19/swagger-core-jakarta-2.2.19.jar
2025-12-13 13:40:12,921 [BasicRepositoryConnector-repo.maven.apache.org-2-4] INFO  o.e.m.c.i.e.AbstractTransferListenerAdapter - Downloading https://repo.maven.apache.org/maven2/io/swagger/core/v3/swagger-annotations-jakarta/2.2.19/swagger-annotations-jakarta-2.2.19.jar
2025-12-13 13:40:12,951 [BasicRepositoryConnector-repo.maven.apache.org-2-1] INFO  o.e.m.c.i.e.AbstractTransferListenerAdapter - Downloading https://repo.maven.apache.org/maven2/io/swagger/core/v3/swagger-models-jakarta/2.2.19/swagger-models-jakarta-2.2.19.jar
2025-12-13 13:40:12,982 [BasicRepositoryConnector-repo.maven.apache.org-2-2] INFO  o.e.m.c.i.e.AbstractTransferListenerAdapter - Downloading https://repo.maven.apache.org/maven2/com/fasterxml/jackson/core/jackson-databind/2.20.1/jackson-databind-2.20.1.jar
2025-12-13 13:40:13,020 [BasicRepositoryConnector-repo.maven.apache.org-2-3] INFO  o.e.m.c.i.e.AbstractTransferListenerAdapter - Downloaded https://repo.maven.apache.org/maven2/org/apache/commons/commons-lang3/3.19.0/commons-lang3-3.19.0.jar
2025-12-13 13:40:13,076 [BasicRepositoryConnector-repo.maven.apache.org-2-1] INFO  o.e.m.c.i.e.AbstractTransferListenerAdapter - Downloaded https://repo.maven.apache.org/maven2/io/swagger/core/v3/swagger-models-jakarta/2.2.19/swagger-models-jakarta-2.2.19.jar
2025-12-13 13:40:13,081 [BasicRepositoryConnector-repo.maven.apache.org-2-3] INFO  o.e.m.c.i.e.AbstractTransferListenerAdapter - Downloading https://repo.maven.apache.org/maven2/com/fasterxml/jackson/core/jackson-core/2.20.1/jackson-core-2.20.1.jar
2025-12-13 13:40:13,133 [BasicRepositoryConnector-repo.maven.apache.org-2-1] INFO  o.e.m.c.i.e.AbstractTransferListenerAdapter - Downloading https://repo.maven.apache.org/maven2/com/fasterxml/jackson/dataformat/jackson-dataformat-yaml/2.20.1/jackson-dataformat-yaml-2.20.1.jar
2025-12-13 13:40:13,156 [BasicRepositoryConnector-repo.maven.apache.org-2-2] INFO  o.e.m.c.i.e.AbstractTransferListenerAdapter - Downloaded https://repo.maven.apache.org/maven2/com/fasterxml/jackson/core/jackson-databind/2.20.1/jackson-databind-2.20.1.jar
2025-12-13 13:40:13,203 [BasicRepositoryConnector-repo.maven.apache.org-2-2] INFO  o.e.m.c.i.e.AbstractTransferListenerAdapter - Downloading https://repo.maven.apache.org/maven2/com/fasterxml/jackson/datatype/jackson-datatype-jsr310/2.20.1/jackson-datatype-jsr310-2.20.1.jar
2025-12-13 13:40:13,209 [BasicRepositoryConnector-repo.maven.apache.org-2-1] INFO  o.e.m.c.i.e.AbstractTransferListenerAdapter - Downloaded https://repo.maven.apache.org/maven2/com/fasterxml/jackson/dataformat/jackson-dataformat-yaml/2.20.1/jackson-dataformat-yaml-2.20.1.jar
2025-12-13 13:40:13,233 [BasicRepositoryConnector-repo.maven.apache.org-2-3] INFO  o.e.m.c.i.e.AbstractTransferListenerAdapter - Downloaded https://repo.maven.apache.org/maven2/com/fasterxml/jackson/core/jackson-core/2.20.1/jackson-core-2.20.1.jar
2025-12-13 13:40:13,257 [BasicRepositoryConnector-repo.maven.apache.org-2-1] INFO  o.e.m.c.i.e.AbstractTransferListenerAdapter - Downloading https://repo.maven.apache.org/maven2/org/webjars/swagger-ui/5.10.3/swagger-ui-5.10.3.jar
2025-12-13 13:40:13,283 [BasicRepositoryConnector-repo.maven.apache.org-2-2] INFO  o.e.m.c.i.e.AbstractTransferListenerAdapter - Downloaded https://repo.maven.apache.org/maven2/com/fasterxml/jackson/datatype/jackson-datatype-jsr310/2.20.1/jackson-datatype-jsr310-2.20.1.jar
2025-12-13 13:40:13,459 [BasicRepositoryConnector-repo.maven.apache.org-2-1] INFO  o.e.m.c.i.e.AbstractTransferListenerAdapter - Downloaded https://repo.maven.apache.org/maven2/org/webjars/swagger-ui/5.10.3/swagger-ui-5.10.3.jar
2025-12-13 13:40:13,711 [BasicRepositoryConnector-repo.maven.apache.org-2-0] INFO  o.e.m.c.i.e.AbstractTransferListenerAdapter - Downloaded https://repo.maven.apache.org/maven2/org/springdoc/springdoc-openapi-starter-webmvc-api/2.3.0/springdoc-openapi-starter-webmvc-api-2.3.0.jar
2025-12-13 13:40:14,613 [BasicRepositoryConnector-repo.maven.apache.org-2-4] INFO  o.e.m.c.i.e.AbstractTransferListenerAdapter - Downloaded https://repo.maven.apache.org/maven2/io/swagger/core/v3/swagger-annotations-jakarta/2.2.19/swagger-annotations-jakarta-2.2.19.jar
2025-12-13 13:40:15,547 [Worker-61: Building] INFO  o.a.m.s.f.DefaultMavenResourcesFiltering - Copying 0 resource from src\main\resources to target\classes
2025-12-13 13:40:15,548 [Worker-61: Building] INFO  o.a.m.s.f.DefaultMavenResourcesFiltering - Copying 0 resource from src\main\resources to target\classes
2025-12-13 13:40:15,551 [Worker-61: Building] INFO  o.a.m.s.f.DefaultMavenResourcesFiltering - skip non existing resourceDirectory C:\Users\flame\Documents\eclipseProjects\mediaLogic\SampleAPI\src\test\resources
2025-12-13 13:40:16,549 [Worker-58: Download sources and javadoc] INFO  o.e.m.c.i.e.AbstractTransferListenerAdapter - Downloading https://repo.maven.apache.org/maven2/org/springdoc/springdoc-openapi-starter-webmvc-ui/2.3.0/springdoc-openapi-starter-webmvc-ui-2.3.0-sources.jar
2025-12-13 13:40:16,842 [Worker-53: Building] INFO  o.a.m.s.f.DefaultMavenResourcesFiltering - Copying 1 resource from src\main\resources to target\classes
2025-12-13 13:40:16,859 [Worker-53: Building] INFO  o.a.m.s.f.DefaultMavenResourcesFiltering - Copying 0 resource from src\main\resources to target\classes
2025-12-13 13:40:16,863 [Worker-53: Building] INFO  o.a.m.s.f.DefaultMavenResourcesFiltering - skip non existing resourceDirectory C:\Users\flame\Documents\eclipseProjects\mediaLogic\SampleAPI\src\test\resources
2025-12-13 13:40:17,062 [Worker-58: Download sources and javadoc] INFO  o.e.m.c.i.e.AbstractTransferListenerAdapter - Downloaded https://repo.maven.apache.org/maven2/org/springdoc/springdoc-openapi-starter-webmvc-ui/2.3.0/springdoc-openapi-starter-webmvc-ui-2.3.0-sources.jar
2025-12-13 13:40:17,066 [Worker-58: Download sources and javadoc] INFO  o.e.m.j.internal.DownloadSourcesJob - Downloaded sources for org.springdoc:springdoc-openapi-starter-webmvc-ui:2.3.0
2025-12-13 13:40:17,151 [Worker-58: Download sources and javadoc] INFO  o.e.m.c.i.e.AbstractTransferListenerAdapter - Downloading https://repo.maven.apache.org/maven2/org/springdoc/springdoc-openapi-starter-webmvc-api/2.3.0/springdoc-openapi-starter-webmvc-api-2.3.0-sources.jar
2025-12-13 13:40:17,641 [Worker-58: Download sources and javadoc] INFO  o.e.m.c.i.e.AbstractTransferListenerAdapter - Downloaded https://repo.maven.apache.org/maven2/org/springdoc/springdoc-openapi-starter-webmvc-api/2.3.0/springdoc-openapi-starter-webmvc-api-2.3.0-sources.jar
2025-12-13 13:40:17,646 [Worker-58: Download sources and javadoc] INFO  o.e.m.j.internal.DownloadSourcesJob - Downloaded sources for org.springdoc:springdoc-openapi-starter-webmvc-api:2.3.0
2025-12-13 13:40:17,749 [Worker-58: Download sources and javadoc] INFO  o.e.m.c.i.e.AbstractTransferListenerAdapter - Downloading https://repo.maven.apache.org/maven2/org/springdoc/springdoc-openapi-starter-common/2.3.0/springdoc-openapi-starter-common-2.3.0-sources.jar
2025-12-13 13:40:17,823 [Worker-58: Download sources and javadoc] INFO  o.e.m.c.i.e.AbstractTransferListenerAdapter - Downloaded https://repo.maven.apache.org/maven2/org/springdoc/springdoc-openapi-starter-common/2.3.0/springdoc-openapi-starter-common-2.3.0-sources.jar
2025-12-13 13:40:17,828 [Worker-58: Download sources and javadoc] INFO  o.e.m.j.internal.DownloadSourcesJob - Downloaded sources for org.springdoc:springdoc-openapi-starter-common:2.3.0
2025-12-13 13:40:17,911 [Worker-58: Download sources and javadoc] INFO  o.e.m.c.i.e.AbstractTransferListenerAdapter - Downloading https://repo.maven.apache.org/maven2/io/swagger/core/v3/swagger-core-jakarta/2.2.19/swagger-core-jakarta-2.2.19-sources.jar
2025-12-13 13:40:17,992 [Worker-58: Download sources and javadoc] INFO  o.e.m.c.i.e.AbstractTransferListenerAdapter - Downloaded https://repo.maven.apache.org/maven2/io/swagger/core/v3/swagger-core-jakarta/2.2.19/swagger-core-jakarta-2.2.19-sources.jar
2025-12-13 13:40:17,996 [Worker-58: Download sources and javadoc] INFO  o.e.m.j.internal.DownloadSourcesJob - Downloaded sources for io.swagger.core.v3:swagger-core-jakarta:2.2.19
2025-12-13 13:40:18,038 [main] INFO  o.e.m2e.actions.ExecutePomAction - Creating new launch configuration
2025-12-13 13:40:18,056 [Worker-58: Download sources and javadoc] INFO  o.e.m.c.i.e.AbstractTransferListenerAdapter - Downloading https://repo.maven.apache.org/maven2/org/apache/commons/commons-lang3/3.19.0/commons-lang3-3.19.0-sources.jar
2025-12-13 13:40:18,147 [Worker-58: Download sources and javadoc] INFO  o.e.m.c.i.e.AbstractTransferListenerAdapter - Downloaded https://repo.maven.apache.org/maven2/org/apache/commons/commons-lang3/3.19.0/commons-lang3-3.19.0-sources.jar
2025-12-13 13:40:18,152 [Worker-58: Download sources and javadoc] INFO  o.e.m.j.internal.DownloadSourcesJob - Downloaded sources for org.apache.commons:commons-lang3:3.19.0
2025-12-13 13:40:18,211 [Worker-58: Download sources and javadoc] INFO  o.e.m.c.i.e.AbstractTransferListenerAdapter - Downloading https://repo.maven.apache.org/maven2/io/swagger/core/v3/swagger-annotations-jakarta/2.2.19/swagger-annotations-jakarta-2.2.19-sources.jar
2025-12-13 13:40:18,305 [Worker-58: Download sources and javadoc] INFO  o.e.m.c.i.e.AbstractTransferListenerAdapter - Downloaded https://repo.maven.apache.org/maven2/io/swagger/core/v3/swagger-annotations-jakarta/2.2.19/swagger-annotations-jakarta-2.2.19-sources.jar
2025-12-13 13:40:18,310 [Worker-58: Download sources and javadoc] INFO  o.e.m.j.internal.DownloadSourcesJob - Downloaded sources for io.swagger.core.v3:swagger-annotations-jakarta:2.2.19
2025-12-13 13:40:18,377 [Worker-58: Download sources and javadoc] INFO  o.e.m.c.i.e.AbstractTransferListenerAdapter - Downloading https://repo.maven.apache.org/maven2/io/swagger/core/v3/swagger-models-jakarta/2.2.19/swagger-models-jakarta-2.2.19-sources.jar
2025-12-13 13:40:18,467 [Worker-58: Download sources and javadoc] INFO  o.e.m.c.i.e.AbstractTransferListenerAdapter - Downloaded https://repo.maven.apache.org/maven2/io/swagger/core/v3/swagger-models-jakarta/2.2.19/swagger-models-jakarta-2.2.19-sources.jar
2025-12-13 13:40:18,472 [Worker-58: Download sources and javadoc] INFO  o.e.m.j.internal.DownloadSourcesJob - Downloaded sources for io.swagger.core.v3:swagger-models-jakarta:2.2.19
2025-12-13 13:40:18,553 [Worker-58: Download sources and javadoc] INFO  o.e.m.c.i.e.AbstractTransferListenerAdapter - Downloading https://repo.maven.apache.org/maven2/com/fasterxml/jackson/core/jackson-databind/2.20.1/jackson-databind-2.20.1-sources.jar
2025-12-13 13:40:18,669 [Worker-58: Download sources and javadoc] INFO  o.e.m.c.i.e.AbstractTransferListenerAdapter - Downloaded https://repo.maven.apache.org/maven2/com/fasterxml/jackson/core/jackson-databind/2.20.1/jackson-databind-2.20.1-sources.jar
2025-12-13 13:40:18,674 [Worker-58: Download sources and javadoc] INFO  o.e.m.j.internal.DownloadSourcesJob - Downloaded sources for com.fasterxml.jackson.core:jackson-databind:2.20.1
2025-12-13 13:40:18,745 [Worker-58: Download sources and javadoc] INFO  o.e.m.c.i.e.AbstractTransferListenerAdapter - Downloading https://repo.maven.apache.org/maven2/com/fasterxml/jackson/core/jackson-core/2.20.1/jackson-core-2.20.1-sources.jar
2025-12-13 13:40:18,831 [Worker-58: Download sources and javadoc] INFO  o.e.m.c.i.e.AbstractTransferListenerAdapter - Downloaded https://repo.maven.apache.org/maven2/com/fasterxml/jackson/core/jackson-core/2.20.1/jackson-core-2.20.1-sources.jar
2025-12-13 13:40:18,836 [Worker-58: Download sources and javadoc] INFO  o.e.m.j.internal.DownloadSourcesJob - Downloaded sources for com.fasterxml.jackson.core:jackson-core:2.20.1
2025-12-13 13:40:18,904 [Worker-58: Download sources and javadoc] INFO  o.e.m.c.i.e.AbstractTransferListenerAdapter - Downloading https://repo.maven.apache.org/maven2/com/fasterxml/jackson/dataformat/jackson-dataformat-yaml/2.20.1/jackson-dataformat-yaml-2.20.1-sources.jar
2025-12-13 13:40:19,482 [Worker-58: Download sources and javadoc] INFO  o.e.m.c.i.e.AbstractTransferListenerAdapter - Downloaded https://repo.maven.apache.org/maven2/com/fasterxml/jackson/dataformat/jackson-dataformat-yaml/2.20.1/jackson-dataformat-yaml-2.20.1-sources.jar
2025-12-13 13:40:19,488 [Worker-58: Download sources and javadoc] INFO  o.e.m.j.internal.DownloadSourcesJob - Downloaded sources for com.fasterxml.jackson.dataformat:jackson-dataformat-yaml:2.20.1
2025-12-13 13:40:19,563 [Worker-58: Download sources and javadoc] INFO  o.e.m.c.i.e.AbstractTransferListenerAdapter - Downloading https://repo.maven.apache.org/maven2/com/fasterxml/jackson/datatype/jackson-datatype-jsr310/2.20.1/jackson-datatype-jsr310-2.20.1-sources.jar
2025-12-13 13:40:19,605 [Worker-58: Download sources and javadoc] INFO  o.e.m.c.i.e.AbstractTransferListenerAdapter - Downloaded https://repo.maven.apache.org/maven2/com/fasterxml/jackson/datatype/jackson-datatype-jsr310/2.20.1/jackson-datatype-jsr310-2.20.1-sources.jar
2025-12-13 13:40:19,611 [Worker-58: Download sources and javadoc] INFO  o.e.m.j.internal.DownloadSourcesJob - Downloaded sources for com.fasterxml.jackson.datatype:jackson-datatype-jsr310:2.20.1
2025-12-13 13:40:19,881 [Worker-58: Download sources and javadoc] INFO  o.e.m.c.i.e.AbstractTransferListenerAdapter - Downloaded https://repo.maven.apache.org/maven2/org/webjars/swagger-ui/5.10.3/swagger-ui-5.10.3-sources.jar
2025-12-13 13:40:19,884 [Worker-58: Download sources and javadoc] ERROR o.e.m.j.internal.DownloadSourcesJob - Could not download sources for org.webjars:swagger-ui:5.10.3
org.eclipse.core.runtime.CoreException: Could not resolve artifact org.webjars:swagger-ui:jar:sources:5.10.3
	at org.eclipse.m2e.core.internal.embedder.MavenImpl.lambda$7(MavenImpl.java:540)
	at org.eclipse.m2e.core.internal.embedder.MavenExecutionContext.executeBare(MavenExecutionContext.java:458)
	at org.eclipse.m2e.core.internal.embedder.MavenExecutionContext.execute(MavenExecutionContext.java:292)
	at org.eclipse.m2e.core.internal.embedder.MavenExecutionContext.execute(MavenExecutionContext.java:278)
	at org.eclipse.m2e.core.internal.embedder.MavenImpl.resolve(MavenImpl.java:509)
	at org.eclipse.m2e.core.internal.embedder.MavenImpl.resolve(MavenImpl.java:494)
	at org.eclipse.m2e.jdt.internal.DownloadSourcesJob.download(DownloadSourcesJob.java:308)
	at org.eclipse.m2e.jdt.internal.DownloadSourcesJob.downloadAttachments(DownloadSourcesJob.java:282)
	at org.eclipse.m2e.jdt.internal.DownloadSourcesJob.downloadMaven(DownloadSourcesJob.java:252)
	at org.eclipse.m2e.jdt.internal.DownloadSourcesJob.downloadFilesAndPopulateToUpdate(DownloadSourcesJob.java:220)
	at org.eclipse.m2e.jdt.internal.DownloadSourcesJob.lambda$0(DownloadSourcesJob.java:149)
	at org.eclipse.m2e.core.internal.embedder.MavenExecutionContext.executeBare(MavenExecutionContext.java:458)
	at org.eclipse.m2e.core.internal.embedder.MavenExecutionContext.execute(MavenExecutionContext.java:339)
	at org.eclipse.m2e.core.internal.embedder.MavenExecutionContext.execute(MavenExecutionContext.java:278)
	at org.eclipse.m2e.core.embedder.IMaven.execute(IMaven.java:300)
	at org.eclipse.m2e.jdt.internal.DownloadSourcesJob.run(DownloadSourcesJob.java:149)
	at org.eclipse.core.internal.jobs.Worker.run(Worker.java:63)
2025-12-13 13:40:29,882 [Worker-59: Launching SampleAPI] INFO  o.eclipse.m2e.core.internal.Bundles - getClasspathEntries(Bundle=org.eclipse.m2e.maven.runtime_3.9.900.20240824-1409 [642])
2025-12-13 13:40:29,885 [Worker-59: Launching SampleAPI] INFO  o.eclipse.m2e.core.internal.Bundles - 	Entry: C:\Users\flame\.p2\pool\plugins\org.eclipse.m2e.maven.runtime_3.9.900.20240824-1409
2025-12-13 13:40:29,885 [Worker-59: Launching SampleAPI] INFO  o.eclipse.m2e.core.internal.Bundles - 	Entry: C:\Users\flame\.p2\pool\plugins\org.eclipse.m2e.maven.runtime_3.9.900.20240824-1409\jars\aopalliance-1.0.jar
2025-12-13 13:40:29,885 [Worker-59: Launching SampleAPI] INFO  o.eclipse.m2e.core.internal.Bundles - 	Entry: C:\Users\flame\.p2\pool\plugins\org.eclipse.m2e.maven.runtime_3.9.900.20240824-1409\jars\guice-5.1.0.jar
2025-12-13 13:40:29,885 [Worker-59: Launching SampleAPI] INFO  o.eclipse.m2e.core.internal.Bundles - 	Entry: C:\Users\flame\.p2\pool\plugins\org.eclipse.m2e.maven.runtime_3.9.900.20240824-1409\jars\httpclient-4.5.14.jar
2025-12-13 13:40:29,887 [Worker-59: Launching SampleAPI] INFO  o.eclipse.m2e.core.internal.Bundles - 	Entry: C:\Users\flame\.p2\pool\plugins\org.eclipse.m2e.maven.runtime_3.9.900.20240824-1409\jars\httpcore-4.4.16.jar
2025-12-13 13:40:29,887 [Worker-59: Launching SampleAPI] INFO  o.eclipse.m2e.core.internal.Bundles - 	Entry: C:\Users\flame\.p2\pool\plugins\org.eclipse.m2e.maven.runtime_3.9.900.20240824-1409\jars\jansi-2.4.1.jar
2025-12-13 13:40:29,887 [Worker-59: Launching SampleAPI] INFO  o.eclipse.m2e.core.internal.Bundles - 	Entry: C:\Users\flame\.p2\pool\plugins\org.eclipse.m2e.maven.runtime_3.9.900.20240824-1409\jars\jcl-over-slf4j-1.7.36.jar
2025-12-13 13:40:29,887 [Worker-59: Launching SampleAPI] INFO  o.eclipse.m2e.core.internal.Bundles - 	Entry: C:\Users\flame\.p2\pool\plugins\org.eclipse.m2e.maven.runtime_3.9.900.20240824-1409\jars\maven-artifact-3.9.9.jar
2025-12-13 13:40:29,888 [Worker-59: Launching SampleAPI] INFO  o.eclipse.m2e.core.internal.Bundles - 	Entry: C:\Users\flame\.p2\pool\plugins\org.eclipse.m2e.maven.runtime_3.9.900.20240824-1409\jars\maven-builder-support-3.9.9.jar
2025-12-13 13:40:29,888 [Worker-59: Launching SampleAPI] INFO  o.eclipse.m2e.core.internal.Bundles - 	Entry: C:\Users\flame\.p2\pool\plugins\org.eclipse.m2e.maven.runtime_3.9.900.20240824-1409\jars\maven-compat-3.9.9.jar
2025-12-13 13:40:29,888 [Worker-59: Launching SampleAPI] INFO  o.eclipse.m2e.core.internal.Bundles - 	Entry: C:\Users\flame\.p2\pool\plugins\org.eclipse.m2e.maven.runtime_3.9.900.20240824-1409\jars\maven-core-3.9.9.jar
2025-12-13 13:40:29,889 [Worker-59: Launching SampleAPI] INFO  o.eclipse.m2e.core.internal.Bundles - 	Entry: C:\Users\flame\.p2\pool\plugins\org.eclipse.m2e.maven.runtime_3.9.900.20240824-1409\jars\maven-embedder-3.9.9.jar
2025-12-13 13:40:29,889 [Worker-59: Launching SampleAPI] INFO  o.eclipse.m2e.core.internal.Bundles - 	Entry: C:\Users\flame\.p2\pool\plugins\org.eclipse.m2e.maven.runtime_3.9.900.20240824-1409\jars\maven-model-3.9.9.jar
2025-12-13 13:40:29,889 [Worker-59: Launching SampleAPI] INFO  o.eclipse.m2e.core.internal.Bundles - 	Entry: C:\Users\flame\.p2\pool\plugins\org.eclipse.m2e.maven.runtime_3.9.900.20240824-1409\jars\maven-model-builder-3.9.9.jar
2025-12-13 13:40:29,889 [Worker-59: Launching SampleAPI] INFO  o.eclipse.m2e.core.internal.Bundles - 	Entry: C:\Users\flame\.p2\pool\plugins\org.eclipse.m2e.maven.runtime_3.9.900.20240824-1409\jars\maven-plugin-api-3.9.9.jar
2025-12-13 13:40:29,890 [Worker-59: Launching SampleAPI] INFO  o.eclipse.m2e.core.internal.Bundles - 	Entry: C:\Users\flame\.p2\pool\plugins\org.eclipse.m2e.maven.runtime_3.9.900.20240824-1409\jars\maven-repository-metadata-3.9.9.jar
2025-12-13 13:40:29,890 [Worker-59: Launching SampleAPI] INFO  o.eclipse.m2e.core.internal.Bundles - 	Entry: C:\Users\flame\.p2\pool\plugins\org.eclipse.m2e.maven.runtime_3.9.900.20240824-1409\jars\maven-resolver-api-1.9.22.jar
2025-12-13 13:40:29,890 [Worker-59: Launching SampleAPI] INFO  o.eclipse.m2e.core.internal.Bundles - 	Entry: C:\Users\flame\.p2\pool\plugins\org.eclipse.m2e.maven.runtime_3.9.900.20240824-1409\jars\maven-resolver-connector-basic-1.9.22.jar
2025-12-13 13:40:29,890 [Worker-59: Launching SampleAPI] INFO  o.eclipse.m2e.core.internal.Bundles - 	Entry: C:\Users\flame\.p2\pool\plugins\org.eclipse.m2e.maven.runtime_3.9.900.20240824-1409\jars\maven-resolver-impl-1.9.22.jar
2025-12-13 13:40:29,890 [Worker-59: Launching SampleAPI] INFO  o.eclipse.m2e.core.internal.Bundles - 	Entry: C:\Users\flame\.p2\pool\plugins\org.eclipse.m2e.maven.runtime_3.9.900.20240824-1409\jars\maven-resolver-named-locks-1.9.22.jar
2025-12-13 13:40:29,891 [Worker-59: Launching SampleAPI] INFO  o.eclipse.m2e.core.internal.Bundles - 	Entry: C:\Users\flame\.p2\pool\plugins\org.eclipse.m2e.maven.runtime_3.9.900.20240824-1409\jars\maven-resolver-provider-3.9.9.jar
2025-12-13 13:40:29,891 [Worker-59: Launching SampleAPI] INFO  o.eclipse.m2e.core.internal.Bundles - 	Entry: C:\Users\flame\.p2\pool\plugins\org.eclipse.m2e.maven.runtime_3.9.900.20240824-1409\jars\maven-resolver-spi-1.9.22.jar
2025-12-13 13:40:29,891 [Worker-59: Launching SampleAPI] INFO  o.eclipse.m2e.core.internal.Bundles - 	Entry: C:\Users\flame\.p2\pool\plugins\org.eclipse.m2e.maven.runtime_3.9.900.20240824-1409\jars\maven-resolver-transport-file-1.9.22.jar
2025-12-13 13:40:29,891 [Worker-59: Launching SampleAPI] INFO  o.eclipse.m2e.core.internal.Bundles - 	Entry: C:\Users\flame\.p2\pool\plugins\org.eclipse.m2e.maven.runtime_3.9.900.20240824-1409\jars\maven-resolver-transport-http-1.9.22.jar
2025-12-13 13:40:29,891 [Worker-59: Launching SampleAPI] INFO  o.eclipse.m2e.core.internal.Bundles - 	Entry: C:\Users\flame\.p2\pool\plugins\org.eclipse.m2e.maven.runtime_3.9.900.20240824-1409\jars\maven-resolver-transport-wagon-1.9.22.jar
2025-12-13 13:40:29,891 [Worker-59: Launching SampleAPI] INFO  o.eclipse.m2e.core.internal.Bundles - 	Entry: C:\Users\flame\.p2\pool\plugins\org.eclipse.m2e.maven.runtime_3.9.900.20240824-1409\jars\maven-resolver-util-1.9.22.jar
2025-12-13 13:40:29,892 [Worker-59: Launching SampleAPI] INFO  o.eclipse.m2e.core.internal.Bundles - 	Entry: C:\Users\flame\.p2\pool\plugins\org.eclipse.m2e.maven.runtime_3.9.900.20240824-1409\jars\maven-settings-3.9.9.jar
2025-12-13 13:40:29,892 [Worker-59: Launching SampleAPI] INFO  o.eclipse.m2e.core.internal.Bundles - 	Entry: C:\Users\flame\.p2\pool\plugins\org.eclipse.m2e.maven.runtime_3.9.900.20240824-1409\jars\maven-settings-builder-3.9.9.jar
2025-12-13 13:40:29,892 [Worker-59: Launching SampleAPI] INFO  o.eclipse.m2e.core.internal.Bundles - 	Entry: C:\Users\flame\.p2\pool\plugins\org.eclipse.m2e.maven.runtime_3.9.900.20240824-1409\jars\maven-shared-utils-3.4.2.jar
2025-12-13 13:40:29,892 [Worker-59: Launching SampleAPI] INFO  o.eclipse.m2e.core.internal.Bundles - 	Entry: C:\Users\flame\.p2\pool\plugins\org.eclipse.m2e.maven.runtime_3.9.900.20240824-1409\jars\org.eclipse.sisu.inject-0.9.0.M3.jar
2025-12-13 13:40:29,892 [Worker-59: Launching SampleAPI] INFO  o.eclipse.m2e.core.internal.Bundles - 	Entry: C:\Users\flame\.p2\pool\plugins\org.eclipse.m2e.maven.runtime_3.9.900.20240824-1409\jars\org.eclipse.sisu.plexus-0.9.0.M3.jar
2025-12-13 13:40:29,892 [Worker-59: Launching SampleAPI] INFO  o.eclipse.m2e.core.internal.Bundles - 	Entry: C:\Users\flame\.p2\pool\plugins\org.eclipse.m2e.maven.runtime_3.9.900.20240824-1409\jars\plexus-build-api-0.0.7.jar
2025-12-13 13:40:29,892 [Worker-59: Launching SampleAPI] INFO  o.eclipse.m2e.core.internal.Bundles - 	Entry: C:\Users\flame\.p2\pool\plugins\org.eclipse.m2e.maven.runtime_3.9.900.20240824-1409\jars\plexus-build-api-1.2.0.jar
2025-12-13 13:40:29,892 [Worker-59: Launching SampleAPI] INFO  o.eclipse.m2e.core.internal.Bundles - 	Entry: C:\Users\flame\.p2\pool\plugins\org.eclipse.m2e.maven.runtime_3.9.900.20240824-1409\jars\plexus-cipher-2.0.jar
2025-12-13 13:40:29,893 [Worker-59: Launching SampleAPI] INFO  o.eclipse.m2e.core.internal.Bundles - 	Entry: C:\Users\flame\.p2\pool\plugins\org.eclipse.m2e.maven.runtime_3.9.900.20240824-1409\jars\plexus-classworlds-2.8.0.jar
2025-12-13 13:40:29,893 [Worker-59: Launching SampleAPI] INFO  o.eclipse.m2e.core.internal.Bundles - 	Entry: C:\Users\flame\.p2\pool\plugins\org.eclipse.m2e.maven.runtime_3.9.900.20240824-1409\jars\plexus-component-annotations-2.1.0.jar
2025-12-13 13:40:29,893 [Worker-59: Launching SampleAPI] INFO  o.eclipse.m2e.core.internal.Bundles - 	Entry: C:\Users\flame\.p2\pool\plugins\org.eclipse.m2e.maven.runtime_3.9.900.20240824-1409\jars\plexus-interpolation-1.27.jar
2025-12-13 13:40:29,893 [Worker-59: Launching SampleAPI] INFO  o.eclipse.m2e.core.internal.Bundles - 	Entry: C:\Users\flame\.p2\pool\plugins\org.eclipse.m2e.maven.runtime_3.9.900.20240824-1409\jars\plexus-sec-dispatcher-2.0.jar
2025-12-13 13:40:29,893 [Worker-59: Launching SampleAPI] INFO  o.eclipse.m2e.core.internal.Bundles - 	Entry: C:\Users\flame\.p2\pool\plugins\org.eclipse.m2e.maven.runtime_3.9.900.20240824-1409\jars\plexus-utils-3.5.1.jar
2025-12-13 13:40:29,893 [Worker-59: Launching SampleAPI] INFO  o.eclipse.m2e.core.internal.Bundles - 	Entry: C:\Users\flame\.p2\pool\plugins\org.eclipse.m2e.maven.runtime_3.9.900.20240824-1409\jars\plexus-xml-3.0.1.jar
2025-12-13 13:40:29,893 [Worker-59: Launching SampleAPI] INFO  o.eclipse.m2e.core.internal.Bundles - 	Entry: C:\Users\flame\.p2\pool\plugins\org.eclipse.m2e.maven.runtime_3.9.900.20240824-1409\jars\wagon-file-3.5.3.jar
2025-12-13 13:40:29,894 [Worker-59: Launching SampleAPI] INFO  o.eclipse.m2e.core.internal.Bundles - 	Entry: C:\Users\flame\.p2\pool\plugins\org.eclipse.m2e.maven.runtime_3.9.900.20240824-1409\jars\wagon-http-3.5.3.jar
2025-12-13 13:40:29,894 [Worker-59: Launching SampleAPI] INFO  o.eclipse.m2e.core.internal.Bundles - 	Entry: C:\Users\flame\.p2\pool\plugins\org.eclipse.m2e.maven.runtime_3.9.900.20240824-1409\jars\wagon-http-shared-3.5.3.jar
2025-12-13 13:40:29,894 [Worker-59: Launching SampleAPI] INFO  o.eclipse.m2e.core.internal.Bundles - 	Entry: C:\Users\flame\.p2\pool\plugins\org.eclipse.m2e.maven.runtime_3.9.900.20240824-1409\jars\wagon-provider-api-3.5.3.jar
2025-12-13 13:40:29,895 [Worker-59: Launching SampleAPI] INFO  o.eclipse.m2e.core.internal.Bundles - getClasspathEntries(Bundle=com.google.guava_33.3.1.jre [1028])
2025-12-13 13:40:29,896 [Worker-59: Launching SampleAPI] INFO  o.eclipse.m2e.core.internal.Bundles - 	Entry: C:\Users\flame\.p2\pool\plugins\com.google.guava_33.3.1.jre.jar
2025-12-13 13:40:29,896 [Worker-59: Launching SampleAPI] INFO  o.eclipse.m2e.core.internal.Bundles - getClasspathEntries(Bundle=slf4j.api_2.0.17 [1152])
2025-12-13 13:40:29,897 [Worker-59: Launching SampleAPI] INFO  o.eclipse.m2e.core.internal.Bundles - 	Entry: C:\Users\flame\.p2\pool\plugins\slf4j.api_2.0.17.jar
2025-12-13 13:40:29,897 [Worker-59: Launching SampleAPI] INFO  o.eclipse.m2e.core.internal.Bundles - getClasspathEntries(Bundle=jakarta.inject.jakarta.inject-api_1.0.5 [34])
2025-12-13 13:40:29,897 [Worker-59: Launching SampleAPI] INFO  o.eclipse.m2e.core.internal.Bundles - 	Entry: C:\Users\flame\.p2\pool\plugins\jakarta.inject.jakarta.inject-api_1.0.5.jar
2025-12-13 13:40:29,897 [Worker-59: Launching SampleAPI] INFO  o.eclipse.m2e.core.internal.Bundles - getClasspathEntries(Bundle=jakarta.annotation-api_1.3.5 [29])
2025-12-13 13:40:29,898 [Worker-59: Launching SampleAPI] INFO  o.eclipse.m2e.core.internal.Bundles - 	Entry: C:\Users\flame\.p2\pool\plugins\jakarta.annotation-api_1.3.5.jar
2025-12-13 13:40:29,898 [Worker-59: Launching SampleAPI] INFO  o.eclipse.m2e.core.internal.Bundles - getClasspathEntries(Bundle=org.apache.commons.cli_1.9.0 [78])
2025-12-13 13:40:29,898 [Worker-59: Launching SampleAPI] INFO  o.eclipse.m2e.core.internal.Bundles - 	Entry: C:\Users\flame\.p2\pool\plugins\org.apache.commons.cli_1.9.0.jar
2025-12-13 13:40:29,898 [Worker-59: Launching SampleAPI] INFO  o.eclipse.m2e.core.internal.Bundles - getClasspathEntries(Bundle=org.apache.commons.commons-codec_1.16.0 [81])
2025-12-13 13:40:29,899 [Worker-59: Launching SampleAPI] INFO  o.eclipse.m2e.core.internal.Bundles - 	Entry: C:\Users\flame\.p2\pool\plugins\org.apache.commons.commons-codec_1.16.0.jar
2025-12-13 13:40:29,899 [Worker-59: Launching SampleAPI] INFO  o.eclipse.m2e.core.internal.Bundles - getClasspathEntries(Bundle=com.google.guava.failureaccess_1.0.2 [17])
2025-12-13 13:40:29,899 [Worker-59: Launching SampleAPI] INFO  o.eclipse.m2e.core.internal.Bundles - 	Entry: C:\Users\flame\.p2\pool\plugins\com.google.guava.failureaccess_1.0.2.jar
2025-12-13 13:40:29,900 [Worker-59: Launching SampleAPI] INFO  o.eclipse.m2e.core.internal.Bundles - getClasspathEntries(Bundle=org.eclipse.m2e.workspace.cli_0.3.1 [654])
2025-12-13 13:40:29,901 [Worker-59: Launching SampleAPI] INFO  o.eclipse.m2e.core.internal.Bundles - 	Entry: C:\Users\flame\.p2\pool\plugins\org.eclipse.m2e.workspace.cli_0.3.1.jar
2025-12-13 13:40:29,905 [Worker-59: Launching SampleAPI] INFO  o.e.m.i.launch.MavenLaunchDelegate - Run build in "C:\Users\flame\Documents\eclipseProjects\mediaLogic\SampleAPI":
2025-12-13 13:40:29,906 [Worker-59: Launching SampleAPI] INFO  o.e.m.i.launch.MavenLaunchDelegate -  mvn  -Ppom.xml -B -X -e -U -Dmaven.test.skip=true -DskipTests -Dstyle.color=always clean install
2025-12-13 13:40:45,416 [Worker-50: Updating Maven Project] INFO  o.e.m.c.i.p.ProjectConfigurationManager - Update started
2025-12-13 13:40:45,782 [Worker-50: Updating Maven Project] INFO  o.e.m.c.i.l.LifecycleMappingFactory - Using org.eclipse.m2e.jdt.JarLifecycleMapping lifecycle mapping for MavenProject: com.example:SampleAPI:0.0.1-SNAPSHOT @ C:\Users\flame\Documents\eclipseProjects\mediaLogic\SampleAPI\pom.xml.
2025-12-13 13:40:46,419 [Worker-50: Updating Maven Project] INFO  o.e.m.j.i.AbstractJavaProjectConfigurator - Adding source folder /SampleAPI/src/main/java
2025-12-13 13:40:46,420 [Worker-50: Updating Maven Project] INFO  o.e.m.j.i.AbstractJavaProjectConfigurator - Adding resource folder /SampleAPI/src/main/resources
2025-12-13 13:40:46,421 [Worker-50: Updating Maven Project] INFO  o.e.m.j.i.AbstractJavaProjectConfigurator - Adding resource folder /SampleAPI/src/main/resources
2025-12-13 13:40:46,421 [Worker-50: Updating Maven Project] INFO  o.e.m.j.i.AbstractJavaProjectConfigurator - Adding source folder /SampleAPI/src/test/java
2025-12-13 13:40:46,422 [Worker-50: Updating Maven Project] INFO  o.e.m.j.i.AbstractJavaProjectConfigurator - Adding resource folder /SampleAPI/src/test/resources
2025-12-13 13:40:46,940 [Worker-50: Updating Maven Project] INFO  o.e.m.c.i.p.ProjectConfigurationManager - Update completed for 1 poms: local refresh takes 0,00 sec, refresh facades takes 0,00 sec, update config takes 0,00 sec 
2025-12-13 13:40:47,266 [Worker-62: Building] INFO  o.a.m.s.f.DefaultMavenResourcesFiltering - Copying 1 resource from src\main\resources to target\classes
2025-12-13 13:40:47,283 [Worker-62: Building] INFO  o.a.m.s.f.DefaultMavenResourcesFiltering - Copying 0 resource from src\main\resources to target\classes
2025-12-13 13:40:47,288 [Worker-62: Building] INFO  o.a.m.s.f.DefaultMavenResourcesFiltering - skip non existing resourceDirectory C:\Users\flame\Documents\eclipseProjects\mediaLogic\SampleAPI\src\test\resources
2025-12-13 13:40:47,539 [Worker-58: Download sources and javadoc] INFO  o.e.m.c.i.e.AbstractTransferListenerAdapter - Downloading https://repo.maven.apache.org/maven2/org/webjars/swagger-ui/5.10.3/swagger-ui-5.10.3-javadoc.jar
2025-12-13 13:40:47,704 [Worker-58: Download sources and javadoc] INFO  o.e.m.c.i.e.AbstractTransferListenerAdapter - Downloaded https://repo.maven.apache.org/maven2/org/webjars/swagger-ui/5.10.3/swagger-ui-5.10.3-javadoc.jar
2025-12-13 13:40:47,709 [Worker-58: Download sources and javadoc] INFO  o.e.m.j.internal.DownloadSourcesJob - Downloaded javadoc for org.webjars:swagger-ui:5.10.3
2025-12-13 13:42:42,044 [Worker-64: Building] INFO  o.a.m.s.f.DefaultMavenResourcesFiltering - Copying 1 resource from src\main\resources to target\classes
2025-12-13 13:42:42,053 [Worker-64: Building] INFO  o.a.m.s.f.DefaultMavenResourcesFiltering - Copying 0 resource from src\main\resources to target\classes
2025-12-13 13:42:42,056 [Worker-64: Building] INFO  o.a.m.s.f.DefaultMavenResourcesFiltering - skip non existing resourceDirectory C:\Users\flame\Documents\eclipseProjects\mediaLogic\SampleAPI\src\test\resources
2025-12-13 13:42:51,307 [Worker-61: Launching SampleAPI] INFO  o.eclipse.m2e.core.internal.Bundles - getClasspathEntries(Bundle=org.eclipse.m2e.maven.runtime_3.9.900.20240824-1409 [642])
2025-12-13 13:42:51,307 [Worker-61: Launching SampleAPI] INFO  o.eclipse.m2e.core.internal.Bundles - 	Entry: C:\Users\flame\.p2\pool\plugins\org.eclipse.m2e.maven.runtime_3.9.900.20240824-1409
2025-12-13 13:42:51,308 [Worker-61: Launching SampleAPI] INFO  o.eclipse.m2e.core.internal.Bundles - 	Entry: C:\Users\flame\.p2\pool\plugins\org.eclipse.m2e.maven.runtime_3.9.900.20240824-1409\jars\aopalliance-1.0.jar
2025-12-13 13:42:51,308 [Worker-61: Launching SampleAPI] INFO  o.eclipse.m2e.core.internal.Bundles - 	Entry: C:\Users\flame\.p2\pool\plugins\org.eclipse.m2e.maven.runtime_3.9.900.20240824-1409\jars\guice-5.1.0.jar
2025-12-13 13:42:51,308 [Worker-61: Launching SampleAPI] INFO  o.eclipse.m2e.core.internal.Bundles - 	Entry: C:\Users\flame\.p2\pool\plugins\org.eclipse.m2e.maven.runtime_3.9.900.20240824-1409\jars\httpclient-4.5.14.jar
2025-12-13 13:42:51,308 [Worker-61: Launching SampleAPI] INFO  o.eclipse.m2e.core.internal.Bundles - 	Entry: C:\Users\flame\.p2\pool\plugins\org.eclipse.m2e.maven.runtime_3.9.900.20240824-1409\jars\httpcore-4.4.16.jar
2025-12-13 13:42:51,308 [Worker-61: Launching SampleAPI] INFO  o.eclipse.m2e.core.internal.Bundles - 	Entry: C:\Users\flame\.p2\pool\plugins\org.eclipse.m2e.maven.runtime_3.9.900.20240824-1409\jars\jansi-2.4.1.jar
2025-12-13 13:42:51,308 [Worker-61: Launching SampleAPI] INFO  o.eclipse.m2e.core.internal.Bundles - 	Entry: C:\Users\flame\.p2\pool\plugins\org.eclipse.m2e.maven.runtime_3.9.900.20240824-1409\jars\jcl-over-slf4j-1.7.36.jar
2025-12-13 13:42:51,308 [Worker-61: Launching SampleAPI] INFO  o.eclipse.m2e.core.internal.Bundles - 	Entry: C:\Users\flame\.p2\pool\plugins\org.eclipse.m2e.maven.runtime_3.9.900.20240824-1409\jars\maven-artifact-3.9.9.jar
2025-12-13 13:42:51,308 [Worker-61: Launching SampleAPI] INFO  o.eclipse.m2e.core.internal.Bundles - 	Entry: C:\Users\flame\.p2\pool\plugins\org.eclipse.m2e.maven.runtime_3.9.900.20240824-1409\jars\maven-builder-support-3.9.9.jar
2025-12-13 13:42:51,308 [Worker-61: Launching SampleAPI] INFO  o.eclipse.m2e.core.internal.Bundles - 	Entry: C:\Users\flame\.p2\pool\plugins\org.eclipse.m2e.maven.runtime_3.9.900.20240824-1409\jars\maven-compat-3.9.9.jar
2025-12-13 13:42:51,308 [Worker-61: Launching SampleAPI] INFO  o.eclipse.m2e.core.internal.Bundles - 	Entry: C:\Users\flame\.p2\pool\plugins\org.eclipse.m2e.maven.runtime_3.9.900.20240824-1409\jars\maven-core-3.9.9.jar
2025-12-13 13:42:51,308 [Worker-61: Launching SampleAPI] INFO  o.eclipse.m2e.core.internal.Bundles - 	Entry: C:\Users\flame\.p2\pool\plugins\org.eclipse.m2e.maven.runtime_3.9.900.20240824-1409\jars\maven-embedder-3.9.9.jar
2025-12-13 13:42:51,310 [Worker-61: Launching SampleAPI] INFO  o.eclipse.m2e.core.internal.Bundles - 	Entry: C:\Users\flame\.p2\pool\plugins\org.eclipse.m2e.maven.runtime_3.9.900.20240824-1409\jars\maven-model-3.9.9.jar
2025-12-13 13:42:51,310 [Worker-61: Launching SampleAPI] INFO  o.eclipse.m2e.core.internal.Bundles - 	Entry: C:\Users\flame\.p2\pool\plugins\org.eclipse.m2e.maven.runtime_3.9.900.20240824-1409\jars\maven-model-builder-3.9.9.jar
2025-12-13 13:42:51,310 [Worker-61: Launching SampleAPI] INFO  o.eclipse.m2e.core.internal.Bundles - 	Entry: C:\Users\flame\.p2\pool\plugins\org.eclipse.m2e.maven.runtime_3.9.900.20240824-1409\jars\maven-plugin-api-3.9.9.jar
2025-12-13 13:42:51,310 [Worker-61: Launching SampleAPI] INFO  o.eclipse.m2e.core.internal.Bundles - 	Entry: C:\Users\flame\.p2\pool\plugins\org.eclipse.m2e.maven.runtime_3.9.900.20240824-1409\jars\maven-repository-metadata-3.9.9.jar
2025-12-13 13:42:51,310 [Worker-61: Launching SampleAPI] INFO  o.eclipse.m2e.core.internal.Bundles - 	Entry: C:\Users\flame\.p2\pool\plugins\org.eclipse.m2e.maven.runtime_3.9.900.20240824-1409\jars\maven-resolver-api-1.9.22.jar
2025-12-13 13:42:51,310 [Worker-61: Launching SampleAPI] INFO  o.eclipse.m2e.core.internal.Bundles - 	Entry: C:\Users\flame\.p2\pool\plugins\org.eclipse.m2e.maven.runtime_3.9.900.20240824-1409\jars\maven-resolver-connector-basic-1.9.22.jar
2025-12-13 13:42:51,310 [Worker-61: Launching SampleAPI] INFO  o.eclipse.m2e.core.internal.Bundles - 	Entry: C:\Users\flame\.p2\pool\plugins\org.eclipse.m2e.maven.runtime_3.9.900.20240824-1409\jars\maven-resolver-impl-1.9.22.jar
2025-12-13 13:42:51,310 [Worker-61: Launching SampleAPI] INFO  o.eclipse.m2e.core.internal.Bundles - 	Entry: C:\Users\flame\.p2\pool\plugins\org.eclipse.m2e.maven.runtime_3.9.900.20240824-1409\jars\maven-resolver-named-locks-1.9.22.jar
2025-12-13 13:42:51,310 [Worker-61: Launching SampleAPI] INFO  o.eclipse.m2e.core.internal.Bundles - 	Entry: C:\Users\flame\.p2\pool\plugins\org.eclipse.m2e.maven.runtime_3.9.900.20240824-1409\jars\maven-resolver-provider-3.9.9.jar
2025-12-13 13:42:51,310 [Worker-61: Launching SampleAPI] INFO  o.eclipse.m2e.core.internal.Bundles - 	Entry: C:\Users\flame\.p2\pool\plugins\org.eclipse.m2e.maven.runtime_3.9.900.20240824-1409\jars\maven-resolver-spi-1.9.22.jar
2025-12-13 13:42:51,311 [Worker-61: Launching SampleAPI] INFO  o.eclipse.m2e.core.internal.Bundles - 	Entry: C:\Users\flame\.p2\pool\plugins\org.eclipse.m2e.maven.runtime_3.9.900.20240824-1409\jars\maven-resolver-transport-file-1.9.22.jar
2025-12-13 13:42:51,311 [Worker-61: Launching SampleAPI] INFO  o.eclipse.m2e.core.internal.Bundles - 	Entry: C:\Users\flame\.p2\pool\plugins\org.eclipse.m2e.maven.runtime_3.9.900.20240824-1409\jars\maven-resolver-transport-http-1.9.22.jar
2025-12-13 13:42:51,311 [Worker-61: Launching SampleAPI] INFO  o.eclipse.m2e.core.internal.Bundles - 	Entry: C:\Users\flame\.p2\pool\plugins\org.eclipse.m2e.maven.runtime_3.9.900.20240824-1409\jars\maven-resolver-transport-wagon-1.9.22.jar
2025-12-13 13:42:51,311 [Worker-61: Launching SampleAPI] INFO  o.eclipse.m2e.core.internal.Bundles - 	Entry: C:\Users\flame\.p2\pool\plugins\org.eclipse.m2e.maven.runtime_3.9.900.20240824-1409\jars\maven-resolver-util-1.9.22.jar
2025-12-13 13:42:51,311 [Worker-61: Launching SampleAPI] INFO  o.eclipse.m2e.core.internal.Bundles - 	Entry: C:\Users\flame\.p2\pool\plugins\org.eclipse.m2e.maven.runtime_3.9.900.20240824-1409\jars\maven-settings-3.9.9.jar
2025-12-13 13:42:51,311 [Worker-61: Launching SampleAPI] INFO  o.eclipse.m2e.core.internal.Bundles - 	Entry: C:\Users\flame\.p2\pool\plugins\org.eclipse.m2e.maven.runtime_3.9.900.20240824-1409\jars\maven-settings-builder-3.9.9.jar
2025-12-13 13:42:51,311 [Worker-61: Launching SampleAPI] INFO  o.eclipse.m2e.core.internal.Bundles - 	Entry: C:\Users\flame\.p2\pool\plugins\org.eclipse.m2e.maven.runtime_3.9.900.20240824-1409\jars\maven-shared-utils-3.4.2.jar
2025-12-13 13:42:51,311 [Worker-61: Launching SampleAPI] INFO  o.eclipse.m2e.core.internal.Bundles - 	Entry: C:\Users\flame\.p2\pool\plugins\org.eclipse.m2e.maven.runtime_3.9.900.20240824-1409\jars\org.eclipse.sisu.inject-0.9.0.M3.jar
2025-12-13 13:42:51,312 [Worker-61: Launching SampleAPI] INFO  o.eclipse.m2e.core.internal.Bundles - 	Entry: C:\Users\flame\.p2\pool\plugins\org.eclipse.m2e.maven.runtime_3.9.900.20240824-1409\jars\org.eclipse.sisu.plexus-0.9.0.M3.jar
2025-12-13 13:42:51,312 [Worker-61: Launching SampleAPI] INFO  o.eclipse.m2e.core.internal.Bundles - 	Entry: C:\Users\flame\.p2\pool\plugins\org.eclipse.m2e.maven.runtime_3.9.900.20240824-1409\jars\plexus-build-api-0.0.7.jar
2025-12-13 13:42:51,312 [Worker-61: Launching SampleAPI] INFO  o.eclipse.m2e.core.internal.Bundles - 	Entry: C:\Users\flame\.p2\pool\plugins\org.eclipse.m2e.maven.runtime_3.9.900.20240824-1409\jars\plexus-build-api-1.2.0.jar
2025-12-13 13:42:51,312 [Worker-61: Launching SampleAPI] INFO  o.eclipse.m2e.core.internal.Bundles - 	Entry: C:\Users\flame\.p2\pool\plugins\org.eclipse.m2e.maven.runtime_3.9.900.20240824-1409\jars\plexus-cipher-2.0.jar
2025-12-13 13:42:51,312 [Worker-61: Launching SampleAPI] INFO  o.eclipse.m2e.core.internal.Bundles - 	Entry: C:\Users\flame\.p2\pool\plugins\org.eclipse.m2e.maven.runtime_3.9.900.20240824-1409\jars\plexus-classworlds-2.8.0.jar
2025-12-13 13:42:51,312 [Worker-61: Launching SampleAPI] INFO  o.eclipse.m2e.core.internal.Bundles - 	Entry: C:\Users\flame\.p2\pool\plugins\org.eclipse.m2e.maven.runtime_3.9.900.20240824-1409\jars\plexus-component-annotations-2.1.0.jar
2025-12-13 13:42:51,312 [Worker-61: Launching SampleAPI] INFO  o.eclipse.m2e.core.internal.Bundles - 	Entry: C:\Users\flame\.p2\pool\plugins\org.eclipse.m2e.maven.runtime_3.9.900.20240824-1409\jars\plexus-interpolation-1.27.jar
2025-12-13 13:42:51,312 [Worker-61: Launching SampleAPI] INFO  o.eclipse.m2e.core.internal.Bundles - 	Entry: C:\Users\flame\.p2\pool\plugins\org.eclipse.m2e.maven.runtime_3.9.900.20240824-1409\jars\plexus-sec-dispatcher-2.0.jar
2025-12-13 13:42:51,312 [Worker-61: Launching SampleAPI] INFO  o.eclipse.m2e.core.internal.Bundles - 	Entry: C:\Users\flame\.p2\pool\plugins\org.eclipse.m2e.maven.runtime_3.9.900.20240824-1409\jars\plexus-utils-3.5.1.jar
2025-12-13 13:42:51,312 [Worker-61: Launching SampleAPI] INFO  o.eclipse.m2e.core.internal.Bundles - 	Entry: C:\Users\flame\.p2\pool\plugins\org.eclipse.m2e.maven.runtime_3.9.900.20240824-1409\jars\plexus-xml-3.0.1.jar
2025-12-13 13:42:51,312 [Worker-61: Launching SampleAPI] INFO  o.eclipse.m2e.core.internal.Bundles - 	Entry: C:\Users\flame\.p2\pool\plugins\org.eclipse.m2e.maven.runtime_3.9.900.20240824-1409\jars\wagon-file-3.5.3.jar
2025-12-13 13:42:51,312 [Worker-61: Launching SampleAPI] INFO  o.eclipse.m2e.core.internal.Bundles - 	Entry: C:\Users\flame\.p2\pool\plugins\org.eclipse.m2e.maven.runtime_3.9.900.20240824-1409\jars\wagon-http-3.5.3.jar
2025-12-13 13:42:51,314 [Worker-61: Launching SampleAPI] INFO  o.eclipse.m2e.core.internal.Bundles - 	Entry: C:\Users\flame\.p2\pool\plugins\org.eclipse.m2e.maven.runtime_3.9.900.20240824-1409\jars\wagon-http-shared-3.5.3.jar
2025-12-13 13:42:51,314 [Worker-61: Launching SampleAPI] INFO  o.eclipse.m2e.core.internal.Bundles - 	Entry: C:\Users\flame\.p2\pool\plugins\org.eclipse.m2e.maven.runtime_3.9.900.20240824-1409\jars\wagon-provider-api-3.5.3.jar
2025-12-13 13:42:51,314 [Worker-61: Launching SampleAPI] INFO  o.eclipse.m2e.core.internal.Bundles - getClasspathEntries(Bundle=com.google.guava_33.3.1.jre [1028])
2025-12-13 13:42:51,314 [Worker-61: Launching SampleAPI] INFO  o.eclipse.m2e.core.internal.Bundles - 	Entry: C:\Users\flame\.p2\pool\plugins\com.google.guava_33.3.1.jre.jar
2025-12-13 13:42:51,314 [Worker-61: Launching SampleAPI] INFO  o.eclipse.m2e.core.internal.Bundles - getClasspathEntries(Bundle=slf4j.api_2.0.17 [1152])
2025-12-13 13:42:51,315 [Worker-61: Launching SampleAPI] INFO  o.eclipse.m2e.core.internal.Bundles - 	Entry: C:\Users\flame\.p2\pool\plugins\slf4j.api_2.0.17.jar
2025-12-13 13:42:51,315 [Worker-61: Launching SampleAPI] INFO  o.eclipse.m2e.core.internal.Bundles - getClasspathEntries(Bundle=jakarta.inject.jakarta.inject-api_1.0.5 [34])
2025-12-13 13:42:51,315 [Worker-61: Launching SampleAPI] INFO  o.eclipse.m2e.core.internal.Bundles - 	Entry: C:\Users\flame\.p2\pool\plugins\jakarta.inject.jakarta.inject-api_1.0.5.jar
2025-12-13 13:42:51,315 [Worker-61: Launching SampleAPI] INFO  o.eclipse.m2e.core.internal.Bundles - getClasspathEntries(Bundle=jakarta.annotation-api_1.3.5 [29])
2025-12-13 13:42:51,315 [Worker-61: Launching SampleAPI] INFO  o.eclipse.m2e.core.internal.Bundles - 	Entry: C:\Users\flame\.p2\pool\plugins\jakarta.annotation-api_1.3.5.jar
2025-12-13 13:42:51,315 [Worker-61: Launching SampleAPI] INFO  o.eclipse.m2e.core.internal.Bundles - getClasspathEntries(Bundle=org.apache.commons.cli_1.9.0 [78])
2025-12-13 13:42:51,316 [Worker-61: Launching SampleAPI] INFO  o.eclipse.m2e.core.internal.Bundles - 	Entry: C:\Users\flame\.p2\pool\plugins\org.apache.commons.cli_1.9.0.jar
2025-12-13 13:42:51,316 [Worker-61: Launching SampleAPI] INFO  o.eclipse.m2e.core.internal.Bundles - getClasspathEntries(Bundle=org.apache.commons.commons-codec_1.16.0 [81])
2025-12-13 13:42:51,316 [Worker-61: Launching SampleAPI] INFO  o.eclipse.m2e.core.internal.Bundles - 	Entry: C:\Users\flame\.p2\pool\plugins\org.apache.commons.commons-codec_1.16.0.jar
2025-12-13 13:42:51,316 [Worker-61: Launching SampleAPI] INFO  o.eclipse.m2e.core.internal.Bundles - getClasspathEntries(Bundle=com.google.guava.failureaccess_1.0.2 [17])
2025-12-13 13:42:51,317 [Worker-61: Launching SampleAPI] INFO  o.eclipse.m2e.core.internal.Bundles - 	Entry: C:\Users\flame\.p2\pool\plugins\com.google.guava.failureaccess_1.0.2.jar
2025-12-13 13:42:51,317 [Worker-61: Launching SampleAPI] INFO  o.eclipse.m2e.core.internal.Bundles - getClasspathEntries(Bundle=org.eclipse.m2e.workspace.cli_0.3.1 [654])
2025-12-13 13:42:51,318 [Worker-61: Launching SampleAPI] INFO  o.eclipse.m2e.core.internal.Bundles - 	Entry: C:\Users\flame\.p2\pool\plugins\org.eclipse.m2e.workspace.cli_0.3.1.jar
2025-12-13 13:42:51,320 [Worker-61: Launching SampleAPI] INFO  o.e.m.i.launch.MavenLaunchDelegate - Run build in "C:\Users\flame\Documents\eclipseProjects\mediaLogic\SampleAPI":
2025-12-13 13:42:51,320 [Worker-61: Launching SampleAPI] INFO  o.e.m.i.launch.MavenLaunchDelegate -  mvn  -Ppom.xml -B -X -e -U -Dmaven.test.skip=true -DskipTests -Dstyle.color=always clean install
2025-12-13 13:47:03,405 [Worker-70: Building] INFO  o.e.m.c.i.l.LifecycleMappingFactory - Using org.eclipse.m2e.jdt.JarLifecycleMapping lifecycle mapping for MavenProject: com.example:SampleAPI:0.0.1-SNAPSHOT @ C:\Users\flame\Documents\eclipseProjects\mediaLogic\SampleAPI\pom.xml.
2025-12-13 13:47:04,049 [Worker-70: Building] INFO  o.a.m.s.f.DefaultMavenResourcesFiltering - Copying 0 resource from src\main\resources to target\classes
2025-12-13 13:47:04,050 [Worker-70: Building] INFO  o.a.m.s.f.DefaultMavenResourcesFiltering - Copying 0 resource from src\main\resources to target\classes
2025-12-13 13:47:04,056 [Worker-70: Building] INFO  o.a.m.s.f.DefaultMavenResourcesFiltering - skip non existing resourceDirectory C:\Users\flame\Documents\eclipseProjects\mediaLogic\SampleAPI\src\test\resources
2025-12-13 13:47:05,668 [Worker-61: Building] INFO  o.a.m.s.f.DefaultMavenResourcesFiltering - Copying 1 resource from src\main\resources to target\classes
2025-12-13 13:47:05,689 [Worker-61: Building] INFO  o.a.m.s.f.DefaultMavenResourcesFiltering - Copying 0 resource from src\main\resources to target\classes
2025-12-13 13:47:05,694 [Worker-61: Building] INFO  o.a.m.s.f.DefaultMavenResourcesFiltering - skip non existing resourceDirectory C:\Users\flame\Documents\eclipseProjects\mediaLogic\SampleAPI\src\test\resources
2025-12-13 13:47:24,761 [Worker-61: Launching SampleAPI] INFO  o.eclipse.m2e.core.internal.Bundles - getClasspathEntries(Bundle=org.eclipse.m2e.maven.runtime_3.9.900.20240824-1409 [642])
2025-12-13 13:47:24,761 [Worker-61: Launching SampleAPI] INFO  o.eclipse.m2e.core.internal.Bundles - 	Entry: C:\Users\flame\.p2\pool\plugins\org.eclipse.m2e.maven.runtime_3.9.900.20240824-1409
2025-12-13 13:47:24,762 [Worker-61: Launching SampleAPI] INFO  o.eclipse.m2e.core.internal.Bundles - 	Entry: C:\Users\flame\.p2\pool\plugins\org.eclipse.m2e.maven.runtime_3.9.900.20240824-1409\jars\aopalliance-1.0.jar
2025-12-13 13:47:24,762 [Worker-61: Launching SampleAPI] INFO  o.eclipse.m2e.core.internal.Bundles - 	Entry: C:\Users\flame\.p2\pool\plugins\org.eclipse.m2e.maven.runtime_3.9.900.20240824-1409\jars\guice-5.1.0.jar
2025-12-13 13:47:24,762 [Worker-61: Launching SampleAPI] INFO  o.eclipse.m2e.core.internal.Bundles - 	Entry: C:\Users\flame\.p2\pool\plugins\org.eclipse.m2e.maven.runtime_3.9.900.20240824-1409\jars\httpclient-4.5.14.jar
2025-12-13 13:47:24,762 [Worker-61: Launching SampleAPI] INFO  o.eclipse.m2e.core.internal.Bundles - 	Entry: C:\Users\flame\.p2\pool\plugins\org.eclipse.m2e.maven.runtime_3.9.900.20240824-1409\jars\httpcore-4.4.16.jar
2025-12-13 13:47:24,762 [Worker-61: Launching SampleAPI] INFO  o.eclipse.m2e.core.internal.Bundles - 	Entry: C:\Users\flame\.p2\pool\plugins\org.eclipse.m2e.maven.runtime_3.9.900.20240824-1409\jars\jansi-2.4.1.jar
2025-12-13 13:47:24,762 [Worker-61: Launching SampleAPI] INFO  o.eclipse.m2e.core.internal.Bundles - 	Entry: C:\Users\flame\.p2\pool\plugins\org.eclipse.m2e.maven.runtime_3.9.900.20240824-1409\jars\jcl-over-slf4j-1.7.36.jar
2025-12-13 13:47:24,763 [Worker-61: Launching SampleAPI] INFO  o.eclipse.m2e.core.internal.Bundles - 	Entry: C:\Users\flame\.p2\pool\plugins\org.eclipse.m2e.maven.runtime_3.9.900.20240824-1409\jars\maven-artifact-3.9.9.jar
2025-12-13 13:47:24,763 [Worker-61: Launching SampleAPI] INFO  o.eclipse.m2e.core.internal.Bundles - 	Entry: C:\Users\flame\.p2\pool\plugins\org.eclipse.m2e.maven.runtime_3.9.900.20240824-1409\jars\maven-builder-support-3.9.9.jar
2025-12-13 13:47:24,763 [Worker-61: Launching SampleAPI] INFO  o.eclipse.m2e.core.internal.Bundles - 	Entry: C:\Users\flame\.p2\pool\plugins\org.eclipse.m2e.maven.runtime_3.9.900.20240824-1409\jars\maven-compat-3.9.9.jar
2025-12-13 13:47:24,763 [Worker-61: Launching SampleAPI] INFO  o.eclipse.m2e.core.internal.Bundles - 	Entry: C:\Users\flame\.p2\pool\plugins\org.eclipse.m2e.maven.runtime_3.9.900.20240824-1409\jars\maven-core-3.9.9.jar
2025-12-13 13:47:24,764 [Worker-61: Launching SampleAPI] INFO  o.eclipse.m2e.core.internal.Bundles - 	Entry: C:\Users\flame\.p2\pool\plugins\org.eclipse.m2e.maven.runtime_3.9.900.20240824-1409\jars\maven-embedder-3.9.9.jar
2025-12-13 13:47:24,764 [Worker-61: Launching SampleAPI] INFO  o.eclipse.m2e.core.internal.Bundles - 	Entry: C:\Users\flame\.p2\pool\plugins\org.eclipse.m2e.maven.runtime_3.9.900.20240824-1409\jars\maven-model-3.9.9.jar
2025-12-13 13:47:24,764 [Worker-61: Launching SampleAPI] INFO  o.eclipse.m2e.core.internal.Bundles - 	Entry: C:\Users\flame\.p2\pool\plugins\org.eclipse.m2e.maven.runtime_3.9.900.20240824-1409\jars\maven-model-builder-3.9.9.jar
2025-12-13 13:47:24,764 [Worker-61: Launching SampleAPI] INFO  o.eclipse.m2e.core.internal.Bundles - 	Entry: C:\Users\flame\.p2\pool\plugins\org.eclipse.m2e.maven.runtime_3.9.900.20240824-1409\jars\maven-plugin-api-3.9.9.jar
2025-12-13 13:47:24,764 [Worker-61: Launching SampleAPI] INFO  o.eclipse.m2e.core.internal.Bundles - 	Entry: C:\Users\flame\.p2\pool\plugins\org.eclipse.m2e.maven.runtime_3.9.900.20240824-1409\jars\maven-repository-metadata-3.9.9.jar
2025-12-13 13:47:24,765 [Worker-61: Launching SampleAPI] INFO  o.eclipse.m2e.core.internal.Bundles - 	Entry: C:\Users\flame\.p2\pool\plugins\org.eclipse.m2e.maven.runtime_3.9.900.20240824-1409\jars\maven-resolver-api-1.9.22.jar
2025-12-13 13:47:24,765 [Worker-61: Launching SampleAPI] INFO  o.eclipse.m2e.core.internal.Bundles - 	Entry: C:\Users\flame\.p2\pool\plugins\org.eclipse.m2e.maven.runtime_3.9.900.20240824-1409\jars\maven-resolver-connector-basic-1.9.22.jar
2025-12-13 13:47:24,765 [Worker-61: Launching SampleAPI] INFO  o.eclipse.m2e.core.internal.Bundles - 	Entry: C:\Users\flame\.p2\pool\plugins\org.eclipse.m2e.maven.runtime_3.9.900.20240824-1409\jars\maven-resolver-impl-1.9.22.jar
2025-12-13 13:47:24,765 [Worker-61: Launching SampleAPI] INFO  o.eclipse.m2e.core.internal.Bundles - 	Entry: C:\Users\flame\.p2\pool\plugins\org.eclipse.m2e.maven.runtime_3.9.900.20240824-1409\jars\maven-resolver-named-locks-1.9.22.jar
2025-12-13 13:47:24,765 [Worker-61: Launching SampleAPI] INFO  o.eclipse.m2e.core.internal.Bundles - 	Entry: C:\Users\flame\.p2\pool\plugins\org.eclipse.m2e.maven.runtime_3.9.900.20240824-1409\jars\maven-resolver-provider-3.9.9.jar
2025-12-13 13:47:24,766 [Worker-61: Launching SampleAPI] INFO  o.eclipse.m2e.core.internal.Bundles - 	Entry: C:\Users\flame\.p2\pool\plugins\org.eclipse.m2e.maven.runtime_3.9.900.20240824-1409\jars\maven-resolver-spi-1.9.22.jar
2025-12-13 13:47:24,766 [Worker-61: Launching SampleAPI] INFO  o.eclipse.m2e.core.internal.Bundles - 	Entry: C:\Users\flame\.p2\pool\plugins\org.eclipse.m2e.maven.runtime_3.9.900.20240824-1409\jars\maven-resolver-transport-file-1.9.22.jar
2025-12-13 13:47:24,766 [Worker-61: Launching SampleAPI] INFO  o.eclipse.m2e.core.internal.Bundles - 	Entry: C:\Users\flame\.p2\pool\plugins\org.eclipse.m2e.maven.runtime_3.9.900.20240824-1409\jars\maven-resolver-transport-http-1.9.22.jar
2025-12-13 13:47:24,766 [Worker-61: Launching SampleAPI] INFO  o.eclipse.m2e.core.internal.Bundles - 	Entry: C:\Users\flame\.p2\pool\plugins\org.eclipse.m2e.maven.runtime_3.9.900.20240824-1409\jars\maven-resolver-transport-wagon-1.9.22.jar
2025-12-13 13:47:24,766 [Worker-61: Launching SampleAPI] INFO  o.eclipse.m2e.core.internal.Bundles - 	Entry: C:\Users\flame\.p2\pool\plugins\org.eclipse.m2e.maven.runtime_3.9.900.20240824-1409\jars\maven-resolver-util-1.9.22.jar
2025-12-13 13:47:24,766 [Worker-61: Launching SampleAPI] INFO  o.eclipse.m2e.core.internal.Bundles - 	Entry: C:\Users\flame\.p2\pool\plugins\org.eclipse.m2e.maven.runtime_3.9.900.20240824-1409\jars\maven-settings-3.9.9.jar
2025-12-13 13:47:24,766 [Worker-61: Launching SampleAPI] INFO  o.eclipse.m2e.core.internal.Bundles - 	Entry: C:\Users\flame\.p2\pool\plugins\org.eclipse.m2e.maven.runtime_3.9.900.20240824-1409\jars\maven-settings-builder-3.9.9.jar
2025-12-13 13:47:24,766 [Worker-61: Launching SampleAPI] INFO  o.eclipse.m2e.core.internal.Bundles - 	Entry: C:\Users\flame\.p2\pool\plugins\org.eclipse.m2e.maven.runtime_3.9.900.20240824-1409\jars\maven-shared-utils-3.4.2.jar
2025-12-13 13:47:24,766 [Worker-61: Launching SampleAPI] INFO  o.eclipse.m2e.core.internal.Bundles - 	Entry: C:\Users\flame\.p2\pool\plugins\org.eclipse.m2e.maven.runtime_3.9.900.20240824-1409\jars\org.eclipse.sisu.inject-0.9.0.M3.jar
2025-12-13 13:47:24,767 [Worker-61: Launching SampleAPI] INFO  o.eclipse.m2e.core.internal.Bundles - 	Entry: C:\Users\flame\.p2\pool\plugins\org.eclipse.m2e.maven.runtime_3.9.900.20240824-1409\jars\org.eclipse.sisu.plexus-0.9.0.M3.jar
2025-12-13 13:47:24,767 [Worker-61: Launching SampleAPI] INFO  o.eclipse.m2e.core.internal.Bundles - 	Entry: C:\Users\flame\.p2\pool\plugins\org.eclipse.m2e.maven.runtime_3.9.900.20240824-1409\jars\plexus-build-api-0.0.7.jar
2025-12-13 13:47:24,767 [Worker-61: Launching SampleAPI] INFO  o.eclipse.m2e.core.internal.Bundles - 	Entry: C:\Users\flame\.p2\pool\plugins\org.eclipse.m2e.maven.runtime_3.9.900.20240824-1409\jars\plexus-build-api-1.2.0.jar
2025-12-13 13:47:24,767 [Worker-61: Launching SampleAPI] INFO  o.eclipse.m2e.core.internal.Bundles - 	Entry: C:\Users\flame\.p2\pool\plugins\org.eclipse.m2e.maven.runtime_3.9.900.20240824-1409\jars\plexus-cipher-2.0.jar
2025-12-13 13:47:24,767 [Worker-61: Launching SampleAPI] INFO  o.eclipse.m2e.core.internal.Bundles - 	Entry: C:\Users\flame\.p2\pool\plugins\org.eclipse.m2e.maven.runtime_3.9.900.20240824-1409\jars\plexus-classworlds-2.8.0.jar
2025-12-13 13:47:24,767 [Worker-61: Launching SampleAPI] INFO  o.eclipse.m2e.core.internal.Bundles - 	Entry: C:\Users\flame\.p2\pool\plugins\org.eclipse.m2e.maven.runtime_3.9.900.20240824-1409\jars\plexus-component-annotations-2.1.0.jar
2025-12-13 13:47:24,767 [Worker-61: Launching SampleAPI] INFO  o.eclipse.m2e.core.internal.Bundles - 	Entry: C:\Users\flame\.p2\pool\plugins\org.eclipse.m2e.maven.runtime_3.9.900.20240824-1409\jars\plexus-interpolation-1.27.jar
2025-12-13 13:47:24,767 [Worker-61: Launching SampleAPI] INFO  o.eclipse.m2e.core.internal.Bundles - 	Entry: C:\Users\flame\.p2\pool\plugins\org.eclipse.m2e.maven.runtime_3.9.900.20240824-1409\jars\plexus-sec-dispatcher-2.0.jar
2025-12-13 13:47:24,767 [Worker-61: Launching SampleAPI] INFO  o.eclipse.m2e.core.internal.Bundles - 	Entry: C:\Users\flame\.p2\pool\plugins\org.eclipse.m2e.maven.runtime_3.9.900.20240824-1409\jars\plexus-utils-3.5.1.jar
2025-12-13 13:47:24,767 [Worker-61: Launching SampleAPI] INFO  o.eclipse.m2e.core.internal.Bundles - 	Entry: C:\Users\flame\.p2\pool\plugins\org.eclipse.m2e.maven.runtime_3.9.900.20240824-1409\jars\plexus-xml-3.0.1.jar
2025-12-13 13:47:24,768 [Worker-61: Launching SampleAPI] INFO  o.eclipse.m2e.core.internal.Bundles - 	Entry: C:\Users\flame\.p2\pool\plugins\org.eclipse.m2e.maven.runtime_3.9.900.20240824-1409\jars\wagon-file-3.5.3.jar
2025-12-13 13:47:24,768 [Worker-61: Launching SampleAPI] INFO  o.eclipse.m2e.core.internal.Bundles - 	Entry: C:\Users\flame\.p2\pool\plugins\org.eclipse.m2e.maven.runtime_3.9.900.20240824-1409\jars\wagon-http-3.5.3.jar
2025-12-13 13:47:24,768 [Worker-61: Launching SampleAPI] INFO  o.eclipse.m2e.core.internal.Bundles - 	Entry: C:\Users\flame\.p2\pool\plugins\org.eclipse.m2e.maven.runtime_3.9.900.20240824-1409\jars\wagon-http-shared-3.5.3.jar
2025-12-13 13:47:24,768 [Worker-61: Launching SampleAPI] INFO  o.eclipse.m2e.core.internal.Bundles - 	Entry: C:\Users\flame\.p2\pool\plugins\org.eclipse.m2e.maven.runtime_3.9.900.20240824-1409\jars\wagon-provider-api-3.5.3.jar
2025-12-13 13:47:24,768 [Worker-61: Launching SampleAPI] INFO  o.eclipse.m2e.core.internal.Bundles - getClasspathEntries(Bundle=com.google.guava_33.3.1.jre [1028])
2025-12-13 13:47:24,768 [Worker-61: Launching SampleAPI] INFO  o.eclipse.m2e.core.internal.Bundles - 	Entry: C:\Users\flame\.p2\pool\plugins\com.google.guava_33.3.1.jre.jar
2025-12-13 13:47:24,769 [Worker-61: Launching SampleAPI] INFO  o.eclipse.m2e.core.internal.Bundles - getClasspathEntries(Bundle=slf4j.api_2.0.17 [1152])
2025-12-13 13:47:24,769 [Worker-61: Launching SampleAPI] INFO  o.eclipse.m2e.core.internal.Bundles - 	Entry: C:\Users\flame\.p2\pool\plugins\slf4j.api_2.0.17.jar
2025-12-13 13:47:24,769 [Worker-61: Launching SampleAPI] INFO  o.eclipse.m2e.core.internal.Bundles - getClasspathEntries(Bundle=jakarta.inject.jakarta.inject-api_1.0.5 [34])
2025-12-13 13:47:24,769 [Worker-61: Launching SampleAPI] INFO  o.eclipse.m2e.core.internal.Bundles - 	Entry: C:\Users\flame\.p2\pool\plugins\jakarta.inject.jakarta.inject-api_1.0.5.jar
2025-12-13 13:47:24,770 [Worker-61: Launching SampleAPI] INFO  o.eclipse.m2e.core.internal.Bundles - getClasspathEntries(Bundle=jakarta.annotation-api_1.3.5 [29])
2025-12-13 13:47:24,770 [Worker-61: Launching SampleAPI] INFO  o.eclipse.m2e.core.internal.Bundles - 	Entry: C:\Users\flame\.p2\pool\plugins\jakarta.annotation-api_1.3.5.jar
2025-12-13 13:47:24,770 [Worker-61: Launching SampleAPI] INFO  o.eclipse.m2e.core.internal.Bundles - getClasspathEntries(Bundle=org.apache.commons.cli_1.9.0 [78])
2025-12-13 13:47:24,770 [Worker-61: Launching SampleAPI] INFO  o.eclipse.m2e.core.internal.Bundles - 	Entry: C:\Users\flame\.p2\pool\plugins\org.apache.commons.cli_1.9.0.jar
2025-12-13 13:47:24,770 [Worker-61: Launching SampleAPI] INFO  o.eclipse.m2e.core.internal.Bundles - getClasspathEntries(Bundle=org.apache.commons.commons-codec_1.16.0 [81])
2025-12-13 13:47:24,772 [Worker-61: Launching SampleAPI] INFO  o.eclipse.m2e.core.internal.Bundles - 	Entry: C:\Users\flame\.p2\pool\plugins\org.apache.commons.commons-codec_1.16.0.jar
2025-12-13 13:47:24,772 [Worker-61: Launching SampleAPI] INFO  o.eclipse.m2e.core.internal.Bundles - getClasspathEntries(Bundle=com.google.guava.failureaccess_1.0.2 [17])
2025-12-13 13:47:24,772 [Worker-61: Launching SampleAPI] INFO  o.eclipse.m2e.core.internal.Bundles - 	Entry: C:\Users\flame\.p2\pool\plugins\com.google.guava.failureaccess_1.0.2.jar
2025-12-13 13:47:24,772 [Worker-61: Launching SampleAPI] INFO  o.eclipse.m2e.core.internal.Bundles - getClasspathEntries(Bundle=org.eclipse.m2e.workspace.cli_0.3.1 [654])
2025-12-13 13:47:24,773 [Worker-61: Launching SampleAPI] INFO  o.eclipse.m2e.core.internal.Bundles - 	Entry: C:\Users\flame\.p2\pool\plugins\org.eclipse.m2e.workspace.cli_0.3.1.jar
2025-12-13 13:47:24,775 [Worker-61: Launching SampleAPI] INFO  o.e.m.i.launch.MavenLaunchDelegate - Run build in "C:\Users\flame\Documents\eclipseProjects\mediaLogic\SampleAPI":
2025-12-13 13:47:24,775 [Worker-61: Launching SampleAPI] INFO  o.e.m.i.launch.MavenLaunchDelegate -  mvn  -Ppom.xml -B -X -e -U -Dmaven.test.skip=true -DskipTests -Dstyle.color=always clean install
2025-12-13 13:53:55,874 [Worker-80: Building] INFO  o.a.m.s.f.DefaultMavenResourcesFiltering - Copying 1 resource from src\main\resources to target\classes
2025-12-13 13:53:55,896 [Worker-80: Building] INFO  o.a.m.s.f.DefaultMavenResourcesFiltering - Copying 0 resource from src\main\resources to target\classes
2025-12-13 13:53:55,898 [Worker-80: Building] INFO  o.a.m.s.f.DefaultMavenResourcesFiltering - skip non existing resourceDirectory C:\Users\flame\Documents\eclipseProjects\mediaLogic\SampleAPI\src\test\resources
2025-12-13 13:54:01,009 [Worker-70: Launching SampleAPI] INFO  o.eclipse.m2e.core.internal.Bundles - getClasspathEntries(Bundle=org.eclipse.m2e.maven.runtime_3.9.900.20240824-1409 [642])
2025-12-13 13:54:01,010 [Worker-70: Launching SampleAPI] INFO  o.eclipse.m2e.core.internal.Bundles - 	Entry: C:\Users\flame\.p2\pool\plugins\org.eclipse.m2e.maven.runtime_3.9.900.20240824-1409
2025-12-13 13:54:01,010 [Worker-70: Launching SampleAPI] INFO  o.eclipse.m2e.core.internal.Bundles - 	Entry: C:\Users\flame\.p2\pool\plugins\org.eclipse.m2e.maven.runtime_3.9.900.20240824-1409\jars\aopalliance-1.0.jar
2025-12-13 13:54:01,010 [Worker-70: Launching SampleAPI] INFO  o.eclipse.m2e.core.internal.Bundles - 	Entry: C:\Users\flame\.p2\pool\plugins\org.eclipse.m2e.maven.runtime_3.9.900.20240824-1409\jars\guice-5.1.0.jar
2025-12-13 13:54:01,010 [Worker-70: Launching SampleAPI] INFO  o.eclipse.m2e.core.internal.Bundles - 	Entry: C:\Users\flame\.p2\pool\plugins\org.eclipse.m2e.maven.runtime_3.9.900.20240824-1409\jars\httpclient-4.5.14.jar
2025-12-13 13:54:01,010 [Worker-70: Launching SampleAPI] INFO  o.eclipse.m2e.core.internal.Bundles - 	Entry: C:\Users\flame\.p2\pool\plugins\org.eclipse.m2e.maven.runtime_3.9.900.20240824-1409\jars\httpcore-4.4.16.jar
2025-12-13 13:54:01,011 [Worker-70: Launching SampleAPI] INFO  o.eclipse.m2e.core.internal.Bundles - 	Entry: C:\Users\flame\.p2\pool\plugins\org.eclipse.m2e.maven.runtime_3.9.900.20240824-1409\jars\jansi-2.4.1.jar
2025-12-13 13:54:01,011 [Worker-70: Launching SampleAPI] INFO  o.eclipse.m2e.core.internal.Bundles - 	Entry: C:\Users\flame\.p2\pool\plugins\org.eclipse.m2e.maven.runtime_3.9.900.20240824-1409\jars\jcl-over-slf4j-1.7.36.jar
2025-12-13 13:54:01,011 [Worker-70: Launching SampleAPI] INFO  o.eclipse.m2e.core.internal.Bundles - 	Entry: C:\Users\flame\.p2\pool\plugins\org.eclipse.m2e.maven.runtime_3.9.900.20240824-1409\jars\maven-artifact-3.9.9.jar
2025-12-13 13:54:01,011 [Worker-70: Launching SampleAPI] INFO  o.eclipse.m2e.core.internal.Bundles - 	Entry: C:\Users\flame\.p2\pool\plugins\org.eclipse.m2e.maven.runtime_3.9.900.20240824-1409\jars\maven-builder-support-3.9.9.jar
2025-12-13 13:54:01,013 [Worker-70: Launching SampleAPI] INFO  o.eclipse.m2e.core.internal.Bundles - 	Entry: C:\Users\flame\.p2\pool\plugins\org.eclipse.m2e.maven.runtime_3.9.900.20240824-1409\jars\maven-compat-3.9.9.jar
2025-12-13 13:54:01,013 [Worker-70: Launching SampleAPI] INFO  o.eclipse.m2e.core.internal.Bundles - 	Entry: C:\Users\flame\.p2\pool\plugins\org.eclipse.m2e.maven.runtime_3.9.900.20240824-1409\jars\maven-core-3.9.9.jar
2025-12-13 13:54:01,013 [Worker-70: Launching SampleAPI] INFO  o.eclipse.m2e.core.internal.Bundles - 	Entry: C:\Users\flame\.p2\pool\plugins\org.eclipse.m2e.maven.runtime_3.9.900.20240824-1409\jars\maven-embedder-3.9.9.jar
2025-12-13 13:54:01,013 [Worker-70: Launching SampleAPI] INFO  o.eclipse.m2e.core.internal.Bundles - 	Entry: C:\Users\flame\.p2\pool\plugins\org.eclipse.m2e.maven.runtime_3.9.900.20240824-1409\jars\maven-model-3.9.9.jar
2025-12-13 13:54:01,013 [Worker-70: Launching SampleAPI] INFO  o.eclipse.m2e.core.internal.Bundles - 	Entry: C:\Users\flame\.p2\pool\plugins\org.eclipse.m2e.maven.runtime_3.9.900.20240824-1409\jars\maven-model-builder-3.9.9.jar
2025-12-13 13:54:01,013 [Worker-70: Launching SampleAPI] INFO  o.eclipse.m2e.core.internal.Bundles - 	Entry: C:\Users\flame\.p2\pool\plugins\org.eclipse.m2e.maven.runtime_3.9.900.20240824-1409\jars\maven-plugin-api-3.9.9.jar
2025-12-13 13:54:01,013 [Worker-70: Launching SampleAPI] INFO  o.eclipse.m2e.core.internal.Bundles - 	Entry: C:\Users\flame\.p2\pool\plugins\org.eclipse.m2e.maven.runtime_3.9.900.20240824-1409\jars\maven-repository-metadata-3.9.9.jar
2025-12-13 13:54:01,014 [Worker-70: Launching SampleAPI] INFO  o.eclipse.m2e.core.internal.Bundles - 	Entry: C:\Users\flame\.p2\pool\plugins\org.eclipse.m2e.maven.runtime_3.9.900.20240824-1409\jars\maven-resolver-api-1.9.22.jar
2025-12-13 13:54:01,014 [Worker-70: Launching SampleAPI] INFO  o.eclipse.m2e.core.internal.Bundles - 	Entry: C:\Users\flame\.p2\pool\plugins\org.eclipse.m2e.maven.runtime_3.9.900.20240824-1409\jars\maven-resolver-connector-basic-1.9.22.jar
2025-12-13 13:54:01,014 [Worker-70: Launching SampleAPI] INFO  o.eclipse.m2e.core.internal.Bundles - 	Entry: C:\Users\flame\.p2\pool\plugins\org.eclipse.m2e.maven.runtime_3.9.900.20240824-1409\jars\maven-resolver-impl-1.9.22.jar
2025-12-13 13:54:01,014 [Worker-70: Launching SampleAPI] INFO  o.eclipse.m2e.core.internal.Bundles - 	Entry: C:\Users\flame\.p2\pool\plugins\org.eclipse.m2e.maven.runtime_3.9.900.20240824-1409\jars\maven-resolver-named-locks-1.9.22.jar
2025-12-13 13:54:01,014 [Worker-70: Launching SampleAPI] INFO  o.eclipse.m2e.core.internal.Bundles - 	Entry: C:\Users\flame\.p2\pool\plugins\org.eclipse.m2e.maven.runtime_3.9.900.20240824-1409\jars\maven-resolver-provider-3.9.9.jar
2025-12-13 13:54:01,014 [Worker-70: Launching SampleAPI] INFO  o.eclipse.m2e.core.internal.Bundles - 	Entry: C:\Users\flame\.p2\pool\plugins\org.eclipse.m2e.maven.runtime_3.9.900.20240824-1409\jars\maven-resolver-spi-1.9.22.jar
2025-12-13 13:54:01,014 [Worker-70: Launching SampleAPI] INFO  o.eclipse.m2e.core.internal.Bundles - 	Entry: C:\Users\flame\.p2\pool\plugins\org.eclipse.m2e.maven.runtime_3.9.900.20240824-1409\jars\maven-resolver-transport-file-1.9.22.jar
2025-12-13 13:54:01,015 [Worker-70: Launching SampleAPI] INFO  o.eclipse.m2e.core.internal.Bundles - 	Entry: C:\Users\flame\.p2\pool\plugins\org.eclipse.m2e.maven.runtime_3.9.900.20240824-1409\jars\maven-resolver-transport-http-1.9.22.jar
2025-12-13 13:54:01,015 [Worker-70: Launching SampleAPI] INFO  o.eclipse.m2e.core.internal.Bundles - 	Entry: C:\Users\flame\.p2\pool\plugins\org.eclipse.m2e.maven.runtime_3.9.900.20240824-1409\jars\maven-resolver-transport-wagon-1.9.22.jar
2025-12-13 13:54:01,015 [Worker-70: Launching SampleAPI] INFO  o.eclipse.m2e.core.internal.Bundles - 	Entry: C:\Users\flame\.p2\pool\plugins\org.eclipse.m2e.maven.runtime_3.9.900.20240824-1409\jars\maven-resolver-util-1.9.22.jar
2025-12-13 13:54:01,015 [Worker-70: Launching SampleAPI] INFO  o.eclipse.m2e.core.internal.Bundles - 	Entry: C:\Users\flame\.p2\pool\plugins\org.eclipse.m2e.maven.runtime_3.9.900.20240824-1409\jars\maven-settings-3.9.9.jar
2025-12-13 13:54:01,015 [Worker-70: Launching SampleAPI] INFO  o.eclipse.m2e.core.internal.Bundles - 	Entry: C:\Users\flame\.p2\pool\plugins\org.eclipse.m2e.maven.runtime_3.9.900.20240824-1409\jars\maven-settings-builder-3.9.9.jar
2025-12-13 13:54:01,015 [Worker-70: Launching SampleAPI] INFO  o.eclipse.m2e.core.internal.Bundles - 	Entry: C:\Users\flame\.p2\pool\plugins\org.eclipse.m2e.maven.runtime_3.9.900.20240824-1409\jars\maven-shared-utils-3.4.2.jar
2025-12-13 13:54:01,015 [Worker-70: Launching SampleAPI] INFO  o.eclipse.m2e.core.internal.Bundles - 	Entry: C:\Users\flame\.p2\pool\plugins\org.eclipse.m2e.maven.runtime_3.9.900.20240824-1409\jars\org.eclipse.sisu.inject-0.9.0.M3.jar
2025-12-13 13:54:01,015 [Worker-70: Launching SampleAPI] INFO  o.eclipse.m2e.core.internal.Bundles - 	Entry: C:\Users\flame\.p2\pool\plugins\org.eclipse.m2e.maven.runtime_3.9.900.20240824-1409\jars\org.eclipse.sisu.plexus-0.9.0.M3.jar
2025-12-13 13:54:01,016 [Worker-70: Launching SampleAPI] INFO  o.eclipse.m2e.core.internal.Bundles - 	Entry: C:\Users\flame\.p2\pool\plugins\org.eclipse.m2e.maven.runtime_3.9.900.20240824-1409\jars\plexus-build-api-0.0.7.jar
2025-12-13 13:54:01,016 [Worker-70: Launching SampleAPI] INFO  o.eclipse.m2e.core.internal.Bundles - 	Entry: C:\Users\flame\.p2\pool\plugins\org.eclipse.m2e.maven.runtime_3.9.900.20240824-1409\jars\plexus-build-api-1.2.0.jar
2025-12-13 13:54:01,016 [Worker-70: Launching SampleAPI] INFO  o.eclipse.m2e.core.internal.Bundles - 	Entry: C:\Users\flame\.p2\pool\plugins\org.eclipse.m2e.maven.runtime_3.9.900.20240824-1409\jars\plexus-cipher-2.0.jar
2025-12-13 13:54:01,016 [Worker-70: Launching SampleAPI] INFO  o.eclipse.m2e.core.internal.Bundles - 	Entry: C:\Users\flame\.p2\pool\plugins\org.eclipse.m2e.maven.runtime_3.9.900.20240824-1409\jars\plexus-classworlds-2.8.0.jar
2025-12-13 13:54:01,016 [Worker-70: Launching SampleAPI] INFO  o.eclipse.m2e.core.internal.Bundles - 	Entry: C:\Users\flame\.p2\pool\plugins\org.eclipse.m2e.maven.runtime_3.9.900.20240824-1409\jars\plexus-component-annotations-2.1.0.jar
2025-12-13 13:54:01,016 [Worker-70: Launching SampleAPI] INFO  o.eclipse.m2e.core.internal.Bundles - 	Entry: C:\Users\flame\.p2\pool\plugins\org.eclipse.m2e.maven.runtime_3.9.900.20240824-1409\jars\plexus-interpolation-1.27.jar
2025-12-13 13:54:01,016 [Worker-70: Launching SampleAPI] INFO  o.eclipse.m2e.core.internal.Bundles - 	Entry: C:\Users\flame\.p2\pool\plugins\org.eclipse.m2e.maven.runtime_3.9.900.20240824-1409\jars\plexus-sec-dispatcher-2.0.jar
2025-12-13 13:54:01,016 [Worker-70: Launching SampleAPI] INFO  o.eclipse.m2e.core.internal.Bundles - 	Entry: C:\Users\flame\.p2\pool\plugins\org.eclipse.m2e.maven.runtime_3.9.900.20240824-1409\jars\plexus-utils-3.5.1.jar
2025-12-13 13:54:01,017 [Worker-70: Launching SampleAPI] INFO  o.eclipse.m2e.core.internal.Bundles - 	Entry: C:\Users\flame\.p2\pool\plugins\org.eclipse.m2e.maven.runtime_3.9.900.20240824-1409\jars\plexus-xml-3.0.1.jar
2025-12-13 13:54:01,017 [Worker-70: Launching SampleAPI] INFO  o.eclipse.m2e.core.internal.Bundles - 	Entry: C:\Users\flame\.p2\pool\plugins\org.eclipse.m2e.maven.runtime_3.9.900.20240824-1409\jars\wagon-file-3.5.3.jar
2025-12-13 13:54:01,017 [Worker-70: Launching SampleAPI] INFO  o.eclipse.m2e.core.internal.Bundles - 	Entry: C:\Users\flame\.p2\pool\plugins\org.eclipse.m2e.maven.runtime_3.9.900.20240824-1409\jars\wagon-http-3.5.3.jar
2025-12-13 13:54:01,017 [Worker-70: Launching SampleAPI] INFO  o.eclipse.m2e.core.internal.Bundles - 	Entry: C:\Users\flame\.p2\pool\plugins\org.eclipse.m2e.maven.runtime_3.9.900.20240824-1409\jars\wagon-http-shared-3.5.3.jar
2025-12-13 13:54:01,017 [Worker-70: Launching SampleAPI] INFO  o.eclipse.m2e.core.internal.Bundles - 	Entry: C:\Users\flame\.p2\pool\plugins\org.eclipse.m2e.maven.runtime_3.9.900.20240824-1409\jars\wagon-provider-api-3.5.3.jar
2025-12-13 13:54:01,017 [Worker-70: Launching SampleAPI] INFO  o.eclipse.m2e.core.internal.Bundles - getClasspathEntries(Bundle=com.google.guava_33.3.1.jre [1028])
2025-12-13 13:54:01,018 [Worker-70: Launching SampleAPI] INFO  o.eclipse.m2e.core.internal.Bundles - 	Entry: C:\Users\flame\.p2\pool\plugins\com.google.guava_33.3.1.jre.jar
2025-12-13 13:54:01,018 [Worker-70: Launching SampleAPI] INFO  o.eclipse.m2e.core.internal.Bundles - getClasspathEntries(Bundle=slf4j.api_2.0.17 [1152])
2025-12-13 13:54:01,018 [Worker-70: Launching SampleAPI] INFO  o.eclipse.m2e.core.internal.Bundles - 	Entry: C:\Users\flame\.p2\pool\plugins\slf4j.api_2.0.17.jar
2025-12-13 13:54:01,018 [Worker-70: Launching SampleAPI] INFO  o.eclipse.m2e.core.internal.Bundles - getClasspathEntries(Bundle=jakarta.inject.jakarta.inject-api_1.0.5 [34])
2025-12-13 13:54:01,018 [Worker-70: Launching SampleAPI] INFO  o.eclipse.m2e.core.internal.Bundles - 	Entry: C:\Users\flame\.p2\pool\plugins\jakarta.inject.jakarta.inject-api_1.0.5.jar
2025-12-13 13:54:01,018 [Worker-70: Launching SampleAPI] INFO  o.eclipse.m2e.core.internal.Bundles - getClasspathEntries(Bundle=jakarta.annotation-api_1.3.5 [29])
2025-12-13 13:54:01,018 [Worker-70: Launching SampleAPI] INFO  o.eclipse.m2e.core.internal.Bundles - 	Entry: C:\Users\flame\.p2\pool\plugins\jakarta.annotation-api_1.3.5.jar
2025-12-13 13:54:01,018 [Worker-70: Launching SampleAPI] INFO  o.eclipse.m2e.core.internal.Bundles - getClasspathEntries(Bundle=org.apache.commons.cli_1.9.0 [78])
2025-12-13 13:54:01,019 [Worker-70: Launching SampleAPI] INFO  o.eclipse.m2e.core.internal.Bundles - 	Entry: C:\Users\flame\.p2\pool\plugins\org.apache.commons.cli_1.9.0.jar
2025-12-13 13:54:01,019 [Worker-70: Launching SampleAPI] INFO  o.eclipse.m2e.core.internal.Bundles - getClasspathEntries(Bundle=org.apache.commons.commons-codec_1.16.0 [81])
2025-12-13 13:54:01,019 [Worker-70: Launching SampleAPI] INFO  o.eclipse.m2e.core.internal.Bundles - 	Entry: C:\Users\flame\.p2\pool\plugins\org.apache.commons.commons-codec_1.16.0.jar
2025-12-13 13:54:01,019 [Worker-70: Launching SampleAPI] INFO  o.eclipse.m2e.core.internal.Bundles - getClasspathEntries(Bundle=com.google.guava.failureaccess_1.0.2 [17])
2025-12-13 13:54:01,019 [Worker-70: Launching SampleAPI] INFO  o.eclipse.m2e.core.internal.Bundles - 	Entry: C:\Users\flame\.p2\pool\plugins\com.google.guava.failureaccess_1.0.2.jar
2025-12-13 13:54:01,019 [Worker-70: Launching SampleAPI] INFO  o.eclipse.m2e.core.internal.Bundles - getClasspathEntries(Bundle=org.eclipse.m2e.workspace.cli_0.3.1 [654])
2025-12-13 13:54:01,020 [Worker-70: Launching SampleAPI] INFO  o.eclipse.m2e.core.internal.Bundles - 	Entry: C:\Users\flame\.p2\pool\plugins\org.eclipse.m2e.workspace.cli_0.3.1.jar
2025-12-13 13:54:01,021 [Worker-70: Launching SampleAPI] INFO  o.e.m.i.launch.MavenLaunchDelegate - Run build in "C:\Users\flame\Documents\eclipseProjects\mediaLogic\SampleAPI":
2025-12-13 13:54:01,021 [Worker-70: Launching SampleAPI] INFO  o.e.m.i.launch.MavenLaunchDelegate -  mvn  -Ppom.xml -B -X -e -U -Dmaven.test.skip=true -DskipTests -Dstyle.color=always clean install
2025-12-13 13:54:25,042 [Worker-81: Updating Maven Project] INFO  o.e.m.c.i.p.ProjectConfigurationManager - Update started
2025-12-13 13:54:25,399 [Worker-81: Updating Maven Project] INFO  o.e.m.c.i.l.LifecycleMappingFactory - Using org.eclipse.m2e.jdt.JarLifecycleMapping lifecycle mapping for MavenProject: com.example:SampleAPI:0.0.1-SNAPSHOT @ C:\Users\flame\Documents\eclipseProjects\mediaLogic\SampleAPI\pom.xml.
2025-12-13 13:54:26,004 [Worker-81: Updating Maven Project] INFO  o.e.m.j.i.AbstractJavaProjectConfigurator - Adding source folder /SampleAPI/src/main/java
2025-12-13 13:54:26,004 [Worker-81: Updating Maven Project] INFO  o.e.m.j.i.AbstractJavaProjectConfigurator - Adding resource folder /SampleAPI/src/main/resources
2025-12-13 13:54:26,005 [Worker-81: Updating Maven Project] INFO  o.e.m.j.i.AbstractJavaProjectConfigurator - Adding resource folder /SampleAPI/src/main/resources
2025-12-13 13:54:26,005 [Worker-81: Updating Maven Project] INFO  o.e.m.j.i.AbstractJavaProjectConfigurator - Adding source folder /SampleAPI/src/test/java
2025-12-13 13:54:26,006 [Worker-81: Updating Maven Project] INFO  o.e.m.j.i.AbstractJavaProjectConfigurator - Adding resource folder /SampleAPI/src/test/resources
2025-12-13 13:54:26,493 [Worker-81: Updating Maven Project] INFO  o.e.m.c.i.p.ProjectConfigurationManager - Update completed for 1 poms: local refresh takes 0,00 sec, refresh facades takes 0,00 sec, update config takes 0,00 sec 
2025-12-13 13:54:26,841 [Worker-81: Building] INFO  o.a.m.s.f.DefaultMavenResourcesFiltering - Copying 1 resource from src\main\resources to target\classes
2025-12-13 13:54:26,853 [Worker-81: Building] INFO  o.a.m.s.f.DefaultMavenResourcesFiltering - Copying 0 resource from src\main\resources to target\classes
2025-12-13 13:54:26,857 [Worker-81: Building] INFO  o.a.m.s.f.DefaultMavenResourcesFiltering - skip non existing resourceDirectory C:\Users\flame\Documents\eclipseProjects\mediaLogic\SampleAPI\src\test\resources
2025-12-14 10:34:23,646 [Worker-2: Loading available Gradle versions] INFO  o.e.b.c.i.u.g.PublishedGradleVersions - Gradle version information cache is up-to-date. Trying to read.
2025-12-14 10:34:32,074 [Worker-12: Building] INFO  o.a.m.s.f.DefaultMavenResourcesFiltering - Copying 1 resource from src\main\resources to target\classes
2025-12-14 10:34:32,103 [Worker-12: Building] INFO  o.a.m.s.f.DefaultMavenResourcesFiltering - Copying 0 resource from src\main\resources to target\classes
2025-12-14 10:34:32,115 [Worker-12: Building] INFO  o.a.m.s.f.DefaultMavenResourcesFiltering - skip non existing resourceDirectory C:\Users\flame\Documents\eclipseProjects\mediaLogic\SampleAPI\src\test\resources
2025-12-14 10:43:37,689 [Worker-35: Building] INFO  o.a.m.s.f.DefaultMavenResourcesFiltering - Copying 1 resource from src\main\resources to target\classes
2025-12-14 10:43:37,711 [Worker-35: Building] INFO  o.a.m.s.f.DefaultMavenResourcesFiltering - Copying 0 resource from src\main\resources to target\classes
2025-12-14 10:43:37,720 [Worker-35: Building] INFO  o.a.m.s.f.DefaultMavenResourcesFiltering - skip non existing resourceDirectory C:\Users\flame\Documents\eclipseProjects\mediaLogic\SampleAPI\src\test\resources
2025-12-14 10:43:48,012 [Worker-14: Building] INFO  o.a.m.s.f.DefaultMavenResourcesFiltering - Copying 1 resource from src\main\resources to target\classes
2025-12-14 10:43:48,019 [Worker-14: Building] INFO  o.a.m.s.f.DefaultMavenResourcesFiltering - Copying 0 resource from src\main\resources to target\classes
2025-12-14 10:43:48,024 [Worker-14: Building] INFO  o.a.m.s.f.DefaultMavenResourcesFiltering - skip non existing resourceDirectory C:\Users\flame\Documents\eclipseProjects\mediaLogic\SampleAPI\src\test\resources
2025-12-14 10:44:50,650 [Worker-14: Building] INFO  o.a.m.s.f.DefaultMavenResourcesFiltering - Copying 1 resource from src\main\resources to target\classes
2025-12-14 10:44:50,666 [Worker-14: Building] INFO  o.a.m.s.f.DefaultMavenResourcesFiltering - Copying 0 resource from src\main\resources to target\classes
2025-12-14 10:44:50,678 [Worker-14: Building] INFO  o.a.m.s.f.DefaultMavenResourcesFiltering - skip non existing resourceDirectory C:\Users\flame\Documents\eclipseProjects\mediaLogic\SampleAPI\src\test\resources
2025-12-14 10:45:05,245 [Worker-34: Building] INFO  o.a.m.s.f.DefaultMavenResourcesFiltering - Copying 1 resource from src\main\resources to target\classes
2025-12-14 10:45:05,254 [Worker-34: Building] INFO  o.a.m.s.f.DefaultMavenResourcesFiltering - Copying 0 resource from src\main\resources to target\classes
2025-12-14 10:45:05,258 [Worker-34: Building] INFO  o.a.m.s.f.DefaultMavenResourcesFiltering - skip non existing resourceDirectory C:\Users\flame\Documents\eclipseProjects\mediaLogic\SampleAPI\src\test\resources
2025-12-14 10:45:35,943 [Worker-35: Building] INFO  o.a.m.s.f.DefaultMavenResourcesFiltering - Copying 1 resource from src\main\resources to target\classes
2025-12-14 10:45:35,955 [Worker-35: Building] INFO  o.a.m.s.f.DefaultMavenResourcesFiltering - Copying 0 resource from src\main\resources to target\classes
2025-12-14 10:45:35,963 [Worker-35: Building] INFO  o.a.m.s.f.DefaultMavenResourcesFiltering - skip non existing resourceDirectory C:\Users\flame\Documents\eclipseProjects\mediaLogic\SampleAPI\src\test\resources
2025-12-14 10:46:02,128 [Worker-38: Launching SampleAPI] INFO  o.eclipse.m2e.core.internal.Bundles - getClasspathEntries(Bundle=org.eclipse.m2e.maven.runtime_3.9.900.20240824-1409 [642])
2025-12-14 10:46:02,130 [Worker-38: Launching SampleAPI] INFO  o.eclipse.m2e.core.internal.Bundles - 	Entry: C:\Users\flame\.p2\pool\plugins\org.eclipse.m2e.maven.runtime_3.9.900.20240824-1409
2025-12-14 10:46:02,131 [Worker-38: Launching SampleAPI] INFO  o.eclipse.m2e.core.internal.Bundles - 	Entry: C:\Users\flame\.p2\pool\plugins\org.eclipse.m2e.maven.runtime_3.9.900.20240824-1409\jars\aopalliance-1.0.jar
2025-12-14 10:46:02,131 [Worker-38: Launching SampleAPI] INFO  o.eclipse.m2e.core.internal.Bundles - 	Entry: C:\Users\flame\.p2\pool\plugins\org.eclipse.m2e.maven.runtime_3.9.900.20240824-1409\jars\guice-5.1.0.jar
2025-12-14 10:46:02,131 [Worker-38: Launching SampleAPI] INFO  o.eclipse.m2e.core.internal.Bundles - 	Entry: C:\Users\flame\.p2\pool\plugins\org.eclipse.m2e.maven.runtime_3.9.900.20240824-1409\jars\httpclient-4.5.14.jar
2025-12-14 10:46:02,131 [Worker-38: Launching SampleAPI] INFO  o.eclipse.m2e.core.internal.Bundles - 	Entry: C:\Users\flame\.p2\pool\plugins\org.eclipse.m2e.maven.runtime_3.9.900.20240824-1409\jars\httpcore-4.4.16.jar
2025-12-14 10:46:02,133 [Worker-38: Launching SampleAPI] INFO  o.eclipse.m2e.core.internal.Bundles - 	Entry: C:\Users\flame\.p2\pool\plugins\org.eclipse.m2e.maven.runtime_3.9.900.20240824-1409\jars\jansi-2.4.1.jar
2025-12-14 10:46:02,133 [Worker-38: Launching SampleAPI] INFO  o.eclipse.m2e.core.internal.Bundles - 	Entry: C:\Users\flame\.p2\pool\plugins\org.eclipse.m2e.maven.runtime_3.9.900.20240824-1409\jars\jcl-over-slf4j-1.7.36.jar
2025-12-14 10:46:02,133 [Worker-38: Launching SampleAPI] INFO  o.eclipse.m2e.core.internal.Bundles - 	Entry: C:\Users\flame\.p2\pool\plugins\org.eclipse.m2e.maven.runtime_3.9.900.20240824-1409\jars\maven-artifact-3.9.9.jar
2025-12-14 10:46:02,133 [Worker-38: Launching SampleAPI] INFO  o.eclipse.m2e.core.internal.Bundles - 	Entry: C:\Users\flame\.p2\pool\plugins\org.eclipse.m2e.maven.runtime_3.9.900.20240824-1409\jars\maven-builder-support-3.9.9.jar
2025-12-14 10:46:02,133 [Worker-38: Launching SampleAPI] INFO  o.eclipse.m2e.core.internal.Bundles - 	Entry: C:\Users\flame\.p2\pool\plugins\org.eclipse.m2e.maven.runtime_3.9.900.20240824-1409\jars\maven-compat-3.9.9.jar
2025-12-14 10:46:02,133 [Worker-38: Launching SampleAPI] INFO  o.eclipse.m2e.core.internal.Bundles - 	Entry: C:\Users\flame\.p2\pool\plugins\org.eclipse.m2e.maven.runtime_3.9.900.20240824-1409\jars\maven-core-3.9.9.jar
2025-12-14 10:46:02,133 [Worker-38: Launching SampleAPI] INFO  o.eclipse.m2e.core.internal.Bundles - 	Entry: C:\Users\flame\.p2\pool\plugins\org.eclipse.m2e.maven.runtime_3.9.900.20240824-1409\jars\maven-embedder-3.9.9.jar
2025-12-14 10:46:02,134 [Worker-38: Launching SampleAPI] INFO  o.eclipse.m2e.core.internal.Bundles - 	Entry: C:\Users\flame\.p2\pool\plugins\org.eclipse.m2e.maven.runtime_3.9.900.20240824-1409\jars\maven-model-3.9.9.jar
2025-12-14 10:46:02,134 [Worker-38: Launching SampleAPI] INFO  o.eclipse.m2e.core.internal.Bundles - 	Entry: C:\Users\flame\.p2\pool\plugins\org.eclipse.m2e.maven.runtime_3.9.900.20240824-1409\jars\maven-model-builder-3.9.9.jar
2025-12-14 10:46:02,134 [Worker-38: Launching SampleAPI] INFO  o.eclipse.m2e.core.internal.Bundles - 	Entry: C:\Users\flame\.p2\pool\plugins\org.eclipse.m2e.maven.runtime_3.9.900.20240824-1409\jars\maven-plugin-api-3.9.9.jar
2025-12-14 10:46:02,134 [Worker-38: Launching SampleAPI] INFO  o.eclipse.m2e.core.internal.Bundles - 	Entry: C:\Users\flame\.p2\pool\plugins\org.eclipse.m2e.maven.runtime_3.9.900.20240824-1409\jars\maven-repository-metadata-3.9.9.jar
2025-12-14 10:46:02,134 [Worker-38: Launching SampleAPI] INFO  o.eclipse.m2e.core.internal.Bundles - 	Entry: C:\Users\flame\.p2\pool\plugins\org.eclipse.m2e.maven.runtime_3.9.900.20240824-1409\jars\maven-resolver-api-1.9.22.jar
2025-12-14 10:46:02,134 [Worker-38: Launching SampleAPI] INFO  o.eclipse.m2e.core.internal.Bundles - 	Entry: C:\Users\flame\.p2\pool\plugins\org.eclipse.m2e.maven.runtime_3.9.900.20240824-1409\jars\maven-resolver-connector-basic-1.9.22.jar
2025-12-14 10:46:02,135 [Worker-38: Launching SampleAPI] INFO  o.eclipse.m2e.core.internal.Bundles - 	Entry: C:\Users\flame\.p2\pool\plugins\org.eclipse.m2e.maven.runtime_3.9.900.20240824-1409\jars\maven-resolver-impl-1.9.22.jar
2025-12-14 10:46:02,135 [Worker-38: Launching SampleAPI] INFO  o.eclipse.m2e.core.internal.Bundles - 	Entry: C:\Users\flame\.p2\pool\plugins\org.eclipse.m2e.maven.runtime_3.9.900.20240824-1409\jars\maven-resolver-named-locks-1.9.22.jar
2025-12-14 10:46:02,135 [Worker-38: Launching SampleAPI] INFO  o.eclipse.m2e.core.internal.Bundles - 	Entry: C:\Users\flame\.p2\pool\plugins\org.eclipse.m2e.maven.runtime_3.9.900.20240824-1409\jars\maven-resolver-provider-3.9.9.jar
2025-12-14 10:46:02,135 [Worker-38: Launching SampleAPI] INFO  o.eclipse.m2e.core.internal.Bundles - 	Entry: C:\Users\flame\.p2\pool\plugins\org.eclipse.m2e.maven.runtime_3.9.900.20240824-1409\jars\maven-resolver-spi-1.9.22.jar
2025-12-14 10:46:02,135 [Worker-38: Launching SampleAPI] INFO  o.eclipse.m2e.core.internal.Bundles - 	Entry: C:\Users\flame\.p2\pool\plugins\org.eclipse.m2e.maven.runtime_3.9.900.20240824-1409\jars\maven-resolver-transport-file-1.9.22.jar
2025-12-14 10:46:02,135 [Worker-38: Launching SampleAPI] INFO  o.eclipse.m2e.core.internal.Bundles - 	Entry: C:\Users\flame\.p2\pool\plugins\org.eclipse.m2e.maven.runtime_3.9.900.20240824-1409\jars\maven-resolver-transport-http-1.9.22.jar
2025-12-14 10:46:02,135 [Worker-38: Launching SampleAPI] INFO  o.eclipse.m2e.core.internal.Bundles - 	Entry: C:\Users\flame\.p2\pool\plugins\org.eclipse.m2e.maven.runtime_3.9.900.20240824-1409\jars\maven-resolver-transport-wagon-1.9.22.jar
2025-12-14 10:46:02,135 [Worker-38: Launching SampleAPI] INFO  o.eclipse.m2e.core.internal.Bundles - 	Entry: C:\Users\flame\.p2\pool\plugins\org.eclipse.m2e.maven.runtime_3.9.900.20240824-1409\jars\maven-resolver-util-1.9.22.jar
2025-12-14 10:46:02,136 [Worker-38: Launching SampleAPI] INFO  o.eclipse.m2e.core.internal.Bundles - 	Entry: C:\Users\flame\.p2\pool\plugins\org.eclipse.m2e.maven.runtime_3.9.900.20240824-1409\jars\maven-settings-3.9.9.jar
2025-12-14 10:46:02,136 [Worker-38: Launching SampleAPI] INFO  o.eclipse.m2e.core.internal.Bundles - 	Entry: C:\Users\flame\.p2\pool\plugins\org.eclipse.m2e.maven.runtime_3.9.900.20240824-1409\jars\maven-settings-builder-3.9.9.jar
2025-12-14 10:46:02,136 [Worker-38: Launching SampleAPI] INFO  o.eclipse.m2e.core.internal.Bundles - 	Entry: C:\Users\flame\.p2\pool\plugins\org.eclipse.m2e.maven.runtime_3.9.900.20240824-1409\jars\maven-shared-utils-3.4.2.jar
2025-12-14 10:46:02,136 [Worker-38: Launching SampleAPI] INFO  o.eclipse.m2e.core.internal.Bundles - 	Entry: C:\Users\flame\.p2\pool\plugins\org.eclipse.m2e.maven.runtime_3.9.900.20240824-1409\jars\org.eclipse.sisu.inject-0.9.0.M3.jar
2025-12-14 10:46:02,136 [Worker-38: Launching SampleAPI] INFO  o.eclipse.m2e.core.internal.Bundles - 	Entry: C:\Users\flame\.p2\pool\plugins\org.eclipse.m2e.maven.runtime_3.9.900.20240824-1409\jars\org.eclipse.sisu.plexus-0.9.0.M3.jar
2025-12-14 10:46:02,136 [Worker-38: Launching SampleAPI] INFO  o.eclipse.m2e.core.internal.Bundles - 	Entry: C:\Users\flame\.p2\pool\plugins\org.eclipse.m2e.maven.runtime_3.9.900.20240824-1409\jars\plexus-build-api-0.0.7.jar
2025-12-14 10:46:02,136 [Worker-38: Launching SampleAPI] INFO  o.eclipse.m2e.core.internal.Bundles - 	Entry: C:\Users\flame\.p2\pool\plugins\org.eclipse.m2e.maven.runtime_3.9.900.20240824-1409\jars\plexus-build-api-1.2.0.jar
2025-12-14 10:46:02,137 [Worker-38: Launching SampleAPI] INFO  o.eclipse.m2e.core.internal.Bundles - 	Entry: C:\Users\flame\.p2\pool\plugins\org.eclipse.m2e.maven.runtime_3.9.900.20240824-1409\jars\plexus-cipher-2.0.jar
2025-12-14 10:46:02,137 [Worker-38: Launching SampleAPI] INFO  o.eclipse.m2e.core.internal.Bundles - 	Entry: C:\Users\flame\.p2\pool\plugins\org.eclipse.m2e.maven.runtime_3.9.900.20240824-1409\jars\plexus-classworlds-2.8.0.jar
2025-12-14 10:46:02,137 [Worker-38: Launching SampleAPI] INFO  o.eclipse.m2e.core.internal.Bundles - 	Entry: C:\Users\flame\.p2\pool\plugins\org.eclipse.m2e.maven.runtime_3.9.900.20240824-1409\jars\plexus-component-annotations-2.1.0.jar
2025-12-14 10:46:02,137 [Worker-38: Launching SampleAPI] INFO  o.eclipse.m2e.core.internal.Bundles - 	Entry: C:\Users\flame\.p2\pool\plugins\org.eclipse.m2e.maven.runtime_3.9.900.20240824-1409\jars\plexus-interpolation-1.27.jar
2025-12-14 10:46:02,138 [Worker-38: Launching SampleAPI] INFO  o.eclipse.m2e.core.internal.Bundles - 	Entry: C:\Users\flame\.p2\pool\plugins\org.eclipse.m2e.maven.runtime_3.9.900.20240824-1409\jars\plexus-sec-dispatcher-2.0.jar
2025-12-14 10:46:02,138 [Worker-38: Launching SampleAPI] INFO  o.eclipse.m2e.core.internal.Bundles - 	Entry: C:\Users\flame\.p2\pool\plugins\org.eclipse.m2e.maven.runtime_3.9.900.20240824-1409\jars\plexus-utils-3.5.1.jar
2025-12-14 10:46:02,138 [Worker-38: Launching SampleAPI] INFO  o.eclipse.m2e.core.internal.Bundles - 	Entry: C:\Users\flame\.p2\pool\plugins\org.eclipse.m2e.maven.runtime_3.9.900.20240824-1409\jars\plexus-xml-3.0.1.jar
2025-12-14 10:46:02,138 [Worker-38: Launching SampleAPI] INFO  o.eclipse.m2e.core.internal.Bundles - 	Entry: C:\Users\flame\.p2\pool\plugins\org.eclipse.m2e.maven.runtime_3.9.900.20240824-1409\jars\wagon-file-3.5.3.jar
2025-12-14 10:46:02,138 [Worker-38: Launching SampleAPI] INFO  o.eclipse.m2e.core.internal.Bundles - 	Entry: C:\Users\flame\.p2\pool\plugins\org.eclipse.m2e.maven.runtime_3.9.900.20240824-1409\jars\wagon-http-3.5.3.jar
2025-12-14 10:46:02,138 [Worker-38: Launching SampleAPI] INFO  o.eclipse.m2e.core.internal.Bundles - 	Entry: C:\Users\flame\.p2\pool\plugins\org.eclipse.m2e.maven.runtime_3.9.900.20240824-1409\jars\wagon-http-shared-3.5.3.jar
2025-12-14 10:46:02,138 [Worker-38: Launching SampleAPI] INFO  o.eclipse.m2e.core.internal.Bundles - 	Entry: C:\Users\flame\.p2\pool\plugins\org.eclipse.m2e.maven.runtime_3.9.900.20240824-1409\jars\wagon-provider-api-3.5.3.jar
2025-12-14 10:46:02,140 [Worker-38: Launching SampleAPI] INFO  o.eclipse.m2e.core.internal.Bundles - getClasspathEntries(Bundle=com.google.guava_33.3.1.jre [1028])
2025-12-14 10:46:02,140 [Worker-38: Launching SampleAPI] INFO  o.eclipse.m2e.core.internal.Bundles - 	Entry: C:\Users\flame\.p2\pool\plugins\com.google.guava_33.3.1.jre.jar
2025-12-14 10:46:02,141 [Worker-38: Launching SampleAPI] INFO  o.eclipse.m2e.core.internal.Bundles - getClasspathEntries(Bundle=slf4j.api_2.0.17 [1152])
2025-12-14 10:46:02,141 [Worker-38: Launching SampleAPI] INFO  o.eclipse.m2e.core.internal.Bundles - 	Entry: C:\Users\flame\.p2\pool\plugins\slf4j.api_2.0.17.jar
2025-12-14 10:46:02,141 [Worker-38: Launching SampleAPI] INFO  o.eclipse.m2e.core.internal.Bundles - getClasspathEntries(Bundle=jakarta.inject.jakarta.inject-api_1.0.5 [34])
2025-12-14 10:46:02,141 [Worker-38: Launching SampleAPI] INFO  o.eclipse.m2e.core.internal.Bundles - 	Entry: C:\Users\flame\.p2\pool\plugins\jakarta.inject.jakarta.inject-api_1.0.5.jar
2025-12-14 10:46:02,142 [Worker-38: Launching SampleAPI] INFO  o.eclipse.m2e.core.internal.Bundles - getClasspathEntries(Bundle=jakarta.annotation-api_1.3.5 [29])
2025-12-14 10:46:02,142 [Worker-38: Launching SampleAPI] INFO  o.eclipse.m2e.core.internal.Bundles - 	Entry: C:\Users\flame\.p2\pool\plugins\jakarta.annotation-api_1.3.5.jar
2025-12-14 10:46:02,142 [Worker-38: Launching SampleAPI] INFO  o.eclipse.m2e.core.internal.Bundles - getClasspathEntries(Bundle=org.apache.commons.cli_1.9.0 [78])
2025-12-14 10:46:02,142 [Worker-38: Launching SampleAPI] INFO  o.eclipse.m2e.core.internal.Bundles - 	Entry: C:\Users\flame\.p2\pool\plugins\org.apache.commons.cli_1.9.0.jar
2025-12-14 10:46:02,143 [Worker-38: Launching SampleAPI] INFO  o.eclipse.m2e.core.internal.Bundles - getClasspathEntries(Bundle=org.apache.commons.commons-codec_1.16.0 [81])
2025-12-14 10:46:02,143 [Worker-38: Launching SampleAPI] INFO  o.eclipse.m2e.core.internal.Bundles - 	Entry: C:\Users\flame\.p2\pool\plugins\org.apache.commons.commons-codec_1.16.0.jar
2025-12-14 10:46:02,143 [Worker-38: Launching SampleAPI] INFO  o.eclipse.m2e.core.internal.Bundles - getClasspathEntries(Bundle=com.google.guava.failureaccess_1.0.2 [17])
2025-12-14 10:46:02,144 [Worker-38: Launching SampleAPI] INFO  o.eclipse.m2e.core.internal.Bundles - 	Entry: C:\Users\flame\.p2\pool\plugins\com.google.guava.failureaccess_1.0.2.jar
2025-12-14 10:46:02,145 [Worker-38: Launching SampleAPI] INFO  o.eclipse.m2e.core.internal.Bundles - getClasspathEntries(Bundle=org.eclipse.m2e.workspace.cli_0.3.1 [654])
2025-12-14 10:46:02,146 [Worker-38: Launching SampleAPI] INFO  o.eclipse.m2e.core.internal.Bundles - 	Entry: C:\Users\flame\.p2\pool\plugins\org.eclipse.m2e.workspace.cli_0.3.1.jar
2025-12-14 10:46:02,154 [Worker-38: Launching SampleAPI] INFO  o.e.m.i.launch.MavenLaunchDelegate - Run build in "C:\Users\flame\Documents\eclipseProjects\mediaLogic\SampleAPI":
2025-12-14 10:46:02,160 [Worker-38: Launching SampleAPI] INFO  o.e.m.i.launch.MavenLaunchDelegate -  mvn  -Ppom.xml -B -X -e -U -Dmaven.test.skip=true -DskipTests -Dstyle.color=always clean install
2025-12-14 10:46:54,236 [Worker-38: Updating Maven Project] INFO  o.e.m.c.i.p.ProjectConfigurationManager - Update started
2025-12-14 10:46:56,331 [Worker-38: Updating Maven Project] INFO  o.e.m.c.i.l.LifecycleMappingFactory - Using org.eclipse.m2e.jdt.JarLifecycleMapping lifecycle mapping for MavenProject: com.example:SampleAPI:0.0.1-SNAPSHOT @ C:\Users\flame\Documents\eclipseProjects\mediaLogic\SampleAPI\pom.xml.
2025-12-14 10:46:57,753 [Worker-38: Updating Maven Project] INFO  o.e.m.j.i.AbstractJavaProjectConfigurator - Adding source folder /SampleAPI/src/main/java
2025-12-14 10:46:57,755 [Worker-38: Updating Maven Project] INFO  o.e.m.j.i.AbstractJavaProjectConfigurator - Adding resource folder /SampleAPI/src/main/resources
2025-12-14 10:46:57,756 [Worker-38: Updating Maven Project] INFO  o.e.m.j.i.AbstractJavaProjectConfigurator - Adding resource folder /SampleAPI/src/main/resources
2025-12-14 10:46:57,757 [Worker-38: Updating Maven Project] INFO  o.e.m.j.i.AbstractJavaProjectConfigurator - Adding source folder /SampleAPI/src/test/java
2025-12-14 10:46:57,758 [Worker-38: Updating Maven Project] INFO  o.e.m.j.i.AbstractJavaProjectConfigurator - Adding resource folder /SampleAPI/src/test/resources
2025-12-14 10:46:58,316 [Worker-38: Updating Maven Project] INFO  o.e.m.c.i.p.ProjectConfigurationManager - Update completed for 1 poms: local refresh takes 0,00 sec, refresh facades takes 3,00 sec, update config takes 0,00 sec 
2025-12-14 10:46:58,676 [Worker-34: Building] INFO  o.a.m.s.f.DefaultMavenResourcesFiltering - Copying 1 resource from src\main\resources to target\classes
2025-12-14 10:46:58,694 [Worker-34: Building] INFO  o.a.m.s.f.DefaultMavenResourcesFiltering - Copying 0 resource from src\main\resources to target\classes
2025-12-14 10:46:58,701 [Worker-34: Building] INFO  o.a.m.s.f.DefaultMavenResourcesFiltering - skip non existing resourceDirectory C:\Users\flame\Documents\eclipseProjects\mediaLogic\SampleAPI\src\test\resources
2025-12-14 10:52:29,344 [Worker-41: Building] INFO  o.a.m.s.f.DefaultMavenResourcesFiltering - Copying 1 resource from src\main\resources to target\classes
2025-12-14 10:52:29,356 [Worker-41: Building] INFO  o.a.m.s.f.DefaultMavenResourcesFiltering - Copying 0 resource from src\main\resources to target\classes
2025-12-14 10:52:29,361 [Worker-41: Building] INFO  o.a.m.s.f.DefaultMavenResourcesFiltering - skip non existing resourceDirectory C:\Users\flame\Documents\eclipseProjects\mediaLogic\SampleAPI\src\test\resources
2025-12-14 10:52:36,463 [Worker-43: Building] INFO  o.a.m.s.f.DefaultMavenResourcesFiltering - Copying 1 resource from src\main\resources to target\classes
2025-12-14 10:52:36,469 [Worker-43: Building] INFO  o.a.m.s.f.DefaultMavenResourcesFiltering - Copying 0 resource from src\main\resources to target\classes
2025-12-14 10:52:36,474 [Worker-43: Building] INFO  o.a.m.s.f.DefaultMavenResourcesFiltering - skip non existing resourceDirectory C:\Users\flame\Documents\eclipseProjects\mediaLogic\SampleAPI\src\test\resources
2025-12-14 10:52:53,616 [Worker-40: Building] INFO  o.a.m.s.f.DefaultMavenResourcesFiltering - Copying 1 resource from src\main\resources to target\classes
2025-12-14 10:52:53,624 [Worker-40: Building] INFO  o.a.m.s.f.DefaultMavenResourcesFiltering - Copying 0 resource from src\main\resources to target\classes
2025-12-14 10:52:53,629 [Worker-40: Building] INFO  o.a.m.s.f.DefaultMavenResourcesFiltering - skip non existing resourceDirectory C:\Users\flame\Documents\eclipseProjects\mediaLogic\SampleAPI\src\test\resources
2025-12-14 10:52:56,448 [Worker-39: Building] INFO  o.a.m.s.f.DefaultMavenResourcesFiltering - Copying 1 resource from src\main\resources to target\classes
2025-12-14 10:52:56,455 [Worker-39: Building] INFO  o.a.m.s.f.DefaultMavenResourcesFiltering - Copying 0 resource from src\main\resources to target\classes
2025-12-14 10:52:56,461 [Worker-39: Building] INFO  o.a.m.s.f.DefaultMavenResourcesFiltering - skip non existing resourceDirectory C:\Users\flame\Documents\eclipseProjects\mediaLogic\SampleAPI\src\test\resources
2025-12-14 10:53:38,602 [Worker-43: Building] INFO  o.a.m.s.f.DefaultMavenResourcesFiltering - Copying 1 resource from src\main\resources to target\classes
2025-12-14 10:53:38,608 [Worker-43: Building] INFO  o.a.m.s.f.DefaultMavenResourcesFiltering - Copying 0 resource from src\main\resources to target\classes
2025-12-14 10:53:38,613 [Worker-43: Building] INFO  o.a.m.s.f.DefaultMavenResourcesFiltering - skip non existing resourceDirectory C:\Users\flame\Documents\eclipseProjects\mediaLogic\SampleAPI\src\test\resources
2025-12-14 10:53:41,033 [Worker-43: Building] INFO  o.a.m.s.f.DefaultMavenResourcesFiltering - Copying 1 resource from src\main\resources to target\classes
2025-12-14 10:53:41,038 [Worker-43: Building] INFO  o.a.m.s.f.DefaultMavenResourcesFiltering - Copying 0 resource from src\main\resources to target\classes
2025-12-14 10:53:41,042 [Worker-43: Building] INFO  o.a.m.s.f.DefaultMavenResourcesFiltering - skip non existing resourceDirectory C:\Users\flame\Documents\eclipseProjects\mediaLogic\SampleAPI\src\test\resources
2025-12-14 10:53:58,735 [Worker-39: Launching SampleAPI] INFO  o.eclipse.m2e.core.internal.Bundles - getClasspathEntries(Bundle=org.eclipse.m2e.maven.runtime_3.9.900.20240824-1409 [642])
2025-12-14 10:53:58,736 [Worker-39: Launching SampleAPI] INFO  o.eclipse.m2e.core.internal.Bundles - 	Entry: C:\Users\flame\.p2\pool\plugins\org.eclipse.m2e.maven.runtime_3.9.900.20240824-1409
2025-12-14 10:53:58,736 [Worker-39: Launching SampleAPI] INFO  o.eclipse.m2e.core.internal.Bundles - 	Entry: C:\Users\flame\.p2\pool\plugins\org.eclipse.m2e.maven.runtime_3.9.900.20240824-1409\jars\aopalliance-1.0.jar
2025-12-14 10:53:58,736 [Worker-39: Launching SampleAPI] INFO  o.eclipse.m2e.core.internal.Bundles - 	Entry: C:\Users\flame\.p2\pool\plugins\org.eclipse.m2e.maven.runtime_3.9.900.20240824-1409\jars\guice-5.1.0.jar
2025-12-14 10:53:58,737 [Worker-39: Launching SampleAPI] INFO  o.eclipse.m2e.core.internal.Bundles - 	Entry: C:\Users\flame\.p2\pool\plugins\org.eclipse.m2e.maven.runtime_3.9.900.20240824-1409\jars\httpclient-4.5.14.jar
2025-12-14 10:53:58,737 [Worker-39: Launching SampleAPI] INFO  o.eclipse.m2e.core.internal.Bundles - 	Entry: C:\Users\flame\.p2\pool\plugins\org.eclipse.m2e.maven.runtime_3.9.900.20240824-1409\jars\httpcore-4.4.16.jar
2025-12-14 10:53:58,737 [Worker-39: Launching SampleAPI] INFO  o.eclipse.m2e.core.internal.Bundles - 	Entry: C:\Users\flame\.p2\pool\plugins\org.eclipse.m2e.maven.runtime_3.9.900.20240824-1409\jars\jansi-2.4.1.jar
2025-12-14 10:53:58,738 [Worker-39: Launching SampleAPI] INFO  o.eclipse.m2e.core.internal.Bundles - 	Entry: C:\Users\flame\.p2\pool\plugins\org.eclipse.m2e.maven.runtime_3.9.900.20240824-1409\jars\jcl-over-slf4j-1.7.36.jar
2025-12-14 10:53:58,738 [Worker-39: Launching SampleAPI] INFO  o.eclipse.m2e.core.internal.Bundles - 	Entry: C:\Users\flame\.p2\pool\plugins\org.eclipse.m2e.maven.runtime_3.9.900.20240824-1409\jars\maven-artifact-3.9.9.jar
2025-12-14 10:53:58,738 [Worker-39: Launching SampleAPI] INFO  o.eclipse.m2e.core.internal.Bundles - 	Entry: C:\Users\flame\.p2\pool\plugins\org.eclipse.m2e.maven.runtime_3.9.900.20240824-1409\jars\maven-builder-support-3.9.9.jar
2025-12-14 10:53:58,738 [Worker-39: Launching SampleAPI] INFO  o.eclipse.m2e.core.internal.Bundles - 	Entry: C:\Users\flame\.p2\pool\plugins\org.eclipse.m2e.maven.runtime_3.9.900.20240824-1409\jars\maven-compat-3.9.9.jar
2025-12-14 10:53:58,739 [Worker-39: Launching SampleAPI] INFO  o.eclipse.m2e.core.internal.Bundles - 	Entry: C:\Users\flame\.p2\pool\plugins\org.eclipse.m2e.maven.runtime_3.9.900.20240824-1409\jars\maven-core-3.9.9.jar
2025-12-14 10:53:58,739 [Worker-39: Launching SampleAPI] INFO  o.eclipse.m2e.core.internal.Bundles - 	Entry: C:\Users\flame\.p2\pool\plugins\org.eclipse.m2e.maven.runtime_3.9.900.20240824-1409\jars\maven-embedder-3.9.9.jar
2025-12-14 10:53:58,739 [Worker-39: Launching SampleAPI] INFO  o.eclipse.m2e.core.internal.Bundles - 	Entry: C:\Users\flame\.p2\pool\plugins\org.eclipse.m2e.maven.runtime_3.9.900.20240824-1409\jars\maven-model-3.9.9.jar
2025-12-14 10:53:58,739 [Worker-39: Launching SampleAPI] INFO  o.eclipse.m2e.core.internal.Bundles - 	Entry: C:\Users\flame\.p2\pool\plugins\org.eclipse.m2e.maven.runtime_3.9.900.20240824-1409\jars\maven-model-builder-3.9.9.jar
2025-12-14 10:53:58,740 [Worker-39: Launching SampleAPI] INFO  o.eclipse.m2e.core.internal.Bundles - 	Entry: C:\Users\flame\.p2\pool\plugins\org.eclipse.m2e.maven.runtime_3.9.900.20240824-1409\jars\maven-plugin-api-3.9.9.jar
2025-12-14 10:53:58,740 [Worker-39: Launching SampleAPI] INFO  o.eclipse.m2e.core.internal.Bundles - 	Entry: C:\Users\flame\.p2\pool\plugins\org.eclipse.m2e.maven.runtime_3.9.900.20240824-1409\jars\maven-repository-metadata-3.9.9.jar
2025-12-14 10:53:58,741 [Worker-39: Launching SampleAPI] INFO  o.eclipse.m2e.core.internal.Bundles - 	Entry: C:\Users\flame\.p2\pool\plugins\org.eclipse.m2e.maven.runtime_3.9.900.20240824-1409\jars\maven-resolver-api-1.9.22.jar
2025-12-14 10:53:58,741 [Worker-39: Launching SampleAPI] INFO  o.eclipse.m2e.core.internal.Bundles - 	Entry: C:\Users\flame\.p2\pool\plugins\org.eclipse.m2e.maven.runtime_3.9.900.20240824-1409\jars\maven-resolver-connector-basic-1.9.22.jar
2025-12-14 10:53:58,741 [Worker-39: Launching SampleAPI] INFO  o.eclipse.m2e.core.internal.Bundles - 	Entry: C:\Users\flame\.p2\pool\plugins\org.eclipse.m2e.maven.runtime_3.9.900.20240824-1409\jars\maven-resolver-impl-1.9.22.jar
2025-12-14 10:53:58,742 [Worker-39: Launching SampleAPI] INFO  o.eclipse.m2e.core.internal.Bundles - 	Entry: C:\Users\flame\.p2\pool\plugins\org.eclipse.m2e.maven.runtime_3.9.900.20240824-1409\jars\maven-resolver-named-locks-1.9.22.jar
2025-12-14 10:53:58,742 [Worker-39: Launching SampleAPI] INFO  o.eclipse.m2e.core.internal.Bundles - 	Entry: C:\Users\flame\.p2\pool\plugins\org.eclipse.m2e.maven.runtime_3.9.900.20240824-1409\jars\maven-resolver-provider-3.9.9.jar
2025-12-14 10:53:58,742 [Worker-39: Launching SampleAPI] INFO  o.eclipse.m2e.core.internal.Bundles - 	Entry: C:\Users\flame\.p2\pool\plugins\org.eclipse.m2e.maven.runtime_3.9.900.20240824-1409\jars\maven-resolver-spi-1.9.22.jar
2025-12-14 10:53:58,742 [Worker-39: Launching SampleAPI] INFO  o.eclipse.m2e.core.internal.Bundles - 	Entry: C:\Users\flame\.p2\pool\plugins\org.eclipse.m2e.maven.runtime_3.9.900.20240824-1409\jars\maven-resolver-transport-file-1.9.22.jar
2025-12-14 10:53:58,742 [Worker-39: Launching SampleAPI] INFO  o.eclipse.m2e.core.internal.Bundles - 	Entry: C:\Users\flame\.p2\pool\plugins\org.eclipse.m2e.maven.runtime_3.9.900.20240824-1409\jars\maven-resolver-transport-http-1.9.22.jar
2025-12-14 10:53:58,742 [Worker-39: Launching SampleAPI] INFO  o.eclipse.m2e.core.internal.Bundles - 	Entry: C:\Users\flame\.p2\pool\plugins\org.eclipse.m2e.maven.runtime_3.9.900.20240824-1409\jars\maven-resolver-transport-wagon-1.9.22.jar
2025-12-14 10:53:58,742 [Worker-39: Launching SampleAPI] INFO  o.eclipse.m2e.core.internal.Bundles - 	Entry: C:\Users\flame\.p2\pool\plugins\org.eclipse.m2e.maven.runtime_3.9.900.20240824-1409\jars\maven-resolver-util-1.9.22.jar
2025-12-14 10:53:58,743 [Worker-39: Launching SampleAPI] INFO  o.eclipse.m2e.core.internal.Bundles - 	Entry: C:\Users\flame\.p2\pool\plugins\org.eclipse.m2e.maven.runtime_3.9.900.20240824-1409\jars\maven-settings-3.9.9.jar
2025-12-14 10:53:58,743 [Worker-39: Launching SampleAPI] INFO  o.eclipse.m2e.core.internal.Bundles - 	Entry: C:\Users\flame\.p2\pool\plugins\org.eclipse.m2e.maven.runtime_3.9.900.20240824-1409\jars\maven-settings-builder-3.9.9.jar
2025-12-14 10:53:58,744 [Worker-39: Launching SampleAPI] INFO  o.eclipse.m2e.core.internal.Bundles - 	Entry: C:\Users\flame\.p2\pool\plugins\org.eclipse.m2e.maven.runtime_3.9.900.20240824-1409\jars\maven-shared-utils-3.4.2.jar
2025-12-14 10:53:58,744 [Worker-39: Launching SampleAPI] INFO  o.eclipse.m2e.core.internal.Bundles - 	Entry: C:\Users\flame\.p2\pool\plugins\org.eclipse.m2e.maven.runtime_3.9.900.20240824-1409\jars\org.eclipse.sisu.inject-0.9.0.M3.jar
2025-12-14 10:53:58,744 [Worker-39: Launching SampleAPI] INFO  o.eclipse.m2e.core.internal.Bundles - 	Entry: C:\Users\flame\.p2\pool\plugins\org.eclipse.m2e.maven.runtime_3.9.900.20240824-1409\jars\org.eclipse.sisu.plexus-0.9.0.M3.jar
2025-12-14 10:53:58,745 [Worker-39: Launching SampleAPI] INFO  o.eclipse.m2e.core.internal.Bundles - 	Entry: C:\Users\flame\.p2\pool\plugins\org.eclipse.m2e.maven.runtime_3.9.900.20240824-1409\jars\plexus-build-api-0.0.7.jar
2025-12-14 10:53:58,745 [Worker-39: Launching SampleAPI] INFO  o.eclipse.m2e.core.internal.Bundles - 	Entry: C:\Users\flame\.p2\pool\plugins\org.eclipse.m2e.maven.runtime_3.9.900.20240824-1409\jars\plexus-build-api-1.2.0.jar
2025-12-14 10:53:58,745 [Worker-39: Launching SampleAPI] INFO  o.eclipse.m2e.core.internal.Bundles - 	Entry: C:\Users\flame\.p2\pool\plugins\org.eclipse.m2e.maven.runtime_3.9.900.20240824-1409\jars\plexus-cipher-2.0.jar
2025-12-14 10:53:58,745 [Worker-39: Launching SampleAPI] INFO  o.eclipse.m2e.core.internal.Bundles - 	Entry: C:\Users\flame\.p2\pool\plugins\org.eclipse.m2e.maven.runtime_3.9.900.20240824-1409\jars\plexus-classworlds-2.8.0.jar
2025-12-14 10:53:58,745 [Worker-39: Launching SampleAPI] INFO  o.eclipse.m2e.core.internal.Bundles - 	Entry: C:\Users\flame\.p2\pool\plugins\org.eclipse.m2e.maven.runtime_3.9.900.20240824-1409\jars\plexus-component-annotations-2.1.0.jar
2025-12-14 10:53:58,745 [Worker-39: Launching SampleAPI] INFO  o.eclipse.m2e.core.internal.Bundles - 	Entry: C:\Users\flame\.p2\pool\plugins\org.eclipse.m2e.maven.runtime_3.9.900.20240824-1409\jars\plexus-interpolation-1.27.jar
2025-12-14 10:53:58,745 [Worker-39: Launching SampleAPI] INFO  o.eclipse.m2e.core.internal.Bundles - 	Entry: C:\Users\flame\.p2\pool\plugins\org.eclipse.m2e.maven.runtime_3.9.900.20240824-1409\jars\plexus-sec-dispatcher-2.0.jar
2025-12-14 10:53:58,746 [Worker-39: Launching SampleAPI] INFO  o.eclipse.m2e.core.internal.Bundles - 	Entry: C:\Users\flame\.p2\pool\plugins\org.eclipse.m2e.maven.runtime_3.9.900.20240824-1409\jars\plexus-utils-3.5.1.jar
2025-12-14 10:53:58,746 [Worker-39: Launching SampleAPI] INFO  o.eclipse.m2e.core.internal.Bundles - 	Entry: C:\Users\flame\.p2\pool\plugins\org.eclipse.m2e.maven.runtime_3.9.900.20240824-1409\jars\plexus-xml-3.0.1.jar
2025-12-14 10:53:58,746 [Worker-39: Launching SampleAPI] INFO  o.eclipse.m2e.core.internal.Bundles - 	Entry: C:\Users\flame\.p2\pool\plugins\org.eclipse.m2e.maven.runtime_3.9.900.20240824-1409\jars\wagon-file-3.5.3.jar
2025-12-14 10:53:58,746 [Worker-39: Launching SampleAPI] INFO  o.eclipse.m2e.core.internal.Bundles - 	Entry: C:\Users\flame\.p2\pool\plugins\org.eclipse.m2e.maven.runtime_3.9.900.20240824-1409\jars\wagon-http-3.5.3.jar
2025-12-14 10:53:58,746 [Worker-39: Launching SampleAPI] INFO  o.eclipse.m2e.core.internal.Bundles - 	Entry: C:\Users\flame\.p2\pool\plugins\org.eclipse.m2e.maven.runtime_3.9.900.20240824-1409\jars\wagon-http-shared-3.5.3.jar
2025-12-14 10:53:58,746 [Worker-39: Launching SampleAPI] INFO  o.eclipse.m2e.core.internal.Bundles - 	Entry: C:\Users\flame\.p2\pool\plugins\org.eclipse.m2e.maven.runtime_3.9.900.20240824-1409\jars\wagon-provider-api-3.5.3.jar
2025-12-14 10:53:58,747 [Worker-39: Launching SampleAPI] INFO  o.eclipse.m2e.core.internal.Bundles - getClasspathEntries(Bundle=com.google.guava_33.3.1.jre [1028])
2025-12-14 10:53:58,747 [Worker-39: Launching SampleAPI] INFO  o.eclipse.m2e.core.internal.Bundles - 	Entry: C:\Users\flame\.p2\pool\plugins\com.google.guava_33.3.1.jre.jar
2025-12-14 10:53:58,748 [Worker-39: Launching SampleAPI] INFO  o.eclipse.m2e.core.internal.Bundles - getClasspathEntries(Bundle=slf4j.api_2.0.17 [1152])
2025-12-14 10:53:58,748 [Worker-39: Launching SampleAPI] INFO  o.eclipse.m2e.core.internal.Bundles - 	Entry: C:\Users\flame\.p2\pool\plugins\slf4j.api_2.0.17.jar
2025-12-14 10:53:58,748 [Worker-39: Launching SampleAPI] INFO  o.eclipse.m2e.core.internal.Bundles - getClasspathEntries(Bundle=jakarta.inject.jakarta.inject-api_1.0.5 [34])
2025-12-14 10:53:58,749 [Worker-39: Launching SampleAPI] INFO  o.eclipse.m2e.core.internal.Bundles - 	Entry: C:\Users\flame\.p2\pool\plugins\jakarta.inject.jakarta.inject-api_1.0.5.jar
2025-12-14 10:53:58,749 [Worker-39: Launching SampleAPI] INFO  o.eclipse.m2e.core.internal.Bundles - getClasspathEntries(Bundle=jakarta.annotation-api_1.3.5 [29])
2025-12-14 10:53:58,749 [Worker-39: Launching SampleAPI] INFO  o.eclipse.m2e.core.internal.Bundles - 	Entry: C:\Users\flame\.p2\pool\plugins\jakarta.annotation-api_1.3.5.jar
2025-12-14 10:53:58,749 [Worker-39: Launching SampleAPI] INFO  o.eclipse.m2e.core.internal.Bundles - getClasspathEntries(Bundle=org.apache.commons.cli_1.9.0 [78])
2025-12-14 10:53:58,750 [Worker-39: Launching SampleAPI] INFO  o.eclipse.m2e.core.internal.Bundles - 	Entry: C:\Users\flame\.p2\pool\plugins\org.apache.commons.cli_1.9.0.jar
2025-12-14 10:53:58,750 [Worker-39: Launching SampleAPI] INFO  o.eclipse.m2e.core.internal.Bundles - getClasspathEntries(Bundle=org.apache.commons.commons-codec_1.16.0 [81])
2025-12-14 10:53:58,750 [Worker-39: Launching SampleAPI] INFO  o.eclipse.m2e.core.internal.Bundles - 	Entry: C:\Users\flame\.p2\pool\plugins\org.apache.commons.commons-codec_1.16.0.jar
2025-12-14 10:53:58,750 [Worker-39: Launching SampleAPI] INFO  o.eclipse.m2e.core.internal.Bundles - getClasspathEntries(Bundle=com.google.guava.failureaccess_1.0.2 [17])
2025-12-14 10:53:58,751 [Worker-39: Launching SampleAPI] INFO  o.eclipse.m2e.core.internal.Bundles - 	Entry: C:\Users\flame\.p2\pool\plugins\com.google.guava.failureaccess_1.0.2.jar
2025-12-14 10:53:58,751 [Worker-39: Launching SampleAPI] INFO  o.eclipse.m2e.core.internal.Bundles - getClasspathEntries(Bundle=org.eclipse.m2e.workspace.cli_0.3.1 [654])
2025-12-14 10:53:58,751 [Worker-39: Launching SampleAPI] INFO  o.eclipse.m2e.core.internal.Bundles - 	Entry: C:\Users\flame\.p2\pool\plugins\org.eclipse.m2e.workspace.cli_0.3.1.jar
2025-12-14 10:53:58,754 [Worker-39: Launching SampleAPI] INFO  o.e.m.i.launch.MavenLaunchDelegate - Run build in "C:\Users\flame\Documents\eclipseProjects\mediaLogic\SampleAPI":
2025-12-14 10:53:58,754 [Worker-39: Launching SampleAPI] INFO  o.e.m.i.launch.MavenLaunchDelegate -  mvn  -Ppom.xml -B -X -e -U -Dmaven.test.skip=true -DskipTests -Dstyle.color=always clean install
2025-12-14 10:54:56,357 [Worker-41: Building] INFO  o.a.m.s.f.DefaultMavenResourcesFiltering - Copying 1 resource from src\main\resources to target\classes
2025-12-14 10:54:56,365 [Worker-41: Building] INFO  o.a.m.s.f.DefaultMavenResourcesFiltering - Copying 0 resource from src\main\resources to target\classes
2025-12-14 10:54:56,369 [Worker-41: Building] INFO  o.a.m.s.f.DefaultMavenResourcesFiltering - skip non existing resourceDirectory C:\Users\flame\Documents\eclipseProjects\mediaLogic\SampleAPI\src\test\resources
2025-12-14 11:06:30,423 [Worker-51: Building] INFO  o.a.m.s.f.DefaultMavenResourcesFiltering - Copying 1 resource from src\main\resources to target\classes
2025-12-14 11:06:30,430 [Worker-51: Building] INFO  o.a.m.s.f.DefaultMavenResourcesFiltering - Copying 0 resource from src\main\resources to target\classes
2025-12-14 11:06:30,434 [Worker-51: Building] INFO  o.a.m.s.f.DefaultMavenResourcesFiltering - skip non existing resourceDirectory C:\Users\flame\Documents\eclipseProjects\mediaLogic\SampleAPI\src\test\resources
2025-12-14 11:07:00,098 [Worker-52: Launching SampleAPI] INFO  o.eclipse.m2e.core.internal.Bundles - getClasspathEntries(Bundle=org.eclipse.m2e.maven.runtime_3.9.900.20240824-1409 [642])
2025-12-14 11:07:00,099 [Worker-52: Launching SampleAPI] INFO  o.eclipse.m2e.core.internal.Bundles - 	Entry: C:\Users\flame\.p2\pool\plugins\org.eclipse.m2e.maven.runtime_3.9.900.20240824-1409
2025-12-14 11:07:00,099 [Worker-52: Launching SampleAPI] INFO  o.eclipse.m2e.core.internal.Bundles - 	Entry: C:\Users\flame\.p2\pool\plugins\org.eclipse.m2e.maven.runtime_3.9.900.20240824-1409\jars\aopalliance-1.0.jar
2025-12-14 11:07:00,099 [Worker-52: Launching SampleAPI] INFO  o.eclipse.m2e.core.internal.Bundles - 	Entry: C:\Users\flame\.p2\pool\plugins\org.eclipse.m2e.maven.runtime_3.9.900.20240824-1409\jars\guice-5.1.0.jar
2025-12-14 11:07:00,100 [Worker-52: Launching SampleAPI] INFO  o.eclipse.m2e.core.internal.Bundles - 	Entry: C:\Users\flame\.p2\pool\plugins\org.eclipse.m2e.maven.runtime_3.9.900.20240824-1409\jars\httpclient-4.5.14.jar
2025-12-14 11:07:00,100 [Worker-52: Launching SampleAPI] INFO  o.eclipse.m2e.core.internal.Bundles - 	Entry: C:\Users\flame\.p2\pool\plugins\org.eclipse.m2e.maven.runtime_3.9.900.20240824-1409\jars\httpcore-4.4.16.jar
2025-12-14 11:07:00,100 [Worker-52: Launching SampleAPI] INFO  o.eclipse.m2e.core.internal.Bundles - 	Entry: C:\Users\flame\.p2\pool\plugins\org.eclipse.m2e.maven.runtime_3.9.900.20240824-1409\jars\jansi-2.4.1.jar
2025-12-14 11:07:00,100 [Worker-52: Launching SampleAPI] INFO  o.eclipse.m2e.core.internal.Bundles - 	Entry: C:\Users\flame\.p2\pool\plugins\org.eclipse.m2e.maven.runtime_3.9.900.20240824-1409\jars\jcl-over-slf4j-1.7.36.jar
2025-12-14 11:07:00,100 [Worker-52: Launching SampleAPI] INFO  o.eclipse.m2e.core.internal.Bundles - 	Entry: C:\Users\flame\.p2\pool\plugins\org.eclipse.m2e.maven.runtime_3.9.900.20240824-1409\jars\maven-artifact-3.9.9.jar
2025-12-14 11:07:00,100 [Worker-52: Launching SampleAPI] INFO  o.eclipse.m2e.core.internal.Bundles - 	Entry: C:\Users\flame\.p2\pool\plugins\org.eclipse.m2e.maven.runtime_3.9.900.20240824-1409\jars\maven-builder-support-3.9.9.jar
2025-12-14 11:07:00,101 [Worker-52: Launching SampleAPI] INFO  o.eclipse.m2e.core.internal.Bundles - 	Entry: C:\Users\flame\.p2\pool\plugins\org.eclipse.m2e.maven.runtime_3.9.900.20240824-1409\jars\maven-compat-3.9.9.jar
2025-12-14 11:07:00,101 [Worker-52: Launching SampleAPI] INFO  o.eclipse.m2e.core.internal.Bundles - 	Entry: C:\Users\flame\.p2\pool\plugins\org.eclipse.m2e.maven.runtime_3.9.900.20240824-1409\jars\maven-core-3.9.9.jar
2025-12-14 11:07:00,101 [Worker-52: Launching SampleAPI] INFO  o.eclipse.m2e.core.internal.Bundles - 	Entry: C:\Users\flame\.p2\pool\plugins\org.eclipse.m2e.maven.runtime_3.9.900.20240824-1409\jars\maven-embedder-3.9.9.jar
2025-12-14 11:07:00,101 [Worker-52: Launching SampleAPI] INFO  o.eclipse.m2e.core.internal.Bundles - 	Entry: C:\Users\flame\.p2\pool\plugins\org.eclipse.m2e.maven.runtime_3.9.900.20240824-1409\jars\maven-model-3.9.9.jar
2025-12-14 11:07:00,101 [Worker-52: Launching SampleAPI] INFO  o.eclipse.m2e.core.internal.Bundles - 	Entry: C:\Users\flame\.p2\pool\plugins\org.eclipse.m2e.maven.runtime_3.9.900.20240824-1409\jars\maven-model-builder-3.9.9.jar
2025-12-14 11:07:00,101 [Worker-52: Launching SampleAPI] INFO  o.eclipse.m2e.core.internal.Bundles - 	Entry: C:\Users\flame\.p2\pool\plugins\org.eclipse.m2e.maven.runtime_3.9.900.20240824-1409\jars\maven-plugin-api-3.9.9.jar
2025-12-14 11:07:00,101 [Worker-52: Launching SampleAPI] INFO  o.eclipse.m2e.core.internal.Bundles - 	Entry: C:\Users\flame\.p2\pool\plugins\org.eclipse.m2e.maven.runtime_3.9.900.20240824-1409\jars\maven-repository-metadata-3.9.9.jar
2025-12-14 11:07:00,102 [Worker-52: Launching SampleAPI] INFO  o.eclipse.m2e.core.internal.Bundles - 	Entry: C:\Users\flame\.p2\pool\plugins\org.eclipse.m2e.maven.runtime_3.9.900.20240824-1409\jars\maven-resolver-api-1.9.22.jar
2025-12-14 11:07:00,102 [Worker-52: Launching SampleAPI] INFO  o.eclipse.m2e.core.internal.Bundles - 	Entry: C:\Users\flame\.p2\pool\plugins\org.eclipse.m2e.maven.runtime_3.9.900.20240824-1409\jars\maven-resolver-connector-basic-1.9.22.jar
2025-12-14 11:07:00,102 [Worker-52: Launching SampleAPI] INFO  o.eclipse.m2e.core.internal.Bundles - 	Entry: C:\Users\flame\.p2\pool\plugins\org.eclipse.m2e.maven.runtime_3.9.900.20240824-1409\jars\maven-resolver-impl-1.9.22.jar
2025-12-14 11:07:00,102 [Worker-52: Launching SampleAPI] INFO  o.eclipse.m2e.core.internal.Bundles - 	Entry: C:\Users\flame\.p2\pool\plugins\org.eclipse.m2e.maven.runtime_3.9.900.20240824-1409\jars\maven-resolver-named-locks-1.9.22.jar
2025-12-14 11:07:00,102 [Worker-52: Launching SampleAPI] INFO  o.eclipse.m2e.core.internal.Bundles - 	Entry: C:\Users\flame\.p2\pool\plugins\org.eclipse.m2e.maven.runtime_3.9.900.20240824-1409\jars\maven-resolver-provider-3.9.9.jar
2025-12-14 11:07:00,102 [Worker-52: Launching SampleAPI] INFO  o.eclipse.m2e.core.internal.Bundles - 	Entry: C:\Users\flame\.p2\pool\plugins\org.eclipse.m2e.maven.runtime_3.9.900.20240824-1409\jars\maven-resolver-spi-1.9.22.jar
2025-12-14 11:07:00,102 [Worker-52: Launching SampleAPI] INFO  o.eclipse.m2e.core.internal.Bundles - 	Entry: C:\Users\flame\.p2\pool\plugins\org.eclipse.m2e.maven.runtime_3.9.900.20240824-1409\jars\maven-resolver-transport-file-1.9.22.jar
2025-12-14 11:07:00,102 [Worker-52: Launching SampleAPI] INFO  o.eclipse.m2e.core.internal.Bundles - 	Entry: C:\Users\flame\.p2\pool\plugins\org.eclipse.m2e.maven.runtime_3.9.900.20240824-1409\jars\maven-resolver-transport-http-1.9.22.jar
2025-12-14 11:07:00,103 [Worker-52: Launching SampleAPI] INFO  o.eclipse.m2e.core.internal.Bundles - 	Entry: C:\Users\flame\.p2\pool\plugins\org.eclipse.m2e.maven.runtime_3.9.900.20240824-1409\jars\maven-resolver-transport-wagon-1.9.22.jar
2025-12-14 11:07:00,103 [Worker-52: Launching SampleAPI] INFO  o.eclipse.m2e.core.internal.Bundles - 	Entry: C:\Users\flame\.p2\pool\plugins\org.eclipse.m2e.maven.runtime_3.9.900.20240824-1409\jars\maven-resolver-util-1.9.22.jar
2025-12-14 11:07:00,103 [Worker-52: Launching SampleAPI] INFO  o.eclipse.m2e.core.internal.Bundles - 	Entry: C:\Users\flame\.p2\pool\plugins\org.eclipse.m2e.maven.runtime_3.9.900.20240824-1409\jars\maven-settings-3.9.9.jar
2025-12-14 11:07:00,103 [Worker-52: Launching SampleAPI] INFO  o.eclipse.m2e.core.internal.Bundles - 	Entry: C:\Users\flame\.p2\pool\plugins\org.eclipse.m2e.maven.runtime_3.9.900.20240824-1409\jars\maven-settings-builder-3.9.9.jar
2025-12-14 11:07:00,103 [Worker-52: Launching SampleAPI] INFO  o.eclipse.m2e.core.internal.Bundles - 	Entry: C:\Users\flame\.p2\pool\plugins\org.eclipse.m2e.maven.runtime_3.9.900.20240824-1409\jars\maven-shared-utils-3.4.2.jar
2025-12-14 11:07:00,103 [Worker-52: Launching SampleAPI] INFO  o.eclipse.m2e.core.internal.Bundles - 	Entry: C:\Users\flame\.p2\pool\plugins\org.eclipse.m2e.maven.runtime_3.9.900.20240824-1409\jars\org.eclipse.sisu.inject-0.9.0.M3.jar
2025-12-14 11:07:00,103 [Worker-52: Launching SampleAPI] INFO  o.eclipse.m2e.core.internal.Bundles - 	Entry: C:\Users\flame\.p2\pool\plugins\org.eclipse.m2e.maven.runtime_3.9.900.20240824-1409\jars\org.eclipse.sisu.plexus-0.9.0.M3.jar
2025-12-14 11:07:00,103 [Worker-52: Launching SampleAPI] INFO  o.eclipse.m2e.core.internal.Bundles - 	Entry: C:\Users\flame\.p2\pool\plugins\org.eclipse.m2e.maven.runtime_3.9.900.20240824-1409\jars\plexus-build-api-0.0.7.jar
2025-12-14 11:07:00,104 [Worker-52: Launching SampleAPI] INFO  o.eclipse.m2e.core.internal.Bundles - 	Entry: C:\Users\flame\.p2\pool\plugins\org.eclipse.m2e.maven.runtime_3.9.900.20240824-1409\jars\plexus-build-api-1.2.0.jar
2025-12-14 11:07:00,104 [Worker-52: Launching SampleAPI] INFO  o.eclipse.m2e.core.internal.Bundles - 	Entry: C:\Users\flame\.p2\pool\plugins\org.eclipse.m2e.maven.runtime_3.9.900.20240824-1409\jars\plexus-cipher-2.0.jar
2025-12-14 11:07:00,104 [Worker-52: Launching SampleAPI] INFO  o.eclipse.m2e.core.internal.Bundles - 	Entry: C:\Users\flame\.p2\pool\plugins\org.eclipse.m2e.maven.runtime_3.9.900.20240824-1409\jars\plexus-classworlds-2.8.0.jar
2025-12-14 11:07:00,104 [Worker-52: Launching SampleAPI] INFO  o.eclipse.m2e.core.internal.Bundles - 	Entry: C:\Users\flame\.p2\pool\plugins\org.eclipse.m2e.maven.runtime_3.9.900.20240824-1409\jars\plexus-component-annotations-2.1.0.jar
2025-12-14 11:07:00,104 [Worker-52: Launching SampleAPI] INFO  o.eclipse.m2e.core.internal.Bundles - 	Entry: C:\Users\flame\.p2\pool\plugins\org.eclipse.m2e.maven.runtime_3.9.900.20240824-1409\jars\plexus-interpolation-1.27.jar
2025-12-14 11:07:00,104 [Worker-52: Launching SampleAPI] INFO  o.eclipse.m2e.core.internal.Bundles - 	Entry: C:\Users\flame\.p2\pool\plugins\org.eclipse.m2e.maven.runtime_3.9.900.20240824-1409\jars\plexus-sec-dispatcher-2.0.jar
2025-12-14 11:07:00,105 [Worker-52: Launching SampleAPI] INFO  o.eclipse.m2e.core.internal.Bundles - 	Entry: C:\Users\flame\.p2\pool\plugins\org.eclipse.m2e.maven.runtime_3.9.900.20240824-1409\jars\plexus-utils-3.5.1.jar
2025-12-14 11:07:00,105 [Worker-52: Launching SampleAPI] INFO  o.eclipse.m2e.core.internal.Bundles - 	Entry: C:\Users\flame\.p2\pool\plugins\org.eclipse.m2e.maven.runtime_3.9.900.20240824-1409\jars\plexus-xml-3.0.1.jar
2025-12-14 11:07:00,105 [Worker-52: Launching SampleAPI] INFO  o.eclipse.m2e.core.internal.Bundles - 	Entry: C:\Users\flame\.p2\pool\plugins\org.eclipse.m2e.maven.runtime_3.9.900.20240824-1409\jars\wagon-file-3.5.3.jar
2025-12-14 11:07:00,105 [Worker-52: Launching SampleAPI] INFO  o.eclipse.m2e.core.internal.Bundles - 	Entry: C:\Users\flame\.p2\pool\plugins\org.eclipse.m2e.maven.runtime_3.9.900.20240824-1409\jars\wagon-http-3.5.3.jar
2025-12-14 11:07:00,105 [Worker-52: Launching SampleAPI] INFO  o.eclipse.m2e.core.internal.Bundles - 	Entry: C:\Users\flame\.p2\pool\plugins\org.eclipse.m2e.maven.runtime_3.9.900.20240824-1409\jars\wagon-http-shared-3.5.3.jar
2025-12-14 11:07:00,105 [Worker-52: Launching SampleAPI] INFO  o.eclipse.m2e.core.internal.Bundles - 	Entry: C:\Users\flame\.p2\pool\plugins\org.eclipse.m2e.maven.runtime_3.9.900.20240824-1409\jars\wagon-provider-api-3.5.3.jar
2025-12-14 11:07:00,105 [Worker-52: Launching SampleAPI] INFO  o.eclipse.m2e.core.internal.Bundles - getClasspathEntries(Bundle=com.google.guava_33.3.1.jre [1028])
2025-12-14 11:07:00,106 [Worker-52: Launching SampleAPI] INFO  o.eclipse.m2e.core.internal.Bundles - 	Entry: C:\Users\flame\.p2\pool\plugins\com.google.guava_33.3.1.jre.jar
2025-12-14 11:07:00,106 [Worker-52: Launching SampleAPI] INFO  o.eclipse.m2e.core.internal.Bundles - getClasspathEntries(Bundle=slf4j.api_2.0.17 [1152])
2025-12-14 11:07:00,106 [Worker-52: Launching SampleAPI] INFO  o.eclipse.m2e.core.internal.Bundles - 	Entry: C:\Users\flame\.p2\pool\plugins\slf4j.api_2.0.17.jar
2025-12-14 11:07:00,107 [Worker-52: Launching SampleAPI] INFO  o.eclipse.m2e.core.internal.Bundles - getClasspathEntries(Bundle=jakarta.inject.jakarta.inject-api_1.0.5 [34])
2025-12-14 11:07:00,107 [Worker-52: Launching SampleAPI] INFO  o.eclipse.m2e.core.internal.Bundles - 	Entry: C:\Users\flame\.p2\pool\plugins\jakarta.inject.jakarta.inject-api_1.0.5.jar
2025-12-14 11:07:00,107 [Worker-52: Launching SampleAPI] INFO  o.eclipse.m2e.core.internal.Bundles - getClasspathEntries(Bundle=jakarta.annotation-api_1.3.5 [29])
2025-12-14 11:07:00,108 [Worker-52: Launching SampleAPI] INFO  o.eclipse.m2e.core.internal.Bundles - 	Entry: C:\Users\flame\.p2\pool\plugins\jakarta.annotation-api_1.3.5.jar
2025-12-14 11:07:00,108 [Worker-52: Launching SampleAPI] INFO  o.eclipse.m2e.core.internal.Bundles - getClasspathEntries(Bundle=org.apache.commons.cli_1.9.0 [78])
2025-12-14 11:07:00,108 [Worker-52: Launching SampleAPI] INFO  o.eclipse.m2e.core.internal.Bundles - 	Entry: C:\Users\flame\.p2\pool\plugins\org.apache.commons.cli_1.9.0.jar
2025-12-14 11:07:00,108 [Worker-52: Launching SampleAPI] INFO  o.eclipse.m2e.core.internal.Bundles - getClasspathEntries(Bundle=org.apache.commons.commons-codec_1.16.0 [81])
2025-12-14 11:07:00,109 [Worker-52: Launching SampleAPI] INFO  o.eclipse.m2e.core.internal.Bundles - 	Entry: C:\Users\flame\.p2\pool\plugins\org.apache.commons.commons-codec_1.16.0.jar
2025-12-14 11:07:00,109 [Worker-52: Launching SampleAPI] INFO  o.eclipse.m2e.core.internal.Bundles - getClasspathEntries(Bundle=com.google.guava.failureaccess_1.0.2 [17])
2025-12-14 11:07:00,109 [Worker-52: Launching SampleAPI] INFO  o.eclipse.m2e.core.internal.Bundles - 	Entry: C:\Users\flame\.p2\pool\plugins\com.google.guava.failureaccess_1.0.2.jar
2025-12-14 11:07:00,109 [Worker-52: Launching SampleAPI] INFO  o.eclipse.m2e.core.internal.Bundles - getClasspathEntries(Bundle=org.eclipse.m2e.workspace.cli_0.3.1 [654])
2025-12-14 11:07:00,110 [Worker-52: Launching SampleAPI] INFO  o.eclipse.m2e.core.internal.Bundles - 	Entry: C:\Users\flame\.p2\pool\plugins\org.eclipse.m2e.workspace.cli_0.3.1.jar
2025-12-14 11:07:00,112 [Worker-52: Launching SampleAPI] INFO  o.e.m.i.launch.MavenLaunchDelegate - Run build in "C:\Users\flame\Documents\eclipseProjects\mediaLogic\SampleAPI":
2025-12-14 11:07:00,112 [Worker-52: Launching SampleAPI] INFO  o.e.m.i.launch.MavenLaunchDelegate -  mvn  -Ppom.xml -B -X -e -U -Dmaven.test.skip=true -DskipTests -Dstyle.color=always clean install
2025-12-14 11:07:30,029 [Worker-52: Updating Maven Project] INFO  o.e.m.c.i.p.ProjectConfigurationManager - Update started
2025-12-14 11:07:32,687 [Worker-52: Updating Maven Project] INFO  o.e.m.c.i.l.LifecycleMappingFactory - Using org.eclipse.m2e.jdt.JarLifecycleMapping lifecycle mapping for MavenProject: com.example:SampleAPI:0.0.1-SNAPSHOT @ C:\Users\flame\Documents\eclipseProjects\mediaLogic\SampleAPI\pom.xml.
2025-12-14 11:07:37,572 [Worker-52: Updating Maven Project] INFO  o.e.m.j.i.AbstractJavaProjectConfigurator - Adding source folder /SampleAPI/src/main/java
2025-12-14 11:07:37,573 [Worker-52: Updating Maven Project] INFO  o.e.m.j.i.AbstractJavaProjectConfigurator - Adding resource folder /SampleAPI/src/main/resources
2025-12-14 11:07:37,574 [Worker-52: Updating Maven Project] INFO  o.e.m.j.i.AbstractJavaProjectConfigurator - Adding resource folder /SampleAPI/src/main/resources
2025-12-14 11:07:37,575 [Worker-52: Updating Maven Project] INFO  o.e.m.j.i.AbstractJavaProjectConfigurator - Adding source folder /SampleAPI/src/test/java
2025-12-14 11:07:37,576 [Worker-52: Updating Maven Project] INFO  o.e.m.j.i.AbstractJavaProjectConfigurator - Adding resource folder /SampleAPI/src/test/resources
2025-12-14 11:07:37,905 [Worker-52: Updating Maven Project] INFO  o.e.m.c.i.p.ProjectConfigurationManager - Update completed for 1 poms: local refresh takes 0,00 sec, refresh facades takes 7,00 sec, update config takes 0,00 sec 
2025-12-14 11:07:38,917 [Worker-55: Building] INFO  o.a.m.s.f.DefaultMavenResourcesFiltering - Copying 1 resource from src\main\resources to target\classes
2025-12-14 11:07:38,934 [Worker-55: Building] INFO  o.a.m.s.f.DefaultMavenResourcesFiltering - Copying 0 resource from src\main\resources to target\classes
2025-12-14 11:07:38,940 [Worker-55: Building] INFO  o.a.m.s.f.DefaultMavenResourcesFiltering - skip non existing resourceDirectory C:\Users\flame\Documents\eclipseProjects\mediaLogic\SampleAPI\src\test\resources
2025-12-14 11:19:40,494 [Worker-58: Building] INFO  o.a.m.s.f.DefaultMavenResourcesFiltering - Copying 1 resource from src\main\resources to target\classes
2025-12-14 11:19:40,502 [Worker-58: Building] INFO  o.a.m.s.f.DefaultMavenResourcesFiltering - Copying 0 resource from src\main\resources to target\classes
2025-12-14 11:19:40,506 [Worker-58: Building] INFO  o.a.m.s.f.DefaultMavenResourcesFiltering - skip non existing resourceDirectory C:\Users\flame\Documents\eclipseProjects\mediaLogic\SampleAPI\src\test\resources
2025-12-14 11:23:04,475 [Worker-64: Building] INFO  o.a.m.s.f.DefaultMavenResourcesFiltering - Copying 1 resource from src\main\resources to target\classes
2025-12-14 11:23:04,483 [Worker-64: Building] INFO  o.a.m.s.f.DefaultMavenResourcesFiltering - Copying 0 resource from src\main\resources to target\classes
2025-12-14 11:23:04,488 [Worker-64: Building] INFO  o.a.m.s.f.DefaultMavenResourcesFiltering - skip non existing resourceDirectory C:\Users\flame\Documents\eclipseProjects\mediaLogic\SampleAPI\src\test\resources
2025-12-14 11:25:24,198 [Worker-59: Building] INFO  o.a.m.s.f.DefaultMavenResourcesFiltering - Copying 1 resource from src\main\resources to target\classes
2025-12-14 11:25:24,203 [Worker-59: Building] INFO  o.a.m.s.f.DefaultMavenResourcesFiltering - Copying 0 resource from src\main\resources to target\classes
2025-12-14 11:25:24,208 [Worker-59: Building] INFO  o.a.m.s.f.DefaultMavenResourcesFiltering - skip non existing resourceDirectory C:\Users\flame\Documents\eclipseProjects\mediaLogic\SampleAPI\src\test\resources
2025-12-14 11:25:58,460 [Worker-65: Building] INFO  o.a.m.s.f.DefaultMavenResourcesFiltering - Copying 1 resource from src\main\resources to target\classes
2025-12-14 11:25:58,467 [Worker-65: Building] INFO  o.a.m.s.f.DefaultMavenResourcesFiltering - Copying 0 resource from src\main\resources to target\classes
2025-12-14 11:25:58,471 [Worker-65: Building] INFO  o.a.m.s.f.DefaultMavenResourcesFiltering - skip non existing resourceDirectory C:\Users\flame\Documents\eclipseProjects\mediaLogic\SampleAPI\src\test\resources
2025-12-14 11:27:31,805 [Worker-64: Building] INFO  o.a.m.s.f.DefaultMavenResourcesFiltering - Copying 1 resource from src\main\resources to target\classes
2025-12-14 11:27:31,812 [Worker-64: Building] INFO  o.a.m.s.f.DefaultMavenResourcesFiltering - Copying 0 resource from src\main\resources to target\classes
2025-12-14 11:27:31,815 [Worker-64: Building] INFO  o.a.m.s.f.DefaultMavenResourcesFiltering - skip non existing resourceDirectory C:\Users\flame\Documents\eclipseProjects\mediaLogic\SampleAPI\src\test\resources
2025-12-14 11:28:56,983 [Worker-62: Building] INFO  o.a.m.s.f.DefaultMavenResourcesFiltering - Copying 1 resource from src\main\resources to target\classes
2025-12-14 11:28:56,989 [Worker-62: Building] INFO  o.a.m.s.f.DefaultMavenResourcesFiltering - Copying 0 resource from src\main\resources to target\classes
2025-12-14 11:28:56,992 [Worker-62: Building] INFO  o.a.m.s.f.DefaultMavenResourcesFiltering - skip non existing resourceDirectory C:\Users\flame\Documents\eclipseProjects\mediaLogic\SampleAPI\src\test\resources
2025-12-14 11:29:13,597 [Worker-59: Building] INFO  o.a.m.s.f.DefaultMavenResourcesFiltering - Copying 1 resource from src\main\resources to target\classes
2025-12-14 11:29:13,603 [Worker-59: Building] INFO  o.a.m.s.f.DefaultMavenResourcesFiltering - Copying 0 resource from src\main\resources to target\classes
2025-12-14 11:29:13,607 [Worker-59: Building] INFO  o.a.m.s.f.DefaultMavenResourcesFiltering - skip non existing resourceDirectory C:\Users\flame\Documents\eclipseProjects\mediaLogic\SampleAPI\src\test\resources
2025-12-14 11:32:55,991 [Worker-65: Building] INFO  o.a.m.s.f.DefaultMavenResourcesFiltering - Copying 1 resource from src\main\resources to target\classes
2025-12-14 11:32:55,997 [Worker-65: Building] INFO  o.a.m.s.f.DefaultMavenResourcesFiltering - Copying 0 resource from src\main\resources to target\classes
2025-12-14 11:32:56,000 [Worker-65: Building] INFO  o.a.m.s.f.DefaultMavenResourcesFiltering - skip non existing resourceDirectory C:\Users\flame\Documents\eclipseProjects\mediaLogic\SampleAPI\src\test\resources
2025-12-14 11:34:30,816 [Worker-59: Building] INFO  o.a.m.s.f.DefaultMavenResourcesFiltering - Copying 0 resource from src\main\resources to target\classes
2025-12-14 11:34:30,817 [Worker-59: Building] INFO  o.a.m.s.f.DefaultMavenResourcesFiltering - Copying 0 resource from src\main\resources to target\classes
2025-12-14 11:34:30,820 [Worker-59: Building] INFO  o.a.m.s.f.DefaultMavenResourcesFiltering - skip non existing resourceDirectory C:\Users\flame\Documents\eclipseProjects\mediaLogic\SampleAPI\src\test\resources
2025-12-14 11:35:15,227 [Worker-64: Building] INFO  o.a.m.s.f.DefaultMavenResourcesFiltering - Copying 0 resource from src\main\resources to target\classes
2025-12-14 11:35:15,228 [Worker-64: Building] INFO  o.a.m.s.f.DefaultMavenResourcesFiltering - Copying 0 resource from src\main\resources to target\classes
2025-12-14 11:35:15,233 [Worker-64: Building] INFO  o.a.m.s.f.DefaultMavenResourcesFiltering - skip non existing resourceDirectory C:\Users\flame\Documents\eclipseProjects\mediaLogic\SampleAPI\src\test\resources
2025-12-14 11:35:39,105 [Worker-60: Building] INFO  o.a.m.s.f.DefaultMavenResourcesFiltering - Copying 0 resource from src\main\resources to target\classes
2025-12-14 11:35:39,107 [Worker-60: Building] INFO  o.a.m.s.f.DefaultMavenResourcesFiltering - Copying 0 resource from src\main\resources to target\classes
2025-12-14 11:35:39,111 [Worker-60: Building] INFO  o.a.m.s.f.DefaultMavenResourcesFiltering - skip non existing resourceDirectory C:\Users\flame\Documents\eclipseProjects\mediaLogic\SampleAPI\src\test\resources
2025-12-14 11:36:08,193 [Worker-65: Building] INFO  o.a.m.s.f.DefaultMavenResourcesFiltering - Copying 0 resource from src\main\resources to target\classes
2025-12-14 11:36:08,194 [Worker-65: Building] INFO  o.a.m.s.f.DefaultMavenResourcesFiltering - Copying 0 resource from src\main\resources to target\classes
2025-12-14 11:36:08,197 [Worker-65: Building] INFO  o.a.m.s.f.DefaultMavenResourcesFiltering - skip non existing resourceDirectory C:\Users\flame\Documents\eclipseProjects\mediaLogic\SampleAPI\src\test\resources
2025-12-14 11:36:19,313 [Worker-59: Building] INFO  o.a.m.s.f.DefaultMavenResourcesFiltering - Copying 0 resource from src\main\resources to target\classes
2025-12-14 11:36:19,314 [Worker-59: Building] INFO  o.a.m.s.f.DefaultMavenResourcesFiltering - Copying 0 resource from src\main\resources to target\classes
2025-12-14 11:36:19,317 [Worker-59: Building] INFO  o.a.m.s.f.DefaultMavenResourcesFiltering - skip non existing resourceDirectory C:\Users\flame\Documents\eclipseProjects\mediaLogic\SampleAPI\src\test\resources
2025-12-14 11:36:30,160 [Worker-60: Building] INFO  o.a.m.s.f.DefaultMavenResourcesFiltering - Copying 0 resource from src\main\resources to target\classes
2025-12-14 11:36:30,162 [Worker-60: Building] INFO  o.a.m.s.f.DefaultMavenResourcesFiltering - Copying 0 resource from src\main\resources to target\classes
2025-12-14 11:36:30,167 [Worker-60: Building] INFO  o.a.m.s.f.DefaultMavenResourcesFiltering - skip non existing resourceDirectory C:\Users\flame\Documents\eclipseProjects\mediaLogic\SampleAPI\src\test\resources
2025-12-14 11:36:41,260 [Worker-60: Building] INFO  o.a.m.s.f.DefaultMavenResourcesFiltering - Copying 0 resource from src\main\resources to target\classes
2025-12-14 11:36:41,262 [Worker-60: Building] INFO  o.a.m.s.f.DefaultMavenResourcesFiltering - Copying 0 resource from src\main\resources to target\classes
2025-12-14 11:36:41,265 [Worker-60: Building] INFO  o.a.m.s.f.DefaultMavenResourcesFiltering - skip non existing resourceDirectory C:\Users\flame\Documents\eclipseProjects\mediaLogic\SampleAPI\src\test\resources
2025-12-14 11:36:43,634 [Worker-68: Building] INFO  o.a.m.s.f.DefaultMavenResourcesFiltering - Copying 0 resource from src\main\resources to target\classes
2025-12-14 11:36:43,635 [Worker-68: Building] INFO  o.a.m.s.f.DefaultMavenResourcesFiltering - Copying 0 resource from src\main\resources to target\classes
2025-12-14 11:36:43,640 [Worker-68: Building] INFO  o.a.m.s.f.DefaultMavenResourcesFiltering - skip non existing resourceDirectory C:\Users\flame\Documents\eclipseProjects\mediaLogic\SampleAPI\src\test\resources
2025-12-14 11:36:55,169 [Worker-67: Building] INFO  o.a.m.s.f.DefaultMavenResourcesFiltering - Copying 0 resource from src\main\resources to target\classes
2025-12-14 11:36:55,170 [Worker-67: Building] INFO  o.a.m.s.f.DefaultMavenResourcesFiltering - Copying 0 resource from src\main\resources to target\classes
2025-12-14 11:36:55,174 [Worker-67: Building] INFO  o.a.m.s.f.DefaultMavenResourcesFiltering - skip non existing resourceDirectory C:\Users\flame\Documents\eclipseProjects\mediaLogic\SampleAPI\src\test\resources
2025-12-14 11:37:38,539 [Worker-69: Building] INFO  o.a.m.s.f.DefaultMavenResourcesFiltering - Copying 0 resource from src\main\resources to target\classes
2025-12-14 11:37:38,540 [Worker-69: Building] INFO  o.a.m.s.f.DefaultMavenResourcesFiltering - Copying 0 resource from src\main\resources to target\classes
2025-12-14 11:37:38,545 [Worker-69: Building] INFO  o.a.m.s.f.DefaultMavenResourcesFiltering - skip non existing resourceDirectory C:\Users\flame\Documents\eclipseProjects\mediaLogic\SampleAPI\src\test\resources
2025-12-14 11:37:44,065 [Worker-67: Building] INFO  o.a.m.s.f.DefaultMavenResourcesFiltering - Copying 0 resource from src\main\resources to target\classes
2025-12-14 11:37:44,067 [Worker-67: Building] INFO  o.a.m.s.f.DefaultMavenResourcesFiltering - Copying 0 resource from src\main\resources to target\classes
2025-12-14 11:37:44,071 [Worker-67: Building] INFO  o.a.m.s.f.DefaultMavenResourcesFiltering - skip non existing resourceDirectory C:\Users\flame\Documents\eclipseProjects\mediaLogic\SampleAPI\src\test\resources
2025-12-14 11:38:02,069 [Worker-64: Building] INFO  o.a.m.s.f.DefaultMavenResourcesFiltering - Copying 0 resource from src\main\resources to target\classes
2025-12-14 11:38:02,070 [Worker-64: Building] INFO  o.a.m.s.f.DefaultMavenResourcesFiltering - Copying 0 resource from src\main\resources to target\classes
2025-12-14 11:38:02,076 [Worker-64: Building] INFO  o.a.m.s.f.DefaultMavenResourcesFiltering - skip non existing resourceDirectory C:\Users\flame\Documents\eclipseProjects\mediaLogic\SampleAPI\src\test\resources
2025-12-14 11:38:09,317 [Worker-60: Building] INFO  o.a.m.s.f.DefaultMavenResourcesFiltering - Copying 0 resource from src\main\resources to target\classes
2025-12-14 11:38:09,317 [Worker-60: Building] INFO  o.a.m.s.f.DefaultMavenResourcesFiltering - Copying 0 resource from src\main\resources to target\classes
2025-12-14 11:38:09,321 [Worker-60: Building] INFO  o.a.m.s.f.DefaultMavenResourcesFiltering - skip non existing resourceDirectory C:\Users\flame\Documents\eclipseProjects\mediaLogic\SampleAPI\src\test\resources
2025-12-14 11:38:15,478 [main] INFO  o.e.m.jdt.internal.UnitTestSupport - Updating SampleApiApplicationTests from maven configuration
2025-12-14 11:38:18,052 [Worker-68: Launching SampleApiApplicationTests] INFO  o.e.m.c.i.e.AbstractTransferListenerAdapter - Downloading https://repo.maven.apache.org/maven2/org/junit/platform/junit-platform-launcher/6.0.1/junit-platform-launcher-6.0.1.jar
2025-12-14 11:38:18,135 [Worker-68: Launching SampleApiApplicationTests] INFO  o.e.m.c.i.e.AbstractTransferListenerAdapter - Downloaded https://repo.maven.apache.org/maven2/org/junit/platform/junit-platform-launcher/6.0.1/junit-platform-launcher-6.0.1.jar
2025-12-14 11:39:23,922 [Worker-68: Building] INFO  o.a.m.s.f.DefaultMavenResourcesFiltering - Copying 0 resource from src\main\resources to target\classes
2025-12-14 11:39:23,923 [Worker-68: Building] INFO  o.a.m.s.f.DefaultMavenResourcesFiltering - Copying 0 resource from src\main\resources to target\classes
2025-12-14 11:39:23,927 [Worker-68: Building] INFO  o.a.m.s.f.DefaultMavenResourcesFiltering - skip non existing resourceDirectory C:\Users\flame\Documents\eclipseProjects\mediaLogic\SampleAPI\src\test\resources
2025-12-14 11:39:51,399 [Worker-60: Building] INFO  o.a.m.s.f.DefaultMavenResourcesFiltering - Copying 0 resource from src\main\resources to target\classes
2025-12-14 11:39:51,400 [Worker-60: Building] INFO  o.a.m.s.f.DefaultMavenResourcesFiltering - Copying 0 resource from src\main\resources to target\classes
2025-12-14 11:39:51,403 [Worker-60: Building] INFO  o.a.m.s.f.DefaultMavenResourcesFiltering - skip non existing resourceDirectory C:\Users\flame\Documents\eclipseProjects\mediaLogic\SampleAPI\src\test\resources
2025-12-14 11:39:54,534 [Worker-65: Building] INFO  o.a.m.s.f.DefaultMavenResourcesFiltering - Copying 0 resource from src\main\resources to target\classes
2025-12-14 11:39:54,536 [Worker-65: Building] INFO  o.a.m.s.f.DefaultMavenResourcesFiltering - Copying 0 resource from src\main\resources to target\classes
2025-12-14 11:39:54,540 [Worker-65: Building] INFO  o.a.m.s.f.DefaultMavenResourcesFiltering - skip non existing resourceDirectory C:\Users\flame\Documents\eclipseProjects\mediaLogic\SampleAPI\src\test\resources
2025-12-14 11:42:20,798 [Worker-64: Building] INFO  o.e.m.c.i.l.LifecycleMappingFactory - Using org.eclipse.m2e.jdt.JarLifecycleMapping lifecycle mapping for MavenProject: com.example:SampleAPI:0.0.1-SNAPSHOT @ C:\Users\flame\Documents\eclipseProjects\mediaLogic\SampleAPI\pom.xml.
2025-12-14 11:42:21,365 [Worker-64: Building] INFO  o.e.m.c.i.e.AbstractTransferListenerAdapter - Downloading https://repo.maven.apache.org/maven2/org/springframework/boot/spring-boot-starter-json/4.0.0/spring-boot-starter-json-4.0.0.pom
2025-12-14 11:42:21,419 [Worker-64: Building] INFO  o.e.m.c.i.e.AbstractTransferListenerAdapter - Downloaded https://repo.maven.apache.org/maven2/org/springframework/boot/spring-boot-starter-json/4.0.0/spring-boot-starter-json-4.0.0.pom
2025-12-14 11:42:21,856 [Worker-64: Building] INFO  o.e.m.c.i.e.AbstractTransferListenerAdapter - Downloading https://repo.maven.apache.org/maven2/org/springframework/boot/spring-boot-starter-json/4.0.0/spring-boot-starter-json-4.0.0.jar
2025-12-14 11:42:21,941 [Worker-64: Building] INFO  o.e.m.c.i.e.AbstractTransferListenerAdapter - Downloaded https://repo.maven.apache.org/maven2/org/springframework/boot/spring-boot-starter-json/4.0.0/spring-boot-starter-json-4.0.0.jar
2025-12-14 11:42:22,497 [Worker-64: Building] INFO  o.a.m.s.f.DefaultMavenResourcesFiltering - Copying 0 resource from src\main\resources to target\classes
2025-12-14 11:42:22,499 [Worker-64: Building] INFO  o.a.m.s.f.DefaultMavenResourcesFiltering - Copying 0 resource from src\main\resources to target\classes
2025-12-14 11:42:22,507 [Worker-64: Building] INFO  o.a.m.s.f.DefaultMavenResourcesFiltering - skip non existing resourceDirectory C:\Users\flame\Documents\eclipseProjects\mediaLogic\SampleAPI\src\test\resources
2025-12-14 11:42:23,321 [Worker-64: Download sources and javadoc] INFO  o.e.m.c.i.e.AbstractTransferListenerAdapter - Downloading https://repo.maven.apache.org/maven2/org/springframework/boot/spring-boot-starter-json/4.0.0/spring-boot-starter-json-4.0.0-sources.jar
2025-12-14 11:42:23,336 [Worker-64: Download sources and javadoc] INFO  o.e.m.c.i.e.AbstractTransferListenerAdapter - Downloaded https://repo.maven.apache.org/maven2/org/springframework/boot/spring-boot-starter-json/4.0.0/spring-boot-starter-json-4.0.0-sources.jar
2025-12-14 11:42:23,344 [Worker-64: Download sources and javadoc] INFO  o.e.m.j.internal.DownloadSourcesJob - Downloaded sources for org.springframework.boot:spring-boot-starter-json:4.0.0
2025-12-14 11:42:24,164 [Worker-59: Building] INFO  o.a.m.s.f.DefaultMavenResourcesFiltering - Copying 1 resource from src\main\resources to target\classes
2025-12-14 11:42:24,208 [Worker-59: Building] INFO  o.a.m.s.f.DefaultMavenResourcesFiltering - Copying 0 resource from src\main\resources to target\classes
2025-12-14 11:42:24,213 [Worker-59: Building] INFO  o.a.m.s.f.DefaultMavenResourcesFiltering - skip non existing resourceDirectory C:\Users\flame\Documents\eclipseProjects\mediaLogic\SampleAPI\src\test\resources
2025-12-14 11:42:25,927 [Worker-71: Building] INFO  o.e.m.c.i.l.LifecycleMappingFactory - Using org.eclipse.m2e.jdt.JarLifecycleMapping lifecycle mapping for MavenProject: com.example:SampleAPI:0.0.1-SNAPSHOT @ C:\Users\flame\Documents\eclipseProjects\mediaLogic\SampleAPI\pom.xml.
2025-12-14 11:42:26,753 [Worker-71: Building] INFO  o.a.m.s.f.DefaultMavenResourcesFiltering - Copying 0 resource from src\main\resources to target\classes
2025-12-14 11:42:26,754 [Worker-71: Building] INFO  o.a.m.s.f.DefaultMavenResourcesFiltering - Copying 0 resource from src\main\resources to target\classes
2025-12-14 11:42:26,762 [Worker-71: Building] INFO  o.a.m.s.f.DefaultMavenResourcesFiltering - skip non existing resourceDirectory C:\Users\flame\Documents\eclipseProjects\mediaLogic\SampleAPI\src\test\resources
2025-12-14 11:42:27,805 [Worker-71: Launching SampleAPI] INFO  o.eclipse.m2e.core.internal.Bundles - getClasspathEntries(Bundle=org.eclipse.m2e.maven.runtime_3.9.900.20240824-1409 [642])
2025-12-14 11:42:27,806 [Worker-71: Launching SampleAPI] INFO  o.eclipse.m2e.core.internal.Bundles - 	Entry: C:\Users\flame\.p2\pool\plugins\org.eclipse.m2e.maven.runtime_3.9.900.20240824-1409
2025-12-14 11:42:27,806 [Worker-71: Launching SampleAPI] INFO  o.eclipse.m2e.core.internal.Bundles - 	Entry: C:\Users\flame\.p2\pool\plugins\org.eclipse.m2e.maven.runtime_3.9.900.20240824-1409\jars\aopalliance-1.0.jar
2025-12-14 11:42:27,807 [Worker-71: Launching SampleAPI] INFO  o.eclipse.m2e.core.internal.Bundles - 	Entry: C:\Users\flame\.p2\pool\plugins\org.eclipse.m2e.maven.runtime_3.9.900.20240824-1409\jars\guice-5.1.0.jar
2025-12-14 11:42:27,807 [Worker-71: Launching SampleAPI] INFO  o.eclipse.m2e.core.internal.Bundles - 	Entry: C:\Users\flame\.p2\pool\plugins\org.eclipse.m2e.maven.runtime_3.9.900.20240824-1409\jars\httpclient-4.5.14.jar
2025-12-14 11:42:27,807 [Worker-71: Launching SampleAPI] INFO  o.eclipse.m2e.core.internal.Bundles - 	Entry: C:\Users\flame\.p2\pool\plugins\org.eclipse.m2e.maven.runtime_3.9.900.20240824-1409\jars\httpcore-4.4.16.jar
2025-12-14 11:42:27,808 [Worker-71: Launching SampleAPI] INFO  o.eclipse.m2e.core.internal.Bundles - 	Entry: C:\Users\flame\.p2\pool\plugins\org.eclipse.m2e.maven.runtime_3.9.900.20240824-1409\jars\jansi-2.4.1.jar
2025-12-14 11:42:27,808 [Worker-71: Launching SampleAPI] INFO  o.eclipse.m2e.core.internal.Bundles - 	Entry: C:\Users\flame\.p2\pool\plugins\org.eclipse.m2e.maven.runtime_3.9.900.20240824-1409\jars\jcl-over-slf4j-1.7.36.jar
2025-12-14 11:42:27,808 [Worker-71: Launching SampleAPI] INFO  o.eclipse.m2e.core.internal.Bundles - 	Entry: C:\Users\flame\.p2\pool\plugins\org.eclipse.m2e.maven.runtime_3.9.900.20240824-1409\jars\maven-artifact-3.9.9.jar
2025-12-14 11:42:27,809 [Worker-71: Launching SampleAPI] INFO  o.eclipse.m2e.core.internal.Bundles - 	Entry: C:\Users\flame\.p2\pool\plugins\org.eclipse.m2e.maven.runtime_3.9.900.20240824-1409\jars\maven-builder-support-3.9.9.jar
2025-12-14 11:42:27,809 [Worker-71: Launching SampleAPI] INFO  o.eclipse.m2e.core.internal.Bundles - 	Entry: C:\Users\flame\.p2\pool\plugins\org.eclipse.m2e.maven.runtime_3.9.900.20240824-1409\jars\maven-compat-3.9.9.jar
2025-12-14 11:42:27,810 [Worker-71: Launching SampleAPI] INFO  o.eclipse.m2e.core.internal.Bundles - 	Entry: C:\Users\flame\.p2\pool\plugins\org.eclipse.m2e.maven.runtime_3.9.900.20240824-1409\jars\maven-core-3.9.9.jar
2025-12-14 11:42:27,810 [Worker-71: Launching SampleAPI] INFO  o.eclipse.m2e.core.internal.Bundles - 	Entry: C:\Users\flame\.p2\pool\plugins\org.eclipse.m2e.maven.runtime_3.9.900.20240824-1409\jars\maven-embedder-3.9.9.jar
2025-12-14 11:42:27,810 [Worker-71: Launching SampleAPI] INFO  o.eclipse.m2e.core.internal.Bundles - 	Entry: C:\Users\flame\.p2\pool\plugins\org.eclipse.m2e.maven.runtime_3.9.900.20240824-1409\jars\maven-model-3.9.9.jar
2025-12-14 11:42:27,810 [Worker-71: Launching SampleAPI] INFO  o.eclipse.m2e.core.internal.Bundles - 	Entry: C:\Users\flame\.p2\pool\plugins\org.eclipse.m2e.maven.runtime_3.9.900.20240824-1409\jars\maven-model-builder-3.9.9.jar
2025-12-14 11:42:27,811 [Worker-71: Launching SampleAPI] INFO  o.eclipse.m2e.core.internal.Bundles - 	Entry: C:\Users\flame\.p2\pool\plugins\org.eclipse.m2e.maven.runtime_3.9.900.20240824-1409\jars\maven-plugin-api-3.9.9.jar
2025-12-14 11:42:27,811 [Worker-71: Launching SampleAPI] INFO  o.eclipse.m2e.core.internal.Bundles - 	Entry: C:\Users\flame\.p2\pool\plugins\org.eclipse.m2e.maven.runtime_3.9.900.20240824-1409\jars\maven-repository-metadata-3.9.9.jar
2025-12-14 11:42:27,811 [Worker-71: Launching SampleAPI] INFO  o.eclipse.m2e.core.internal.Bundles - 	Entry: C:\Users\flame\.p2\pool\plugins\org.eclipse.m2e.maven.runtime_3.9.900.20240824-1409\jars\maven-resolver-api-1.9.22.jar
2025-12-14 11:42:27,812 [Worker-71: Launching SampleAPI] INFO  o.eclipse.m2e.core.internal.Bundles - 	Entry: C:\Users\flame\.p2\pool\plugins\org.eclipse.m2e.maven.runtime_3.9.900.20240824-1409\jars\maven-resolver-connector-basic-1.9.22.jar
2025-12-14 11:42:27,812 [Worker-71: Launching SampleAPI] INFO  o.eclipse.m2e.core.internal.Bundles - 	Entry: C:\Users\flame\.p2\pool\plugins\org.eclipse.m2e.maven.runtime_3.9.900.20240824-1409\jars\maven-resolver-impl-1.9.22.jar
2025-12-14 11:42:27,812 [Worker-71: Launching SampleAPI] INFO  o.eclipse.m2e.core.internal.Bundles - 	Entry: C:\Users\flame\.p2\pool\plugins\org.eclipse.m2e.maven.runtime_3.9.900.20240824-1409\jars\maven-resolver-named-locks-1.9.22.jar
2025-12-14 11:42:27,812 [Worker-71: Launching SampleAPI] INFO  o.eclipse.m2e.core.internal.Bundles - 	Entry: C:\Users\flame\.p2\pool\plugins\org.eclipse.m2e.maven.runtime_3.9.900.20240824-1409\jars\maven-resolver-provider-3.9.9.jar
2025-12-14 11:42:27,812 [Worker-71: Launching SampleAPI] INFO  o.eclipse.m2e.core.internal.Bundles - 	Entry: C:\Users\flame\.p2\pool\plugins\org.eclipse.m2e.maven.runtime_3.9.900.20240824-1409\jars\maven-resolver-spi-1.9.22.jar
2025-12-14 11:42:27,812 [Worker-71: Launching SampleAPI] INFO  o.eclipse.m2e.core.internal.Bundles - 	Entry: C:\Users\flame\.p2\pool\plugins\org.eclipse.m2e.maven.runtime_3.9.900.20240824-1409\jars\maven-resolver-transport-file-1.9.22.jar
2025-12-14 11:42:27,812 [Worker-71: Launching SampleAPI] INFO  o.eclipse.m2e.core.internal.Bundles - 	Entry: C:\Users\flame\.p2\pool\plugins\org.eclipse.m2e.maven.runtime_3.9.900.20240824-1409\jars\maven-resolver-transport-http-1.9.22.jar
2025-12-14 11:42:27,813 [Worker-71: Launching SampleAPI] INFO  o.eclipse.m2e.core.internal.Bundles - 	Entry: C:\Users\flame\.p2\pool\plugins\org.eclipse.m2e.maven.runtime_3.9.900.20240824-1409\jars\maven-resolver-transport-wagon-1.9.22.jar
2025-12-14 11:42:27,813 [Worker-71: Launching SampleAPI] INFO  o.eclipse.m2e.core.internal.Bundles - 	Entry: C:\Users\flame\.p2\pool\plugins\org.eclipse.m2e.maven.runtime_3.9.900.20240824-1409\jars\maven-resolver-util-1.9.22.jar
2025-12-14 11:42:27,813 [Worker-71: Launching SampleAPI] INFO  o.eclipse.m2e.core.internal.Bundles - 	Entry: C:\Users\flame\.p2\pool\plugins\org.eclipse.m2e.maven.runtime_3.9.900.20240824-1409\jars\maven-settings-3.9.9.jar
2025-12-14 11:42:27,813 [Worker-71: Launching SampleAPI] INFO  o.eclipse.m2e.core.internal.Bundles - 	Entry: C:\Users\flame\.p2\pool\plugins\org.eclipse.m2e.maven.runtime_3.9.900.20240824-1409\jars\maven-settings-builder-3.9.9.jar
2025-12-14 11:42:27,813 [Worker-71: Launching SampleAPI] INFO  o.eclipse.m2e.core.internal.Bundles - 	Entry: C:\Users\flame\.p2\pool\plugins\org.eclipse.m2e.maven.runtime_3.9.900.20240824-1409\jars\maven-shared-utils-3.4.2.jar
2025-12-14 11:42:27,814 [Worker-71: Launching SampleAPI] INFO  o.eclipse.m2e.core.internal.Bundles - 	Entry: C:\Users\flame\.p2\pool\plugins\org.eclipse.m2e.maven.runtime_3.9.900.20240824-1409\jars\org.eclipse.sisu.inject-0.9.0.M3.jar
2025-12-14 11:42:27,814 [Worker-71: Launching SampleAPI] INFO  o.eclipse.m2e.core.internal.Bundles - 	Entry: C:\Users\flame\.p2\pool\plugins\org.eclipse.m2e.maven.runtime_3.9.900.20240824-1409\jars\org.eclipse.sisu.plexus-0.9.0.M3.jar
2025-12-14 11:42:27,814 [Worker-71: Launching SampleAPI] INFO  o.eclipse.m2e.core.internal.Bundles - 	Entry: C:\Users\flame\.p2\pool\plugins\org.eclipse.m2e.maven.runtime_3.9.900.20240824-1409\jars\plexus-build-api-0.0.7.jar
2025-12-14 11:42:27,814 [Worker-71: Launching SampleAPI] INFO  o.eclipse.m2e.core.internal.Bundles - 	Entry: C:\Users\flame\.p2\pool\plugins\org.eclipse.m2e.maven.runtime_3.9.900.20240824-1409\jars\plexus-build-api-1.2.0.jar
2025-12-14 11:42:27,814 [Worker-71: Launching SampleAPI] INFO  o.eclipse.m2e.core.internal.Bundles - 	Entry: C:\Users\flame\.p2\pool\plugins\org.eclipse.m2e.maven.runtime_3.9.900.20240824-1409\jars\plexus-cipher-2.0.jar
2025-12-14 11:42:27,814 [Worker-71: Launching SampleAPI] INFO  o.eclipse.m2e.core.internal.Bundles - 	Entry: C:\Users\flame\.p2\pool\plugins\org.eclipse.m2e.maven.runtime_3.9.900.20240824-1409\jars\plexus-classworlds-2.8.0.jar
2025-12-14 11:42:27,814 [Worker-71: Launching SampleAPI] INFO  o.eclipse.m2e.core.internal.Bundles - 	Entry: C:\Users\flame\.p2\pool\plugins\org.eclipse.m2e.maven.runtime_3.9.900.20240824-1409\jars\plexus-component-annotations-2.1.0.jar
2025-12-14 11:42:27,815 [Worker-71: Launching SampleAPI] INFO  o.eclipse.m2e.core.internal.Bundles - 	Entry: C:\Users\flame\.p2\pool\plugins\org.eclipse.m2e.maven.runtime_3.9.900.20240824-1409\jars\plexus-interpolation-1.27.jar
2025-12-14 11:42:27,815 [Worker-71: Launching SampleAPI] INFO  o.eclipse.m2e.core.internal.Bundles - 	Entry: C:\Users\flame\.p2\pool\plugins\org.eclipse.m2e.maven.runtime_3.9.900.20240824-1409\jars\plexus-sec-dispatcher-2.0.jar
2025-12-14 11:42:27,815 [Worker-71: Launching SampleAPI] INFO  o.eclipse.m2e.core.internal.Bundles - 	Entry: C:\Users\flame\.p2\pool\plugins\org.eclipse.m2e.maven.runtime_3.9.900.20240824-1409\jars\plexus-utils-3.5.1.jar
2025-12-14 11:42:27,815 [Worker-71: Launching SampleAPI] INFO  o.eclipse.m2e.core.internal.Bundles - 	Entry: C:\Users\flame\.p2\pool\plugins\org.eclipse.m2e.maven.runtime_3.9.900.20240824-1409\jars\plexus-xml-3.0.1.jar
2025-12-14 11:42:27,815 [Worker-71: Launching SampleAPI] INFO  o.eclipse.m2e.core.internal.Bundles - 	Entry: C:\Users\flame\.p2\pool\plugins\org.eclipse.m2e.maven.runtime_3.9.900.20240824-1409\jars\wagon-file-3.5.3.jar
2025-12-14 11:42:27,816 [Worker-71: Launching SampleAPI] INFO  o.eclipse.m2e.core.internal.Bundles - 	Entry: C:\Users\flame\.p2\pool\plugins\org.eclipse.m2e.maven.runtime_3.9.900.20240824-1409\jars\wagon-http-3.5.3.jar
2025-12-14 11:42:27,816 [Worker-71: Launching SampleAPI] INFO  o.eclipse.m2e.core.internal.Bundles - 	Entry: C:\Users\flame\.p2\pool\plugins\org.eclipse.m2e.maven.runtime_3.9.900.20240824-1409\jars\wagon-http-shared-3.5.3.jar
2025-12-14 11:42:27,816 [Worker-71: Launching SampleAPI] INFO  o.eclipse.m2e.core.internal.Bundles - 	Entry: C:\Users\flame\.p2\pool\plugins\org.eclipse.m2e.maven.runtime_3.9.900.20240824-1409\jars\wagon-provider-api-3.5.3.jar
2025-12-14 11:42:27,816 [Worker-71: Launching SampleAPI] INFO  o.eclipse.m2e.core.internal.Bundles - getClasspathEntries(Bundle=com.google.guava_33.3.1.jre [1028])
2025-12-14 11:42:27,817 [Worker-71: Launching SampleAPI] INFO  o.eclipse.m2e.core.internal.Bundles - 	Entry: C:\Users\flame\.p2\pool\plugins\com.google.guava_33.3.1.jre.jar
2025-12-14 11:42:27,817 [Worker-71: Launching SampleAPI] INFO  o.eclipse.m2e.core.internal.Bundles - getClasspathEntries(Bundle=slf4j.api_2.0.17 [1152])
2025-12-14 11:42:27,818 [Worker-71: Launching SampleAPI] INFO  o.eclipse.m2e.core.internal.Bundles - 	Entry: C:\Users\flame\.p2\pool\plugins\slf4j.api_2.0.17.jar
2025-12-14 11:42:27,818 [Worker-71: Launching SampleAPI] INFO  o.eclipse.m2e.core.internal.Bundles - getClasspathEntries(Bundle=jakarta.inject.jakarta.inject-api_1.0.5 [34])
2025-12-14 11:42:27,818 [Worker-71: Launching SampleAPI] INFO  o.eclipse.m2e.core.internal.Bundles - 	Entry: C:\Users\flame\.p2\pool\plugins\jakarta.inject.jakarta.inject-api_1.0.5.jar
2025-12-14 11:42:27,819 [Worker-71: Launching SampleAPI] INFO  o.eclipse.m2e.core.internal.Bundles - getClasspathEntries(Bundle=jakarta.annotation-api_1.3.5 [29])
2025-12-14 11:42:27,819 [Worker-71: Launching SampleAPI] INFO  o.eclipse.m2e.core.internal.Bundles - 	Entry: C:\Users\flame\.p2\pool\plugins\jakarta.annotation-api_1.3.5.jar
2025-12-14 11:42:27,819 [Worker-71: Launching SampleAPI] INFO  o.eclipse.m2e.core.internal.Bundles - getClasspathEntries(Bundle=org.apache.commons.cli_1.9.0 [78])
2025-12-14 11:42:27,819 [Worker-71: Launching SampleAPI] INFO  o.eclipse.m2e.core.internal.Bundles - 	Entry: C:\Users\flame\.p2\pool\plugins\org.apache.commons.cli_1.9.0.jar
2025-12-14 11:42:27,819 [Worker-71: Launching SampleAPI] INFO  o.eclipse.m2e.core.internal.Bundles - getClasspathEntries(Bundle=org.apache.commons.commons-codec_1.16.0 [81])
2025-12-14 11:42:27,820 [Worker-71: Launching SampleAPI] INFO  o.eclipse.m2e.core.internal.Bundles - 	Entry: C:\Users\flame\.p2\pool\plugins\org.apache.commons.commons-codec_1.16.0.jar
2025-12-14 11:42:27,820 [Worker-71: Launching SampleAPI] INFO  o.eclipse.m2e.core.internal.Bundles - getClasspathEntries(Bundle=com.google.guava.failureaccess_1.0.2 [17])
2025-12-14 11:42:27,820 [Worker-71: Launching SampleAPI] INFO  o.eclipse.m2e.core.internal.Bundles - 	Entry: C:\Users\flame\.p2\pool\plugins\com.google.guava.failureaccess_1.0.2.jar
2025-12-14 11:42:27,820 [Worker-71: Launching SampleAPI] INFO  o.eclipse.m2e.core.internal.Bundles - getClasspathEntries(Bundle=org.eclipse.m2e.workspace.cli_0.3.1 [654])
2025-12-14 11:42:27,821 [Worker-71: Launching SampleAPI] INFO  o.eclipse.m2e.core.internal.Bundles - 	Entry: C:\Users\flame\.p2\pool\plugins\org.eclipse.m2e.workspace.cli_0.3.1.jar
2025-12-14 11:42:27,822 [Worker-71: Launching SampleAPI] INFO  o.e.m.i.launch.MavenLaunchDelegate - Run build in "C:\Users\flame\Documents\eclipseProjects\mediaLogic\SampleAPI":
2025-12-14 11:42:27,822 [Worker-71: Launching SampleAPI] INFO  o.e.m.i.launch.MavenLaunchDelegate -  mvn  -Ppom.xml -B -X -e -U -Dmaven.test.skip=true -DskipTests -Dstyle.color=always clean install
2025-12-14 11:42:52,156 [Worker-69: Updating Maven Project] INFO  o.e.m.c.i.p.ProjectConfigurationManager - Update started
2025-12-14 11:42:52,562 [Worker-69: Updating Maven Project] INFO  o.e.m.c.i.l.LifecycleMappingFactory - Using org.eclipse.m2e.jdt.JarLifecycleMapping lifecycle mapping for MavenProject: com.example:SampleAPI:0.0.1-SNAPSHOT @ C:\Users\flame\Documents\eclipseProjects\mediaLogic\SampleAPI\pom.xml.
2025-12-14 11:42:53,145 [Worker-69: Updating Maven Project] INFO  o.e.m.j.i.AbstractJavaProjectConfigurator - Adding source folder /SampleAPI/src/main/java
2025-12-14 11:42:53,146 [Worker-69: Updating Maven Project] INFO  o.e.m.j.i.AbstractJavaProjectConfigurator - Adding resource folder /SampleAPI/src/main/resources
2025-12-14 11:42:53,146 [Worker-69: Updating Maven Project] INFO  o.e.m.j.i.AbstractJavaProjectConfigurator - Adding resource folder /SampleAPI/src/main/resources
2025-12-14 11:42:53,147 [Worker-69: Updating Maven Project] INFO  o.e.m.j.i.AbstractJavaProjectConfigurator - Adding source folder /SampleAPI/src/test/java
2025-12-14 11:42:53,147 [Worker-69: Updating Maven Project] INFO  o.e.m.j.i.AbstractJavaProjectConfigurator - Adding resource folder /SampleAPI/src/test/resources
2025-12-14 11:42:53,295 [Worker-69: Updating Maven Project] INFO  o.e.m.jdt.internal.UnitTestSupport - Reset launch configuration name: SampleApiApplicationTests
2025-12-14 11:42:53,295 [Worker-69: Updating Maven Project] INFO  o.e.m.jdt.internal.UnitTestSupport - Updating SampleApiApplicationTests from maven configuration
2025-12-14 11:42:54,146 [Worker-69: Updating Maven Project] INFO  o.e.m.c.i.p.ProjectConfigurationManager - Update completed for 1 poms: local refresh takes 0,00 sec, refresh facades takes 0,00 sec, update config takes 0,00 sec 
2025-12-14 11:42:54,569 [Worker-67: Building] INFO  o.a.m.s.f.DefaultMavenResourcesFiltering - Copying 1 resource from src\main\resources to target\classes
2025-12-14 11:42:54,588 [Worker-67: Building] INFO  o.a.m.s.f.DefaultMavenResourcesFiltering - Copying 0 resource from src\main\resources to target\classes
2025-12-14 11:42:54,594 [Worker-67: Building] INFO  o.a.m.s.f.DefaultMavenResourcesFiltering - skip non existing resourceDirectory C:\Users\flame\Documents\eclipseProjects\mediaLogic\SampleAPI\src\test\resources
2025-12-14 11:43:27,259 [Worker-71: Building] INFO  o.a.m.s.f.DefaultMavenResourcesFiltering - Copying 1 resource from src\main\resources to target\classes
2025-12-14 11:43:27,262 [Worker-71: Building] INFO  o.a.m.s.f.DefaultMavenResourcesFiltering - Copying 0 resource from src\main\resources to target\classes
2025-12-14 11:43:27,267 [Worker-71: Building] INFO  o.a.m.s.f.DefaultMavenResourcesFiltering - skip non existing resourceDirectory C:\Users\flame\Documents\eclipseProjects\mediaLogic\SampleAPI\src\test\resources
2025-12-14 11:45:46,360 [Worker-73: Building] INFO  o.e.m.c.i.l.LifecycleMappingFactory - Using org.eclipse.m2e.jdt.JarLifecycleMapping lifecycle mapping for MavenProject: com.example:SampleAPI:0.0.1-SNAPSHOT @ C:\Users\flame\Documents\eclipseProjects\mediaLogic\SampleAPI\pom.xml.
2025-12-14 11:45:46,495 [Worker-73: Building] INFO  o.e.m.c.i.e.AbstractTransferListenerAdapter - Downloading https://repo.maven.apache.org/maven2/org/springframework/boot/spring-boot-starter-web/4.0.0/spring-boot-starter-web-4.0.0.pom
2025-12-14 11:45:46,546 [Worker-73: Building] INFO  o.e.m.c.i.e.AbstractTransferListenerAdapter - Downloaded https://repo.maven.apache.org/maven2/org/springframework/boot/spring-boot-starter-web/4.0.0/spring-boot-starter-web-4.0.0.pom
2025-12-14 11:45:47,046 [Worker-73: Building] INFO  o.e.m.c.i.e.AbstractTransferListenerAdapter - Downloading https://repo.maven.apache.org/maven2/org/springframework/boot/spring-boot-starter-web/4.0.0/spring-boot-starter-web-4.0.0.jar
2025-12-14 11:45:47,118 [Worker-73: Building] INFO  o.e.m.c.i.e.AbstractTransferListenerAdapter - Downloaded https://repo.maven.apache.org/maven2/org/springframework/boot/spring-boot-starter-web/4.0.0/spring-boot-starter-web-4.0.0.jar
2025-12-14 11:45:48,278 [Worker-69: Download sources and javadoc] INFO  o.e.m.c.i.e.AbstractTransferListenerAdapter - Downloading https://repo.maven.apache.org/maven2/org/springframework/boot/spring-boot-starter-web/4.0.0/spring-boot-starter-web-4.0.0-sources.jar
2025-12-14 11:45:48,286 [Worker-69: Download sources and javadoc] INFO  o.e.m.c.i.e.AbstractTransferListenerAdapter - Downloaded https://repo.maven.apache.org/maven2/org/springframework/boot/spring-boot-starter-web/4.0.0/spring-boot-starter-web-4.0.0-sources.jar
2025-12-14 11:45:48,291 [Worker-69: Download sources and javadoc] INFO  o.e.m.j.internal.DownloadSourcesJob - Downloaded sources for org.springframework.boot:spring-boot-starter-web:4.0.0
2025-12-14 11:46:23,906 [Worker-75: Building] INFO  o.e.m.c.i.l.LifecycleMappingFactory - Using org.eclipse.m2e.jdt.JarLifecycleMapping lifecycle mapping for MavenProject: com.example:SampleAPI:0.0.1-SNAPSHOT @ C:\Users\flame\Documents\eclipseProjects\mediaLogic\SampleAPI\pom.xml.
2025-12-14 11:46:24,643 [Worker-75: Building] INFO  o.a.m.s.f.DefaultMavenResourcesFiltering - Copying 0 resource from src\main\resources to target\classes
2025-12-14 11:46:24,645 [Worker-75: Building] INFO  o.a.m.s.f.DefaultMavenResourcesFiltering - Copying 0 resource from src\main\resources to target\classes
2025-12-14 11:46:24,651 [Worker-75: Building] INFO  o.a.m.s.f.DefaultMavenResourcesFiltering - skip non existing resourceDirectory C:\Users\flame\Documents\eclipseProjects\mediaLogic\SampleAPI\src\test\resources
2025-12-14 11:47:27,308 [Worker-69: Building] INFO  o.a.m.s.f.DefaultMavenResourcesFiltering - Copying 0 resource from src\main\resources to target\classes
2025-12-14 11:47:27,309 [Worker-69: Building] INFO  o.a.m.s.f.DefaultMavenResourcesFiltering - Copying 0 resource from src\main\resources to target\classes
2025-12-14 11:47:27,313 [Worker-69: Building] INFO  o.a.m.s.f.DefaultMavenResourcesFiltering - skip non existing resourceDirectory C:\Users\flame\Documents\eclipseProjects\mediaLogic\SampleAPI\src\test\resources
2025-12-14 11:49:18,979 [Worker-72: Building] INFO  o.e.m.c.i.l.LifecycleMappingFactory - Using org.eclipse.m2e.jdt.JarLifecycleMapping lifecycle mapping for MavenProject: com.example:SampleAPI:0.0.1-SNAPSHOT @ C:\Users\flame\Documents\eclipseProjects\mediaLogic\SampleAPI\pom.xml.
2025-12-14 11:49:19,956 [Worker-72: Building] INFO  o.a.m.s.f.DefaultMavenResourcesFiltering - Copying 0 resource from src\main\resources to target\classes
2025-12-14 11:49:19,957 [Worker-72: Building] INFO  o.a.m.s.f.DefaultMavenResourcesFiltering - Copying 0 resource from src\main\resources to target\classes
2025-12-14 11:49:19,965 [Worker-72: Building] INFO  o.a.m.s.f.DefaultMavenResourcesFiltering - skip non existing resourceDirectory C:\Users\flame\Documents\eclipseProjects\mediaLogic\SampleAPI\src\test\resources
2025-12-14 11:49:29,334 [Worker-69: Building] INFO  o.e.m.c.i.l.LifecycleMappingFactory - Using org.eclipse.m2e.jdt.JarLifecycleMapping lifecycle mapping for MavenProject: com.example:SampleAPI:0.0.1-SNAPSHOT @ C:\Users\flame\Documents\eclipseProjects\mediaLogic\SampleAPI\pom.xml.
2025-12-14 11:49:29,955 [Worker-69: Building] INFO  o.a.m.s.f.DefaultMavenResourcesFiltering - Copying 0 resource from src\main\resources to target\classes
2025-12-14 11:49:29,956 [Worker-69: Building] INFO  o.a.m.s.f.DefaultMavenResourcesFiltering - Copying 0 resource from src\main\resources to target\classes
2025-12-14 11:49:29,960 [Worker-69: Building] INFO  o.a.m.s.f.DefaultMavenResourcesFiltering - skip non existing resourceDirectory C:\Users\flame\Documents\eclipseProjects\mediaLogic\SampleAPI\src\test\resources
2025-12-14 11:50:16,668 [Worker-75: Building] INFO  o.a.m.s.f.DefaultMavenResourcesFiltering - Copying 0 resource from src\main\resources to target\classes
2025-12-14 11:50:16,669 [Worker-75: Building] INFO  o.a.m.s.f.DefaultMavenResourcesFiltering - Copying 0 resource from src\main\resources to target\classes
2025-12-14 11:50:16,673 [Worker-75: Building] INFO  o.a.m.s.f.DefaultMavenResourcesFiltering - skip non existing resourceDirectory C:\Users\flame\Documents\eclipseProjects\mediaLogic\SampleAPI\src\test\resources
2025-12-14 11:50:22,576 [Worker-74: Launching SampleAPI] INFO  o.eclipse.m2e.core.internal.Bundles - getClasspathEntries(Bundle=org.eclipse.m2e.maven.runtime_3.9.900.20240824-1409 [642])
2025-12-14 11:50:22,577 [Worker-74: Launching SampleAPI] INFO  o.eclipse.m2e.core.internal.Bundles - 	Entry: C:\Users\flame\.p2\pool\plugins\org.eclipse.m2e.maven.runtime_3.9.900.20240824-1409
2025-12-14 11:50:22,577 [Worker-74: Launching SampleAPI] INFO  o.eclipse.m2e.core.internal.Bundles - 	Entry: C:\Users\flame\.p2\pool\plugins\org.eclipse.m2e.maven.runtime_3.9.900.20240824-1409\jars\aopalliance-1.0.jar
2025-12-14 11:50:22,577 [Worker-74: Launching SampleAPI] INFO  o.eclipse.m2e.core.internal.Bundles - 	Entry: C:\Users\flame\.p2\pool\plugins\org.eclipse.m2e.maven.runtime_3.9.900.20240824-1409\jars\guice-5.1.0.jar
2025-12-14 11:50:22,577 [Worker-74: Launching SampleAPI] INFO  o.eclipse.m2e.core.internal.Bundles - 	Entry: C:\Users\flame\.p2\pool\plugins\org.eclipse.m2e.maven.runtime_3.9.900.20240824-1409\jars\httpclient-4.5.14.jar
2025-12-14 11:50:22,577 [Worker-74: Launching SampleAPI] INFO  o.eclipse.m2e.core.internal.Bundles - 	Entry: C:\Users\flame\.p2\pool\plugins\org.eclipse.m2e.maven.runtime_3.9.900.20240824-1409\jars\httpcore-4.4.16.jar
2025-12-14 11:50:22,577 [Worker-74: Launching SampleAPI] INFO  o.eclipse.m2e.core.internal.Bundles - 	Entry: C:\Users\flame\.p2\pool\plugins\org.eclipse.m2e.maven.runtime_3.9.900.20240824-1409\jars\jansi-2.4.1.jar
2025-12-14 11:50:22,577 [Worker-74: Launching SampleAPI] INFO  o.eclipse.m2e.core.internal.Bundles - 	Entry: C:\Users\flame\.p2\pool\plugins\org.eclipse.m2e.maven.runtime_3.9.900.20240824-1409\jars\jcl-over-slf4j-1.7.36.jar
2025-12-14 11:50:22,577 [Worker-74: Launching SampleAPI] INFO  o.eclipse.m2e.core.internal.Bundles - 	Entry: C:\Users\flame\.p2\pool\plugins\org.eclipse.m2e.maven.runtime_3.9.900.20240824-1409\jars\maven-artifact-3.9.9.jar
2025-12-14 11:50:22,578 [Worker-74: Launching SampleAPI] INFO  o.eclipse.m2e.core.internal.Bundles - 	Entry: C:\Users\flame\.p2\pool\plugins\org.eclipse.m2e.maven.runtime_3.9.900.20240824-1409\jars\maven-builder-support-3.9.9.jar
2025-12-14 11:50:22,578 [Worker-74: Launching SampleAPI] INFO  o.eclipse.m2e.core.internal.Bundles - 	Entry: C:\Users\flame\.p2\pool\plugins\org.eclipse.m2e.maven.runtime_3.9.900.20240824-1409\jars\maven-compat-3.9.9.jar
2025-12-14 11:50:22,578 [Worker-74: Launching SampleAPI] INFO  o.eclipse.m2e.core.internal.Bundles - 	Entry: C:\Users\flame\.p2\pool\plugins\org.eclipse.m2e.maven.runtime_3.9.900.20240824-1409\jars\maven-core-3.9.9.jar
2025-12-14 11:50:22,578 [Worker-74: Launching SampleAPI] INFO  o.eclipse.m2e.core.internal.Bundles - 	Entry: C:\Users\flame\.p2\pool\plugins\org.eclipse.m2e.maven.runtime_3.9.900.20240824-1409\jars\maven-embedder-3.9.9.jar
2025-12-14 11:50:22,578 [Worker-74: Launching SampleAPI] INFO  o.eclipse.m2e.core.internal.Bundles - 	Entry: C:\Users\flame\.p2\pool\plugins\org.eclipse.m2e.maven.runtime_3.9.900.20240824-1409\jars\maven-model-3.9.9.jar
2025-12-14 11:50:22,578 [Worker-74: Launching SampleAPI] INFO  o.eclipse.m2e.core.internal.Bundles - 	Entry: C:\Users\flame\.p2\pool\plugins\org.eclipse.m2e.maven.runtime_3.9.900.20240824-1409\jars\maven-model-builder-3.9.9.jar
2025-12-14 11:50:22,578 [Worker-74: Launching SampleAPI] INFO  o.eclipse.m2e.core.internal.Bundles - 	Entry: C:\Users\flame\.p2\pool\plugins\org.eclipse.m2e.maven.runtime_3.9.900.20240824-1409\jars\maven-plugin-api-3.9.9.jar
2025-12-14 11:50:22,578 [Worker-74: Launching SampleAPI] INFO  o.eclipse.m2e.core.internal.Bundles - 	Entry: C:\Users\flame\.p2\pool\plugins\org.eclipse.m2e.maven.runtime_3.9.900.20240824-1409\jars\maven-repository-metadata-3.9.9.jar
2025-12-14 11:50:22,578 [Worker-74: Launching SampleAPI] INFO  o.eclipse.m2e.core.internal.Bundles - 	Entry: C:\Users\flame\.p2\pool\plugins\org.eclipse.m2e.maven.runtime_3.9.900.20240824-1409\jars\maven-resolver-api-1.9.22.jar
2025-12-14 11:50:22,578 [Worker-74: Launching SampleAPI] INFO  o.eclipse.m2e.core.internal.Bundles - 	Entry: C:\Users\flame\.p2\pool\plugins\org.eclipse.m2e.maven.runtime_3.9.900.20240824-1409\jars\maven-resolver-connector-basic-1.9.22.jar
2025-12-14 11:50:22,578 [Worker-74: Launching SampleAPI] INFO  o.eclipse.m2e.core.internal.Bundles - 	Entry: C:\Users\flame\.p2\pool\plugins\org.eclipse.m2e.maven.runtime_3.9.900.20240824-1409\jars\maven-resolver-impl-1.9.22.jar
2025-12-14 11:50:22,579 [Worker-74: Launching SampleAPI] INFO  o.eclipse.m2e.core.internal.Bundles - 	Entry: C:\Users\flame\.p2\pool\plugins\org.eclipse.m2e.maven.runtime_3.9.900.20240824-1409\jars\maven-resolver-named-locks-1.9.22.jar
2025-12-14 11:50:22,579 [Worker-74: Launching SampleAPI] INFO  o.eclipse.m2e.core.internal.Bundles - 	Entry: C:\Users\flame\.p2\pool\plugins\org.eclipse.m2e.maven.runtime_3.9.900.20240824-1409\jars\maven-resolver-provider-3.9.9.jar
2025-12-14 11:50:22,579 [Worker-74: Launching SampleAPI] INFO  o.eclipse.m2e.core.internal.Bundles - 	Entry: C:\Users\flame\.p2\pool\plugins\org.eclipse.m2e.maven.runtime_3.9.900.20240824-1409\jars\maven-resolver-spi-1.9.22.jar
2025-12-14 11:50:22,579 [Worker-74: Launching SampleAPI] INFO  o.eclipse.m2e.core.internal.Bundles - 	Entry: C:\Users\flame\.p2\pool\plugins\org.eclipse.m2e.maven.runtime_3.9.900.20240824-1409\jars\maven-resolver-transport-file-1.9.22.jar
2025-12-14 11:50:22,579 [Worker-74: Launching SampleAPI] INFO  o.eclipse.m2e.core.internal.Bundles - 	Entry: C:\Users\flame\.p2\pool\plugins\org.eclipse.m2e.maven.runtime_3.9.900.20240824-1409\jars\maven-resolver-transport-http-1.9.22.jar
2025-12-14 11:50:22,579 [Worker-74: Launching SampleAPI] INFO  o.eclipse.m2e.core.internal.Bundles - 	Entry: C:\Users\flame\.p2\pool\plugins\org.eclipse.m2e.maven.runtime_3.9.900.20240824-1409\jars\maven-resolver-transport-wagon-1.9.22.jar
2025-12-14 11:50:22,579 [Worker-74: Launching SampleAPI] INFO  o.eclipse.m2e.core.internal.Bundles - 	Entry: C:\Users\flame\.p2\pool\plugins\org.eclipse.m2e.maven.runtime_3.9.900.20240824-1409\jars\maven-resolver-util-1.9.22.jar
2025-12-14 11:50:22,579 [Worker-74: Launching SampleAPI] INFO  o.eclipse.m2e.core.internal.Bundles - 	Entry: C:\Users\flame\.p2\pool\plugins\org.eclipse.m2e.maven.runtime_3.9.900.20240824-1409\jars\maven-settings-3.9.9.jar
2025-12-14 11:50:22,579 [Worker-74: Launching SampleAPI] INFO  o.eclipse.m2e.core.internal.Bundles - 	Entry: C:\Users\flame\.p2\pool\plugins\org.eclipse.m2e.maven.runtime_3.9.900.20240824-1409\jars\maven-settings-builder-3.9.9.jar
2025-12-14 11:50:22,579 [Worker-74: Launching SampleAPI] INFO  o.eclipse.m2e.core.internal.Bundles - 	Entry: C:\Users\flame\.p2\pool\plugins\org.eclipse.m2e.maven.runtime_3.9.900.20240824-1409\jars\maven-shared-utils-3.4.2.jar
2025-12-14 11:50:22,579 [Worker-74: Launching SampleAPI] INFO  o.eclipse.m2e.core.internal.Bundles - 	Entry: C:\Users\flame\.p2\pool\plugins\org.eclipse.m2e.maven.runtime_3.9.900.20240824-1409\jars\org.eclipse.sisu.inject-0.9.0.M3.jar
2025-12-14 11:50:22,580 [Worker-74: Launching SampleAPI] INFO  o.eclipse.m2e.core.internal.Bundles - 	Entry: C:\Users\flame\.p2\pool\plugins\org.eclipse.m2e.maven.runtime_3.9.900.20240824-1409\jars\org.eclipse.sisu.plexus-0.9.0.M3.jar
2025-12-14 11:50:22,580 [Worker-74: Launching SampleAPI] INFO  o.eclipse.m2e.core.internal.Bundles - 	Entry: C:\Users\flame\.p2\pool\plugins\org.eclipse.m2e.maven.runtime_3.9.900.20240824-1409\jars\plexus-build-api-0.0.7.jar
2025-12-14 11:50:22,580 [Worker-74: Launching SampleAPI] INFO  o.eclipse.m2e.core.internal.Bundles - 	Entry: C:\Users\flame\.p2\pool\plugins\org.eclipse.m2e.maven.runtime_3.9.900.20240824-1409\jars\plexus-build-api-1.2.0.jar
2025-12-14 11:50:22,580 [Worker-74: Launching SampleAPI] INFO  o.eclipse.m2e.core.internal.Bundles - 	Entry: C:\Users\flame\.p2\pool\plugins\org.eclipse.m2e.maven.runtime_3.9.900.20240824-1409\jars\plexus-cipher-2.0.jar
2025-12-14 11:50:22,580 [Worker-74: Launching SampleAPI] INFO  o.eclipse.m2e.core.internal.Bundles - 	Entry: C:\Users\flame\.p2\pool\plugins\org.eclipse.m2e.maven.runtime_3.9.900.20240824-1409\jars\plexus-classworlds-2.8.0.jar
2025-12-14 11:50:22,580 [Worker-74: Launching SampleAPI] INFO  o.eclipse.m2e.core.internal.Bundles - 	Entry: C:\Users\flame\.p2\pool\plugins\org.eclipse.m2e.maven.runtime_3.9.900.20240824-1409\jars\plexus-component-annotations-2.1.0.jar
2025-12-14 11:50:22,580 [Worker-74: Launching SampleAPI] INFO  o.eclipse.m2e.core.internal.Bundles - 	Entry: C:\Users\flame\.p2\pool\plugins\org.eclipse.m2e.maven.runtime_3.9.900.20240824-1409\jars\plexus-interpolation-1.27.jar
2025-12-14 11:50:22,580 [Worker-74: Launching SampleAPI] INFO  o.eclipse.m2e.core.internal.Bundles - 	Entry: C:\Users\flame\.p2\pool\plugins\org.eclipse.m2e.maven.runtime_3.9.900.20240824-1409\jars\plexus-sec-dispatcher-2.0.jar
2025-12-14 11:50:22,580 [Worker-74: Launching SampleAPI] INFO  o.eclipse.m2e.core.internal.Bundles - 	Entry: C:\Users\flame\.p2\pool\plugins\org.eclipse.m2e.maven.runtime_3.9.900.20240824-1409\jars\plexus-utils-3.5.1.jar
2025-12-14 11:50:22,580 [Worker-74: Launching SampleAPI] INFO  o.eclipse.m2e.core.internal.Bundles - 	Entry: C:\Users\flame\.p2\pool\plugins\org.eclipse.m2e.maven.runtime_3.9.900.20240824-1409\jars\plexus-xml-3.0.1.jar
2025-12-14 11:50:22,580 [Worker-74: Launching SampleAPI] INFO  o.eclipse.m2e.core.internal.Bundles - 	Entry: C:\Users\flame\.p2\pool\plugins\org.eclipse.m2e.maven.runtime_3.9.900.20240824-1409\jars\wagon-file-3.5.3.jar
2025-12-14 11:50:22,581 [Worker-74: Launching SampleAPI] INFO  o.eclipse.m2e.core.internal.Bundles - 	Entry: C:\Users\flame\.p2\pool\plugins\org.eclipse.m2e.maven.runtime_3.9.900.20240824-1409\jars\wagon-http-3.5.3.jar
2025-12-14 11:50:22,581 [Worker-74: Launching SampleAPI] INFO  o.eclipse.m2e.core.internal.Bundles - 	Entry: C:\Users\flame\.p2\pool\plugins\org.eclipse.m2e.maven.runtime_3.9.900.20240824-1409\jars\wagon-http-shared-3.5.3.jar
2025-12-14 11:50:22,581 [Worker-74: Launching SampleAPI] INFO  o.eclipse.m2e.core.internal.Bundles - 	Entry: C:\Users\flame\.p2\pool\plugins\org.eclipse.m2e.maven.runtime_3.9.900.20240824-1409\jars\wagon-provider-api-3.5.3.jar
2025-12-14 11:50:22,581 [Worker-74: Launching SampleAPI] INFO  o.eclipse.m2e.core.internal.Bundles - getClasspathEntries(Bundle=com.google.guava_33.3.1.jre [1028])
2025-12-14 11:50:22,581 [Worker-74: Launching SampleAPI] INFO  o.eclipse.m2e.core.internal.Bundles - 	Entry: C:\Users\flame\.p2\pool\plugins\com.google.guava_33.3.1.jre.jar
2025-12-14 11:50:22,581 [Worker-74: Launching SampleAPI] INFO  o.eclipse.m2e.core.internal.Bundles - getClasspathEntries(Bundle=slf4j.api_2.0.17 [1152])
2025-12-14 11:50:22,582 [Worker-74: Launching SampleAPI] INFO  o.eclipse.m2e.core.internal.Bundles - 	Entry: C:\Users\flame\.p2\pool\plugins\slf4j.api_2.0.17.jar
2025-12-14 11:50:22,582 [Worker-74: Launching SampleAPI] INFO  o.eclipse.m2e.core.internal.Bundles - getClasspathEntries(Bundle=jakarta.inject.jakarta.inject-api_1.0.5 [34])
2025-12-14 11:50:22,582 [Worker-74: Launching SampleAPI] INFO  o.eclipse.m2e.core.internal.Bundles - 	Entry: C:\Users\flame\.p2\pool\plugins\jakarta.inject.jakarta.inject-api_1.0.5.jar
2025-12-14 11:50:22,582 [Worker-74: Launching SampleAPI] INFO  o.eclipse.m2e.core.internal.Bundles - getClasspathEntries(Bundle=jakarta.annotation-api_1.3.5 [29])
2025-12-14 11:50:22,582 [Worker-74: Launching SampleAPI] INFO  o.eclipse.m2e.core.internal.Bundles - 	Entry: C:\Users\flame\.p2\pool\plugins\jakarta.annotation-api_1.3.5.jar
2025-12-14 11:50:22,582 [Worker-74: Launching SampleAPI] INFO  o.eclipse.m2e.core.internal.Bundles - getClasspathEntries(Bundle=org.apache.commons.cli_1.9.0 [78])
2025-12-14 11:50:22,583 [Worker-74: Launching SampleAPI] INFO  o.eclipse.m2e.core.internal.Bundles - 	Entry: C:\Users\flame\.p2\pool\plugins\org.apache.commons.cli_1.9.0.jar
2025-12-14 11:50:22,583 [Worker-74: Launching SampleAPI] INFO  o.eclipse.m2e.core.internal.Bundles - getClasspathEntries(Bundle=org.apache.commons.commons-codec_1.16.0 [81])
2025-12-14 11:50:22,583 [Worker-74: Launching SampleAPI] INFO  o.eclipse.m2e.core.internal.Bundles - 	Entry: C:\Users\flame\.p2\pool\plugins\org.apache.commons.commons-codec_1.16.0.jar
2025-12-14 11:50:22,583 [Worker-74: Launching SampleAPI] INFO  o.eclipse.m2e.core.internal.Bundles - getClasspathEntries(Bundle=com.google.guava.failureaccess_1.0.2 [17])
2025-12-14 11:50:22,583 [Worker-74: Launching SampleAPI] INFO  o.eclipse.m2e.core.internal.Bundles - 	Entry: C:\Users\flame\.p2\pool\plugins\com.google.guava.failureaccess_1.0.2.jar
2025-12-14 11:50:22,583 [Worker-74: Launching SampleAPI] INFO  o.eclipse.m2e.core.internal.Bundles - getClasspathEntries(Bundle=org.eclipse.m2e.workspace.cli_0.3.1 [654])
2025-12-14 11:50:22,584 [Worker-74: Launching SampleAPI] INFO  o.eclipse.m2e.core.internal.Bundles - 	Entry: C:\Users\flame\.p2\pool\plugins\org.eclipse.m2e.workspace.cli_0.3.1.jar
2025-12-14 11:50:22,585 [Worker-74: Launching SampleAPI] INFO  o.e.m.i.launch.MavenLaunchDelegate - Run build in "C:\Users\flame\Documents\eclipseProjects\mediaLogic\SampleAPI":
2025-12-14 11:50:22,585 [Worker-74: Launching SampleAPI] INFO  o.e.m.i.launch.MavenLaunchDelegate -  mvn  -Ppom.xml -B -X -e -U -Dmaven.test.skip=true -DskipTests -Dstyle.color=always clean install
2025-12-14 11:50:35,852 [Worker-75: Updating Maven Project] INFO  o.e.m.c.i.p.ProjectConfigurationManager - Update started
2025-12-14 11:50:36,259 [Worker-75: Updating Maven Project] INFO  o.e.m.c.i.l.LifecycleMappingFactory - Using org.eclipse.m2e.jdt.JarLifecycleMapping lifecycle mapping for MavenProject: com.example:SampleAPI:0.0.1-SNAPSHOT @ C:\Users\flame\Documents\eclipseProjects\mediaLogic\SampleAPI\pom.xml.
2025-12-14 11:50:36,833 [Worker-75: Updating Maven Project] INFO  o.e.m.j.i.AbstractJavaProjectConfigurator - Adding source folder /SampleAPI/src/main/java
2025-12-14 11:50:36,834 [Worker-75: Updating Maven Project] INFO  o.e.m.j.i.AbstractJavaProjectConfigurator - Adding resource folder /SampleAPI/src/main/resources
2025-12-14 11:50:36,835 [Worker-75: Updating Maven Project] INFO  o.e.m.j.i.AbstractJavaProjectConfigurator - Adding resource folder /SampleAPI/src/main/resources
2025-12-14 11:50:36,835 [Worker-75: Updating Maven Project] INFO  o.e.m.j.i.AbstractJavaProjectConfigurator - Adding source folder /SampleAPI/src/test/java
2025-12-14 11:50:36,836 [Worker-75: Updating Maven Project] INFO  o.e.m.j.i.AbstractJavaProjectConfigurator - Adding resource folder /SampleAPI/src/test/resources
2025-12-14 11:50:36,964 [Worker-75: Updating Maven Project] INFO  o.e.m.jdt.internal.UnitTestSupport - Reset launch configuration name: SampleApiApplicationTests
2025-12-14 11:50:36,964 [Worker-75: Updating Maven Project] INFO  o.e.m.jdt.internal.UnitTestSupport - Updating SampleApiApplicationTests from maven configuration
2025-12-14 11:50:37,083 [Worker-75: Updating Maven Project] INFO  o.e.m.c.i.p.ProjectConfigurationManager - Update completed for 1 poms: local refresh takes 0,00 sec, refresh facades takes 0,00 sec, update config takes 0,00 sec 
2025-12-14 11:50:37,404 [Worker-72: Building] INFO  o.a.m.s.f.DefaultMavenResourcesFiltering - Copying 1 resource from src\main\resources to target\classes
2025-12-14 11:50:37,428 [Worker-72: Building] INFO  o.a.m.s.f.DefaultMavenResourcesFiltering - Copying 0 resource from src\main\resources to target\classes
2025-12-14 11:50:37,434 [Worker-72: Building] INFO  o.a.m.s.f.DefaultMavenResourcesFiltering - skip non existing resourceDirectory C:\Users\flame\Documents\eclipseProjects\mediaLogic\SampleAPI\src\test\resources
2025-12-14 11:52:18,429 [Worker-73: Building] INFO  o.e.m.c.i.l.LifecycleMappingFactory - Using org.eclipse.m2e.jdt.JarLifecycleMapping lifecycle mapping for MavenProject: com.example:SampleAPI:0.0.1-SNAPSHOT @ C:\Users\flame\Documents\eclipseProjects\mediaLogic\SampleAPI\pom.xml.
2025-12-14 11:52:19,216 [Worker-73: Building] INFO  o.a.m.s.f.DefaultMavenResourcesFiltering - Copying 0 resource from src\main\resources to target\classes
2025-12-14 11:52:19,217 [Worker-73: Building] INFO  o.a.m.s.f.DefaultMavenResourcesFiltering - Copying 0 resource from src\main\resources to target\classes
2025-12-14 11:52:19,222 [Worker-73: Building] INFO  o.a.m.s.f.DefaultMavenResourcesFiltering - skip non existing resourceDirectory C:\Users\flame\Documents\eclipseProjects\mediaLogic\SampleAPI\src\test\resources
2025-12-14 11:52:20,462 [Worker-76: Building] INFO  o.a.m.s.f.DefaultMavenResourcesFiltering - Copying 1 resource from src\main\resources to target\classes
2025-12-14 11:52:20,484 [Worker-76: Building] INFO  o.a.m.s.f.DefaultMavenResourcesFiltering - Copying 0 resource from src\main\resources to target\classes
2025-12-14 11:52:20,489 [Worker-76: Building] INFO  o.a.m.s.f.DefaultMavenResourcesFiltering - skip non existing resourceDirectory C:\Users\flame\Documents\eclipseProjects\mediaLogic\SampleAPI\src\test\resources
2025-12-14 11:52:31,561 [Worker-66: Building] ERROR o.e.m.c.i.p.r.ProjectRegistryManager - Could not read pom.xml
org.eclipse.core.runtime.CoreException: Could not read pom.xml
	at org.eclipse.m2e.core.internal.IMavenToolbox.readModel(IMavenToolbox.java:245)
	at org.eclipse.m2e.core.internal.project.registry.ProjectRegistryManager.refreshPhase2(ProjectRegistryManager.java:591)
	at org.eclipse.m2e.core.internal.project.registry.ProjectRegistryManager.refresh(ProjectRegistryManager.java:491)
	at org.eclipse.m2e.core.internal.project.registry.ProjectRegistryManager.refresh(ProjectRegistryManager.java:370)
	at org.eclipse.m2e.core.internal.project.registry.ProjectRegistryManager.refresh(ProjectRegistryManager.java:322)
	at org.eclipse.m2e.core.internal.builder.MavenBuilder$BuildMethod.getProjectFacade(MavenBuilder.java:146)
	at org.eclipse.m2e.core.internal.builder.MavenBuilder$BuildMethod.lambda$0(MavenBuilder.java:84)
	at org.eclipse.m2e.core.internal.embedder.MavenExecutionContext.executeBare(MavenExecutionContext.java:458)
	at org.eclipse.m2e.core.internal.embedder.MavenExecutionContext.execute(MavenExecutionContext.java:339)
	at org.eclipse.m2e.core.internal.embedder.MavenExecutionContext.execute(MavenExecutionContext.java:278)
	at org.eclipse.m2e.core.internal.builder.MavenBuilder$BuildMethod.execute(MavenBuilder.java:83)
	at org.eclipse.m2e.core.internal.builder.MavenBuilder.build(MavenBuilder.java:192)
	at org.eclipse.core.internal.events.BuildManager$2.run(BuildManager.java:1077)
	at org.eclipse.core.runtime.SafeRunner.run(SafeRunner.java:47)
	at org.eclipse.core.internal.events.BuildManager.basicBuild(BuildManager.java:296)
	at org.eclipse.core.internal.events.BuildManager.basicBuild(BuildManager.java:352)
	at org.eclipse.core.internal.events.BuildManager$1.run(BuildManager.java:441)
	at org.eclipse.core.runtime.SafeRunner.run(SafeRunner.java:47)
	at org.eclipse.core.internal.events.BuildManager.basicBuild(BuildManager.java:444)
	at org.eclipse.core.internal.events.BuildManager.basicBuildLoop(BuildManager.java:555)
	at org.eclipse.core.internal.events.BuildManager.basicBuildLoop(BuildManager.java:503)
	at org.eclipse.core.internal.events.BuildManager.build(BuildManager.java:585)
	at org.eclipse.core.internal.events.AutoBuildJob.doBuild(AutoBuildJob.java:207)
	at org.eclipse.core.internal.events.AutoBuildJob.run(AutoBuildJob.java:300)
	at org.eclipse.core.internal.jobs.Worker.run(Worker.java:63)
Caused by: org.apache.maven.model.io.ModelParseException: end tag name </artifact> must match start tag name <artifactId> from line 40 (position: TEXT seen ...<artifactId>spring-boot-starter-webmvc</artifact>... @40:56) 
	at org.apache.maven.model.io.DefaultModelReader.read(DefaultModelReader.java:96)
	at org.apache.maven.model.io.DefaultModelReader.read(DefaultModelReader.java:74)
	at org.eclipse.m2e.core.internal.IMavenToolbox.readModel(IMavenToolbox.java:243)
	... 24 common frames omitted
Caused by: org.codehaus.plexus.util.xml.pull.XmlPullParserException: end tag name </artifact> must match start tag name <artifactId> from line 40 (position: TEXT seen ...<artifactId>spring-boot-starter-webmvc</artifact>... @40:56) 
	at org.codehaus.plexus.util.xml.pull.MXParser.parseEndTag(MXParser.java:2151)
	at org.codehaus.plexus.util.xml.pull.MXParser.nextImpl(MXParser.java:1418)
	at org.codehaus.plexus.util.xml.pull.MXParser.next(MXParser.java:1375)
	at org.codehaus.plexus.util.xml.pull.MXParser.nextText(MXParser.java:1335)
	at org.apache.maven.model.io.xpp3.MavenXpp3Reader.parseDependency(MavenXpp3Reader.java:1430)
	at org.apache.maven.model.io.xpp3.MavenXpp3Reader.parseModel(MavenXpp3Reader.java:2321)
	at org.apache.maven.model.io.xpp3.MavenXpp3Reader.read(MavenXpp3Reader.java:623)
	at org.apache.maven.model.io.xpp3.MavenXpp3Reader.read(MavenXpp3Reader.java:654)
	at org.apache.maven.model.io.DefaultModelReader.read(DefaultModelReader.java:93)
	... 26 common frames omitted
2025-12-14 11:52:32,772 [Worker-73: Building] ERROR o.e.m.c.i.p.r.ProjectRegistryManager - Could not read pom.xml
org.eclipse.core.runtime.CoreException: Could not read pom.xml
	at org.eclipse.m2e.core.internal.IMavenToolbox.readModel(IMavenToolbox.java:245)
	at org.eclipse.m2e.core.internal.project.registry.ProjectRegistryManager.refreshPhase2(ProjectRegistryManager.java:591)
	at org.eclipse.m2e.core.internal.project.registry.ProjectRegistryManager.refresh(ProjectRegistryManager.java:491)
	at org.eclipse.m2e.core.internal.project.registry.ProjectRegistryManager.refresh(ProjectRegistryManager.java:370)
	at org.eclipse.m2e.core.internal.project.registry.ProjectRegistryManager.refresh(ProjectRegistryManager.java:322)
	at org.eclipse.m2e.core.internal.builder.MavenBuilder$BuildMethod.getProjectFacade(MavenBuilder.java:146)
	at org.eclipse.m2e.core.internal.builder.MavenBuilder$BuildMethod.lambda$0(MavenBuilder.java:84)
	at org.eclipse.m2e.core.internal.embedder.MavenExecutionContext.executeBare(MavenExecutionContext.java:458)
	at org.eclipse.m2e.core.internal.embedder.MavenExecutionContext.execute(MavenExecutionContext.java:339)
	at org.eclipse.m2e.core.internal.embedder.MavenExecutionContext.execute(MavenExecutionContext.java:278)
	at org.eclipse.m2e.core.internal.builder.MavenBuilder$BuildMethod.execute(MavenBuilder.java:83)
	at org.eclipse.m2e.core.internal.builder.MavenBuilder.build(MavenBuilder.java:192)
	at org.eclipse.core.internal.events.BuildManager$2.run(BuildManager.java:1077)
	at org.eclipse.core.runtime.SafeRunner.run(SafeRunner.java:47)
	at org.eclipse.core.internal.events.BuildManager.basicBuild(BuildManager.java:296)
	at org.eclipse.core.internal.events.BuildManager.basicBuild(BuildManager.java:352)
	at org.eclipse.core.internal.events.BuildManager$1.run(BuildManager.java:441)
	at org.eclipse.core.runtime.SafeRunner.run(SafeRunner.java:47)
	at org.eclipse.core.internal.events.BuildManager.basicBuild(BuildManager.java:444)
	at org.eclipse.core.internal.events.BuildManager.basicBuildLoop(BuildManager.java:555)
	at org.eclipse.core.internal.events.BuildManager.basicBuildLoop(BuildManager.java:503)
	at org.eclipse.core.internal.events.BuildManager.build(BuildManager.java:585)
	at org.eclipse.core.internal.events.AutoBuildJob.doBuild(AutoBuildJob.java:207)
	at org.eclipse.core.internal.events.AutoBuildJob.run(AutoBuildJob.java:300)
	at org.eclipse.core.internal.jobs.Worker.run(Worker.java:63)
Caused by: org.apache.maven.model.io.ModelParseException: end tag name </artifact> must match start tag name <artifactId> from line 40 (position: TEXT seen ...<artifactId>spring-boot-starter-webmvc</artifact>... @40:56) 
	at org.apache.maven.model.io.DefaultModelReader.read(DefaultModelReader.java:96)
	at org.apache.maven.model.io.DefaultModelReader.read(DefaultModelReader.java:74)
	at org.eclipse.m2e.core.internal.IMavenToolbox.readModel(IMavenToolbox.java:243)
	... 24 common frames omitted
Caused by: org.codehaus.plexus.util.xml.pull.XmlPullParserException: end tag name </artifact> must match start tag name <artifactId> from line 40 (position: TEXT seen ...<artifactId>spring-boot-starter-webmvc</artifact>... @40:56) 
	at org.codehaus.plexus.util.xml.pull.MXParser.parseEndTag(MXParser.java:2151)
	at org.codehaus.plexus.util.xml.pull.MXParser.nextImpl(MXParser.java:1418)
	at org.codehaus.plexus.util.xml.pull.MXParser.next(MXParser.java:1375)
	at org.codehaus.plexus.util.xml.pull.MXParser.nextText(MXParser.java:1335)
	at org.apache.maven.model.io.xpp3.MavenXpp3Reader.parseDependency(MavenXpp3Reader.java:1430)
	at org.apache.maven.model.io.xpp3.MavenXpp3Reader.parseModel(MavenXpp3Reader.java:2321)
	at org.apache.maven.model.io.xpp3.MavenXpp3Reader.read(MavenXpp3Reader.java:623)
	at org.apache.maven.model.io.xpp3.MavenXpp3Reader.read(MavenXpp3Reader.java:654)
	at org.apache.maven.model.io.DefaultModelReader.read(DefaultModelReader.java:93)
	... 26 common frames omitted
2025-12-14 11:53:08,066 [Worker-76: Building] INFO  o.e.m.c.i.l.LifecycleMappingFactory - Using org.eclipse.m2e.jdt.JarLifecycleMapping lifecycle mapping for MavenProject: com.example:SampleAPI:0.0.1-SNAPSHOT @ C:\Users\flame\Documents\eclipseProjects\mediaLogic\SampleAPI\pom.xml.
2025-12-14 11:53:08,967 [Worker-76: Building] INFO  o.a.m.s.f.DefaultMavenResourcesFiltering - Copying 1 resource from src\main\resources to target\classes
2025-12-14 11:53:08,982 [Worker-76: Building] INFO  o.a.m.s.f.DefaultMavenResourcesFiltering - Copying 0 resource from src\main\resources to target\classes
2025-12-14 11:53:08,987 [Worker-76: Building] INFO  o.a.m.s.f.DefaultMavenResourcesFiltering - skip non existing resourceDirectory C:\Users\flame\Documents\eclipseProjects\mediaLogic\SampleAPI\src\test\resources
2025-12-14 11:53:10,412 [Worker-66: Building] INFO  o.a.m.s.f.DefaultMavenResourcesFiltering - Copying 1 resource from src\main\resources to target\classes
2025-12-14 11:53:10,415 [Worker-66: Building] INFO  o.a.m.s.f.DefaultMavenResourcesFiltering - Copying 0 resource from src\main\resources to target\classes
2025-12-14 11:53:10,420 [Worker-66: Building] INFO  o.a.m.s.f.DefaultMavenResourcesFiltering - skip non existing resourceDirectory C:\Users\flame\Documents\eclipseProjects\mediaLogic\SampleAPI\src\test\resources
2025-12-14 11:53:22,840 [Worker-72: Building] INFO  o.a.m.s.f.DefaultMavenResourcesFiltering - Copying 0 resource from src\main\resources to target\classes
2025-12-14 11:53:22,841 [Worker-72: Building] INFO  o.a.m.s.f.DefaultMavenResourcesFiltering - Copying 0 resource from src\main\resources to target\classes
2025-12-14 11:53:22,845 [Worker-72: Building] INFO  o.a.m.s.f.DefaultMavenResourcesFiltering - skip non existing resourceDirectory C:\Users\flame\Documents\eclipseProjects\mediaLogic\SampleAPI\src\test\resources
2025-12-14 11:53:31,963 [Worker-69: Building] INFO  o.a.m.s.f.DefaultMavenResourcesFiltering - Copying 0 resource from src\main\resources to target\classes
2025-12-14 11:53:31,964 [Worker-69: Building] INFO  o.a.m.s.f.DefaultMavenResourcesFiltering - Copying 0 resource from src\main\resources to target\classes
2025-12-14 11:53:31,967 [Worker-69: Building] INFO  o.a.m.s.f.DefaultMavenResourcesFiltering - skip non existing resourceDirectory C:\Users\flame\Documents\eclipseProjects\mediaLogic\SampleAPI\src\test\resources
2025-12-14 11:53:36,138 [Worker-69: Building] INFO  o.a.m.s.f.DefaultMavenResourcesFiltering - Copying 1 resource from src\main\resources to target\classes
2025-12-14 11:53:36,141 [Worker-69: Building] INFO  o.a.m.s.f.DefaultMavenResourcesFiltering - Copying 0 resource from src\main\resources to target\classes
2025-12-14 11:53:36,146 [Worker-69: Building] INFO  o.a.m.s.f.DefaultMavenResourcesFiltering - skip non existing resourceDirectory C:\Users\flame\Documents\eclipseProjects\mediaLogic\SampleAPI\src\test\resources
2025-12-14 11:53:40,823 [Worker-76: Building] INFO  o.a.m.s.f.DefaultMavenResourcesFiltering - Copying 0 resource from src\main\resources to target\classes
2025-12-14 11:53:40,824 [Worker-76: Building] INFO  o.a.m.s.f.DefaultMavenResourcesFiltering - Copying 0 resource from src\main\resources to target\classes
2025-12-14 11:53:40,827 [Worker-76: Building] INFO  o.a.m.s.f.DefaultMavenResourcesFiltering - skip non existing resourceDirectory C:\Users\flame\Documents\eclipseProjects\mediaLogic\SampleAPI\src\test\resources
2025-12-14 11:53:56,526 [Worker-66: Building] INFO  o.a.m.s.f.DefaultMavenResourcesFiltering - Copying 0 resource from src\main\resources to target\classes
2025-12-14 11:53:56,528 [Worker-66: Building] INFO  o.a.m.s.f.DefaultMavenResourcesFiltering - Copying 0 resource from src\main\resources to target\classes
2025-12-14 11:53:56,532 [Worker-66: Building] INFO  o.a.m.s.f.DefaultMavenResourcesFiltering - skip non existing resourceDirectory C:\Users\flame\Documents\eclipseProjects\mediaLogic\SampleAPI\src\test\resources
2025-12-14 11:53:58,744 [Worker-72: Launching SampleAPI] INFO  o.eclipse.m2e.core.internal.Bundles - getClasspathEntries(Bundle=org.eclipse.m2e.maven.runtime_3.9.900.20240824-1409 [642])
2025-12-14 11:53:58,745 [Worker-72: Launching SampleAPI] INFO  o.eclipse.m2e.core.internal.Bundles - 	Entry: C:\Users\flame\.p2\pool\plugins\org.eclipse.m2e.maven.runtime_3.9.900.20240824-1409
2025-12-14 11:53:58,745 [Worker-72: Launching SampleAPI] INFO  o.eclipse.m2e.core.internal.Bundles - 	Entry: C:\Users\flame\.p2\pool\plugins\org.eclipse.m2e.maven.runtime_3.9.900.20240824-1409\jars\aopalliance-1.0.jar
2025-12-14 11:53:58,745 [Worker-72: Launching SampleAPI] INFO  o.eclipse.m2e.core.internal.Bundles - 	Entry: C:\Users\flame\.p2\pool\plugins\org.eclipse.m2e.maven.runtime_3.9.900.20240824-1409\jars\guice-5.1.0.jar
2025-12-14 11:53:58,745 [Worker-72: Launching SampleAPI] INFO  o.eclipse.m2e.core.internal.Bundles - 	Entry: C:\Users\flame\.p2\pool\plugins\org.eclipse.m2e.maven.runtime_3.9.900.20240824-1409\jars\httpclient-4.5.14.jar
2025-12-14 11:53:58,745 [Worker-72: Launching SampleAPI] INFO  o.eclipse.m2e.core.internal.Bundles - 	Entry: C:\Users\flame\.p2\pool\plugins\org.eclipse.m2e.maven.runtime_3.9.900.20240824-1409\jars\httpcore-4.4.16.jar
2025-12-14 11:53:58,746 [Worker-72: Launching SampleAPI] INFO  o.eclipse.m2e.core.internal.Bundles - 	Entry: C:\Users\flame\.p2\pool\plugins\org.eclipse.m2e.maven.runtime_3.9.900.20240824-1409\jars\jansi-2.4.1.jar
2025-12-14 11:53:58,746 [Worker-72: Launching SampleAPI] INFO  o.eclipse.m2e.core.internal.Bundles - 	Entry: C:\Users\flame\.p2\pool\plugins\org.eclipse.m2e.maven.runtime_3.9.900.20240824-1409\jars\jcl-over-slf4j-1.7.36.jar
2025-12-14 11:53:58,746 [Worker-72: Launching SampleAPI] INFO  o.eclipse.m2e.core.internal.Bundles - 	Entry: C:\Users\flame\.p2\pool\plugins\org.eclipse.m2e.maven.runtime_3.9.900.20240824-1409\jars\maven-artifact-3.9.9.jar
2025-12-14 11:53:58,746 [Worker-72: Launching SampleAPI] INFO  o.eclipse.m2e.core.internal.Bundles - 	Entry: C:\Users\flame\.p2\pool\plugins\org.eclipse.m2e.maven.runtime_3.9.900.20240824-1409\jars\maven-builder-support-3.9.9.jar
2025-12-14 11:53:58,746 [Worker-72: Launching SampleAPI] INFO  o.eclipse.m2e.core.internal.Bundles - 	Entry: C:\Users\flame\.p2\pool\plugins\org.eclipse.m2e.maven.runtime_3.9.900.20240824-1409\jars\maven-compat-3.9.9.jar
2025-12-14 11:53:58,746 [Worker-72: Launching SampleAPI] INFO  o.eclipse.m2e.core.internal.Bundles - 	Entry: C:\Users\flame\.p2\pool\plugins\org.eclipse.m2e.maven.runtime_3.9.900.20240824-1409\jars\maven-core-3.9.9.jar
2025-12-14 11:53:58,746 [Worker-72: Launching SampleAPI] INFO  o.eclipse.m2e.core.internal.Bundles - 	Entry: C:\Users\flame\.p2\pool\plugins\org.eclipse.m2e.maven.runtime_3.9.900.20240824-1409\jars\maven-embedder-3.9.9.jar
2025-12-14 11:53:58,746 [Worker-72: Launching SampleAPI] INFO  o.eclipse.m2e.core.internal.Bundles - 	Entry: C:\Users\flame\.p2\pool\plugins\org.eclipse.m2e.maven.runtime_3.9.900.20240824-1409\jars\maven-model-3.9.9.jar
2025-12-14 11:53:58,746 [Worker-72: Launching SampleAPI] INFO  o.eclipse.m2e.core.internal.Bundles - 	Entry: C:\Users\flame\.p2\pool\plugins\org.eclipse.m2e.maven.runtime_3.9.900.20240824-1409\jars\maven-model-builder-3.9.9.jar
2025-12-14 11:53:58,746 [Worker-72: Launching SampleAPI] INFO  o.eclipse.m2e.core.internal.Bundles - 	Entry: C:\Users\flame\.p2\pool\plugins\org.eclipse.m2e.maven.runtime_3.9.900.20240824-1409\jars\maven-plugin-api-3.9.9.jar
2025-12-14 11:53:58,746 [Worker-72: Launching SampleAPI] INFO  o.eclipse.m2e.core.internal.Bundles - 	Entry: C:\Users\flame\.p2\pool\plugins\org.eclipse.m2e.maven.runtime_3.9.900.20240824-1409\jars\maven-repository-metadata-3.9.9.jar
2025-12-14 11:53:58,747 [Worker-72: Launching SampleAPI] INFO  o.eclipse.m2e.core.internal.Bundles - 	Entry: C:\Users\flame\.p2\pool\plugins\org.eclipse.m2e.maven.runtime_3.9.900.20240824-1409\jars\maven-resolver-api-1.9.22.jar
2025-12-14 11:53:58,747 [Worker-72: Launching SampleAPI] INFO  o.eclipse.m2e.core.internal.Bundles - 	Entry: C:\Users\flame\.p2\pool\plugins\org.eclipse.m2e.maven.runtime_3.9.900.20240824-1409\jars\maven-resolver-connector-basic-1.9.22.jar
2025-12-14 11:53:58,747 [Worker-72: Launching SampleAPI] INFO  o.eclipse.m2e.core.internal.Bundles - 	Entry: C:\Users\flame\.p2\pool\plugins\org.eclipse.m2e.maven.runtime_3.9.900.20240824-1409\jars\maven-resolver-impl-1.9.22.jar
2025-12-14 11:53:58,747 [Worker-72: Launching SampleAPI] INFO  o.eclipse.m2e.core.internal.Bundles - 	Entry: C:\Users\flame\.p2\pool\plugins\org.eclipse.m2e.maven.runtime_3.9.900.20240824-1409\jars\maven-resolver-named-locks-1.9.22.jar
2025-12-14 11:53:58,747 [Worker-72: Launching SampleAPI] INFO  o.eclipse.m2e.core.internal.Bundles - 	Entry: C:\Users\flame\.p2\pool\plugins\org.eclipse.m2e.maven.runtime_3.9.900.20240824-1409\jars\maven-resolver-provider-3.9.9.jar
2025-12-14 11:53:58,747 [Worker-72: Launching SampleAPI] INFO  o.eclipse.m2e.core.internal.Bundles - 	Entry: C:\Users\flame\.p2\pool\plugins\org.eclipse.m2e.maven.runtime_3.9.900.20240824-1409\jars\maven-resolver-spi-1.9.22.jar
2025-12-14 11:53:58,747 [Worker-72: Launching SampleAPI] INFO  o.eclipse.m2e.core.internal.Bundles - 	Entry: C:\Users\flame\.p2\pool\plugins\org.eclipse.m2e.maven.runtime_3.9.900.20240824-1409\jars\maven-resolver-transport-file-1.9.22.jar
2025-12-14 11:53:58,747 [Worker-72: Launching SampleAPI] INFO  o.eclipse.m2e.core.internal.Bundles - 	Entry: C:\Users\flame\.p2\pool\plugins\org.eclipse.m2e.maven.runtime_3.9.900.20240824-1409\jars\maven-resolver-transport-http-1.9.22.jar
2025-12-14 11:53:58,747 [Worker-72: Launching SampleAPI] INFO  o.eclipse.m2e.core.internal.Bundles - 	Entry: C:\Users\flame\.p2\pool\plugins\org.eclipse.m2e.maven.runtime_3.9.900.20240824-1409\jars\maven-resolver-transport-wagon-1.9.22.jar
2025-12-14 11:53:58,748 [Worker-72: Launching SampleAPI] INFO  o.eclipse.m2e.core.internal.Bundles - 	Entry: C:\Users\flame\.p2\pool\plugins\org.eclipse.m2e.maven.runtime_3.9.900.20240824-1409\jars\maven-resolver-util-1.9.22.jar
2025-12-14 11:53:58,748 [Worker-72: Launching SampleAPI] INFO  o.eclipse.m2e.core.internal.Bundles - 	Entry: C:\Users\flame\.p2\pool\plugins\org.eclipse.m2e.maven.runtime_3.9.900.20240824-1409\jars\maven-settings-3.9.9.jar
2025-12-14 11:53:58,748 [Worker-72: Launching SampleAPI] INFO  o.eclipse.m2e.core.internal.Bundles - 	Entry: C:\Users\flame\.p2\pool\plugins\org.eclipse.m2e.maven.runtime_3.9.900.20240824-1409\jars\maven-settings-builder-3.9.9.jar
2025-12-14 11:53:58,748 [Worker-72: Launching SampleAPI] INFO  o.eclipse.m2e.core.internal.Bundles - 	Entry: C:\Users\flame\.p2\pool\plugins\org.eclipse.m2e.maven.runtime_3.9.900.20240824-1409\jars\maven-shared-utils-3.4.2.jar
2025-12-14 11:53:58,748 [Worker-72: Launching SampleAPI] INFO  o.eclipse.m2e.core.internal.Bundles - 	Entry: C:\Users\flame\.p2\pool\plugins\org.eclipse.m2e.maven.runtime_3.9.900.20240824-1409\jars\org.eclipse.sisu.inject-0.9.0.M3.jar
2025-12-14 11:53:58,748 [Worker-72: Launching SampleAPI] INFO  o.eclipse.m2e.core.internal.Bundles - 	Entry: C:\Users\flame\.p2\pool\plugins\org.eclipse.m2e.maven.runtime_3.9.900.20240824-1409\jars\org.eclipse.sisu.plexus-0.9.0.M3.jar
2025-12-14 11:53:58,748 [Worker-72: Launching SampleAPI] INFO  o.eclipse.m2e.core.internal.Bundles - 	Entry: C:\Users\flame\.p2\pool\plugins\org.eclipse.m2e.maven.runtime_3.9.900.20240824-1409\jars\plexus-build-api-0.0.7.jar
2025-12-14 11:53:58,748 [Worker-72: Launching SampleAPI] INFO  o.eclipse.m2e.core.internal.Bundles - 	Entry: C:\Users\flame\.p2\pool\plugins\org.eclipse.m2e.maven.runtime_3.9.900.20240824-1409\jars\plexus-build-api-1.2.0.jar
2025-12-14 11:53:58,748 [Worker-72: Launching SampleAPI] INFO  o.eclipse.m2e.core.internal.Bundles - 	Entry: C:\Users\flame\.p2\pool\plugins\org.eclipse.m2e.maven.runtime_3.9.900.20240824-1409\jars\plexus-cipher-2.0.jar
2025-12-14 11:53:58,748 [Worker-72: Launching SampleAPI] INFO  o.eclipse.m2e.core.internal.Bundles - 	Entry: C:\Users\flame\.p2\pool\plugins\org.eclipse.m2e.maven.runtime_3.9.900.20240824-1409\jars\plexus-classworlds-2.8.0.jar
2025-12-14 11:53:58,748 [Worker-72: Launching SampleAPI] INFO  o.eclipse.m2e.core.internal.Bundles - 	Entry: C:\Users\flame\.p2\pool\plugins\org.eclipse.m2e.maven.runtime_3.9.900.20240824-1409\jars\plexus-component-annotations-2.1.0.jar
2025-12-14 11:53:58,749 [Worker-72: Launching SampleAPI] INFO  o.eclipse.m2e.core.internal.Bundles - 	Entry: C:\Users\flame\.p2\pool\plugins\org.eclipse.m2e.maven.runtime_3.9.900.20240824-1409\jars\plexus-interpolation-1.27.jar
2025-12-14 11:53:58,749 [Worker-72: Launching SampleAPI] INFO  o.eclipse.m2e.core.internal.Bundles - 	Entry: C:\Users\flame\.p2\pool\plugins\org.eclipse.m2e.maven.runtime_3.9.900.20240824-1409\jars\plexus-sec-dispatcher-2.0.jar
2025-12-14 11:53:58,749 [Worker-72: Launching SampleAPI] INFO  o.eclipse.m2e.core.internal.Bundles - 	Entry: C:\Users\flame\.p2\pool\plugins\org.eclipse.m2e.maven.runtime_3.9.900.20240824-1409\jars\plexus-utils-3.5.1.jar
2025-12-14 11:53:58,749 [Worker-72: Launching SampleAPI] INFO  o.eclipse.m2e.core.internal.Bundles - 	Entry: C:\Users\flame\.p2\pool\plugins\org.eclipse.m2e.maven.runtime_3.9.900.20240824-1409\jars\plexus-xml-3.0.1.jar
2025-12-14 11:53:58,749 [Worker-72: Launching SampleAPI] INFO  o.eclipse.m2e.core.internal.Bundles - 	Entry: C:\Users\flame\.p2\pool\plugins\org.eclipse.m2e.maven.runtime_3.9.900.20240824-1409\jars\wagon-file-3.5.3.jar
2025-12-14 11:53:58,749 [Worker-72: Launching SampleAPI] INFO  o.eclipse.m2e.core.internal.Bundles - 	Entry: C:\Users\flame\.p2\pool\plugins\org.eclipse.m2e.maven.runtime_3.9.900.20240824-1409\jars\wagon-http-3.5.3.jar
2025-12-14 11:53:58,749 [Worker-72: Launching SampleAPI] INFO  o.eclipse.m2e.core.internal.Bundles - 	Entry: C:\Users\flame\.p2\pool\plugins\org.eclipse.m2e.maven.runtime_3.9.900.20240824-1409\jars\wagon-http-shared-3.5.3.jar
2025-12-14 11:53:58,749 [Worker-72: Launching SampleAPI] INFO  o.eclipse.m2e.core.internal.Bundles - 	Entry: C:\Users\flame\.p2\pool\plugins\org.eclipse.m2e.maven.runtime_3.9.900.20240824-1409\jars\wagon-provider-api-3.5.3.jar
2025-12-14 11:53:58,749 [Worker-72: Launching SampleAPI] INFO  o.eclipse.m2e.core.internal.Bundles - getClasspathEntries(Bundle=com.google.guava_33.3.1.jre [1028])
2025-12-14 11:53:58,751 [Worker-72: Launching SampleAPI] INFO  o.eclipse.m2e.core.internal.Bundles - 	Entry: C:\Users\flame\.p2\pool\plugins\com.google.guava_33.3.1.jre.jar
2025-12-14 11:53:58,751 [Worker-72: Launching SampleAPI] INFO  o.eclipse.m2e.core.internal.Bundles - getClasspathEntries(Bundle=slf4j.api_2.0.17 [1152])
2025-12-14 11:53:58,751 [Worker-72: Launching SampleAPI] INFO  o.eclipse.m2e.core.internal.Bundles - 	Entry: C:\Users\flame\.p2\pool\plugins\slf4j.api_2.0.17.jar
2025-12-14 11:53:58,751 [Worker-72: Launching SampleAPI] INFO  o.eclipse.m2e.core.internal.Bundles - getClasspathEntries(Bundle=jakarta.inject.jakarta.inject-api_1.0.5 [34])
2025-12-14 11:53:58,751 [Worker-72: Launching SampleAPI] INFO  o.eclipse.m2e.core.internal.Bundles - 	Entry: C:\Users\flame\.p2\pool\plugins\jakarta.inject.jakarta.inject-api_1.0.5.jar
2025-12-14 11:53:58,751 [Worker-72: Launching SampleAPI] INFO  o.eclipse.m2e.core.internal.Bundles - getClasspathEntries(Bundle=jakarta.annotation-api_1.3.5 [29])
2025-12-14 11:53:58,751 [Worker-72: Launching SampleAPI] INFO  o.eclipse.m2e.core.internal.Bundles - 	Entry: C:\Users\flame\.p2\pool\plugins\jakarta.annotation-api_1.3.5.jar
2025-12-14 11:53:58,751 [Worker-72: Launching SampleAPI] INFO  o.eclipse.m2e.core.internal.Bundles - getClasspathEntries(Bundle=org.apache.commons.cli_1.9.0 [78])
2025-12-14 11:53:58,752 [Worker-72: Launching SampleAPI] INFO  o.eclipse.m2e.core.internal.Bundles - 	Entry: C:\Users\flame\.p2\pool\plugins\org.apache.commons.cli_1.9.0.jar
2025-12-14 11:53:58,752 [Worker-72: Launching SampleAPI] INFO  o.eclipse.m2e.core.internal.Bundles - getClasspathEntries(Bundle=org.apache.commons.commons-codec_1.16.0 [81])
2025-12-14 11:53:58,752 [Worker-72: Launching SampleAPI] INFO  o.eclipse.m2e.core.internal.Bundles - 	Entry: C:\Users\flame\.p2\pool\plugins\org.apache.commons.commons-codec_1.16.0.jar
2025-12-14 11:53:58,752 [Worker-72: Launching SampleAPI] INFO  o.eclipse.m2e.core.internal.Bundles - getClasspathEntries(Bundle=com.google.guava.failureaccess_1.0.2 [17])
2025-12-14 11:53:58,752 [Worker-72: Launching SampleAPI] INFO  o.eclipse.m2e.core.internal.Bundles - 	Entry: C:\Users\flame\.p2\pool\plugins\com.google.guava.failureaccess_1.0.2.jar
2025-12-14 11:53:58,753 [Worker-72: Launching SampleAPI] INFO  o.eclipse.m2e.core.internal.Bundles - getClasspathEntries(Bundle=org.eclipse.m2e.workspace.cli_0.3.1 [654])
2025-12-14 11:53:58,753 [Worker-72: Launching SampleAPI] INFO  o.eclipse.m2e.core.internal.Bundles - 	Entry: C:\Users\flame\.p2\pool\plugins\org.eclipse.m2e.workspace.cli_0.3.1.jar
2025-12-14 11:53:58,755 [Worker-72: Launching SampleAPI] INFO  o.e.m.i.launch.MavenLaunchDelegate - Run build in "C:\Users\flame\Documents\eclipseProjects\mediaLogic\SampleAPI":
2025-12-14 11:53:58,755 [Worker-72: Launching SampleAPI] INFO  o.e.m.i.launch.MavenLaunchDelegate -  mvn  -Ppom.xml -B -X -e -U -Dmaven.test.skip=true -DskipTests -Dstyle.color=always clean install
2025-12-14 11:57:21,735 [Worker-79: Building] INFO  o.a.m.s.f.DefaultMavenResourcesFiltering - Copying 0 resource from src\main\resources to target\classes
2025-12-14 11:57:21,736 [Worker-79: Building] INFO  o.a.m.s.f.DefaultMavenResourcesFiltering - Copying 0 resource from src\main\resources to target\classes
2025-12-14 11:57:21,739 [Worker-79: Building] INFO  o.a.m.s.f.DefaultMavenResourcesFiltering - skip non existing resourceDirectory C:\Users\flame\Documents\eclipseProjects\mediaLogic\SampleAPI\src\test\resources
2025-12-14 11:57:23,001 [Worker-79: Building] INFO  o.a.m.s.f.DefaultMavenResourcesFiltering - Copying 0 resource from src\main\resources to target\classes
2025-12-14 11:57:23,002 [Worker-79: Building] INFO  o.a.m.s.f.DefaultMavenResourcesFiltering - Copying 0 resource from src\main\resources to target\classes
2025-12-14 11:57:23,005 [Worker-79: Building] INFO  o.a.m.s.f.DefaultMavenResourcesFiltering - skip non existing resourceDirectory C:\Users\flame\Documents\eclipseProjects\mediaLogic\SampleAPI\src\test\resources
2025-12-14 11:57:29,523 [Worker-77: Building] INFO  o.e.m.c.i.l.LifecycleMappingFactory - Using org.eclipse.m2e.jdt.JarLifecycleMapping lifecycle mapping for MavenProject: com.example:SampleAPI:0.0.1-SNAPSHOT @ C:\Users\flame\Documents\eclipseProjects\mediaLogic\SampleAPI\pom.xml.
2025-12-14 11:57:30,122 [Worker-77: Building] INFO  o.a.m.s.f.DefaultMavenResourcesFiltering - Copying 0 resource from src\main\resources to target\classes
2025-12-14 11:57:30,123 [Worker-77: Building] INFO  o.a.m.s.f.DefaultMavenResourcesFiltering - Copying 0 resource from src\main\resources to target\classes
2025-12-14 11:57:30,127 [Worker-77: Building] INFO  o.a.m.s.f.DefaultMavenResourcesFiltering - skip non existing resourceDirectory C:\Users\flame\Documents\eclipseProjects\mediaLogic\SampleAPI\src\test\resources
2025-12-14 11:57:31,515 [Worker-80: Building] INFO  o.a.m.s.f.DefaultMavenResourcesFiltering - Copying 1 resource from src\main\resources to target\classes
2025-12-14 11:57:31,532 [Worker-80: Building] INFO  o.a.m.s.f.DefaultMavenResourcesFiltering - Copying 0 resource from src\main\resources to target\classes
2025-12-14 11:57:31,538 [Worker-80: Building] INFO  o.a.m.s.f.DefaultMavenResourcesFiltering - skip non existing resourceDirectory C:\Users\flame\Documents\eclipseProjects\mediaLogic\SampleAPI\src\test\resources
2025-12-14 11:57:32,890 [Worker-81: Launching SampleAPI] INFO  o.eclipse.m2e.core.internal.Bundles - getClasspathEntries(Bundle=org.eclipse.m2e.maven.runtime_3.9.900.20240824-1409 [642])
2025-12-14 11:57:32,890 [Worker-81: Launching SampleAPI] INFO  o.eclipse.m2e.core.internal.Bundles - 	Entry: C:\Users\flame\.p2\pool\plugins\org.eclipse.m2e.maven.runtime_3.9.900.20240824-1409
2025-12-14 11:57:32,890 [Worker-81: Launching SampleAPI] INFO  o.eclipse.m2e.core.internal.Bundles - 	Entry: C:\Users\flame\.p2\pool\plugins\org.eclipse.m2e.maven.runtime_3.9.900.20240824-1409\jars\aopalliance-1.0.jar
2025-12-14 11:57:32,890 [Worker-81: Launching SampleAPI] INFO  o.eclipse.m2e.core.internal.Bundles - 	Entry: C:\Users\flame\.p2\pool\plugins\org.eclipse.m2e.maven.runtime_3.9.900.20240824-1409\jars\guice-5.1.0.jar
2025-12-14 11:57:32,891 [Worker-81: Launching SampleAPI] INFO  o.eclipse.m2e.core.internal.Bundles - 	Entry: C:\Users\flame\.p2\pool\plugins\org.eclipse.m2e.maven.runtime_3.9.900.20240824-1409\jars\httpclient-4.5.14.jar
2025-12-14 11:57:32,891 [Worker-81: Launching SampleAPI] INFO  o.eclipse.m2e.core.internal.Bundles - 	Entry: C:\Users\flame\.p2\pool\plugins\org.eclipse.m2e.maven.runtime_3.9.900.20240824-1409\jars\httpcore-4.4.16.jar
2025-12-14 11:57:32,891 [Worker-81: Launching SampleAPI] INFO  o.eclipse.m2e.core.internal.Bundles - 	Entry: C:\Users\flame\.p2\pool\plugins\org.eclipse.m2e.maven.runtime_3.9.900.20240824-1409\jars\jansi-2.4.1.jar
2025-12-14 11:57:32,891 [Worker-81: Launching SampleAPI] INFO  o.eclipse.m2e.core.internal.Bundles - 	Entry: C:\Users\flame\.p2\pool\plugins\org.eclipse.m2e.maven.runtime_3.9.900.20240824-1409\jars\jcl-over-slf4j-1.7.36.jar
2025-12-14 11:57:32,891 [Worker-81: Launching SampleAPI] INFO  o.eclipse.m2e.core.internal.Bundles - 	Entry: C:\Users\flame\.p2\pool\plugins\org.eclipse.m2e.maven.runtime_3.9.900.20240824-1409\jars\maven-artifact-3.9.9.jar
2025-12-14 11:57:32,891 [Worker-81: Launching SampleAPI] INFO  o.eclipse.m2e.core.internal.Bundles - 	Entry: C:\Users\flame\.p2\pool\plugins\org.eclipse.m2e.maven.runtime_3.9.900.20240824-1409\jars\maven-builder-support-3.9.9.jar
2025-12-14 11:57:32,892 [Worker-81: Launching SampleAPI] INFO  o.eclipse.m2e.core.internal.Bundles - 	Entry: C:\Users\flame\.p2\pool\plugins\org.eclipse.m2e.maven.runtime_3.9.900.20240824-1409\jars\maven-compat-3.9.9.jar
2025-12-14 11:57:32,892 [Worker-81: Launching SampleAPI] INFO  o.eclipse.m2e.core.internal.Bundles - 	Entry: C:\Users\flame\.p2\pool\plugins\org.eclipse.m2e.maven.runtime_3.9.900.20240824-1409\jars\maven-core-3.9.9.jar
2025-12-14 11:57:32,892 [Worker-81: Launching SampleAPI] INFO  o.eclipse.m2e.core.internal.Bundles - 	Entry: C:\Users\flame\.p2\pool\plugins\org.eclipse.m2e.maven.runtime_3.9.900.20240824-1409\jars\maven-embedder-3.9.9.jar
2025-12-14 11:57:32,892 [Worker-81: Launching SampleAPI] INFO  o.eclipse.m2e.core.internal.Bundles - 	Entry: C:\Users\flame\.p2\pool\plugins\org.eclipse.m2e.maven.runtime_3.9.900.20240824-1409\jars\maven-model-3.9.9.jar
2025-12-14 11:57:32,892 [Worker-81: Launching SampleAPI] INFO  o.eclipse.m2e.core.internal.Bundles - 	Entry: C:\Users\flame\.p2\pool\plugins\org.eclipse.m2e.maven.runtime_3.9.900.20240824-1409\jars\maven-model-builder-3.9.9.jar
2025-12-14 11:57:32,892 [Worker-81: Launching SampleAPI] INFO  o.eclipse.m2e.core.internal.Bundles - 	Entry: C:\Users\flame\.p2\pool\plugins\org.eclipse.m2e.maven.runtime_3.9.900.20240824-1409\jars\maven-plugin-api-3.9.9.jar
2025-12-14 11:57:32,892 [Worker-81: Launching SampleAPI] INFO  o.eclipse.m2e.core.internal.Bundles - 	Entry: C:\Users\flame\.p2\pool\plugins\org.eclipse.m2e.maven.runtime_3.9.900.20240824-1409\jars\maven-repository-metadata-3.9.9.jar
2025-12-14 11:57:32,892 [Worker-81: Launching SampleAPI] INFO  o.eclipse.m2e.core.internal.Bundles - 	Entry: C:\Users\flame\.p2\pool\plugins\org.eclipse.m2e.maven.runtime_3.9.900.20240824-1409\jars\maven-resolver-api-1.9.22.jar
2025-12-14 11:57:32,893 [Worker-81: Launching SampleAPI] INFO  o.eclipse.m2e.core.internal.Bundles - 	Entry: C:\Users\flame\.p2\pool\plugins\org.eclipse.m2e.maven.runtime_3.9.900.20240824-1409\jars\maven-resolver-connector-basic-1.9.22.jar
2025-12-14 11:57:32,893 [Worker-81: Launching SampleAPI] INFO  o.eclipse.m2e.core.internal.Bundles - 	Entry: C:\Users\flame\.p2\pool\plugins\org.eclipse.m2e.maven.runtime_3.9.900.20240824-1409\jars\maven-resolver-impl-1.9.22.jar
2025-12-14 11:57:32,893 [Worker-81: Launching SampleAPI] INFO  o.eclipse.m2e.core.internal.Bundles - 	Entry: C:\Users\flame\.p2\pool\plugins\org.eclipse.m2e.maven.runtime_3.9.900.20240824-1409\jars\maven-resolver-named-locks-1.9.22.jar
2025-12-14 11:57:32,893 [Worker-81: Launching SampleAPI] INFO  o.eclipse.m2e.core.internal.Bundles - 	Entry: C:\Users\flame\.p2\pool\plugins\org.eclipse.m2e.maven.runtime_3.9.900.20240824-1409\jars\maven-resolver-provider-3.9.9.jar
2025-12-14 11:57:32,893 [Worker-81: Launching SampleAPI] INFO  o.eclipse.m2e.core.internal.Bundles - 	Entry: C:\Users\flame\.p2\pool\plugins\org.eclipse.m2e.maven.runtime_3.9.900.20240824-1409\jars\maven-resolver-spi-1.9.22.jar
2025-12-14 11:57:32,893 [Worker-81: Launching SampleAPI] INFO  o.eclipse.m2e.core.internal.Bundles - 	Entry: C:\Users\flame\.p2\pool\plugins\org.eclipse.m2e.maven.runtime_3.9.900.20240824-1409\jars\maven-resolver-transport-file-1.9.22.jar
2025-12-14 11:57:32,893 [Worker-81: Launching SampleAPI] INFO  o.eclipse.m2e.core.internal.Bundles - 	Entry: C:\Users\flame\.p2\pool\plugins\org.eclipse.m2e.maven.runtime_3.9.900.20240824-1409\jars\maven-resolver-transport-http-1.9.22.jar
2025-12-14 11:57:32,893 [Worker-81: Launching SampleAPI] INFO  o.eclipse.m2e.core.internal.Bundles - 	Entry: C:\Users\flame\.p2\pool\plugins\org.eclipse.m2e.maven.runtime_3.9.900.20240824-1409\jars\maven-resolver-transport-wagon-1.9.22.jar
2025-12-14 11:57:32,894 [Worker-81: Launching SampleAPI] INFO  o.eclipse.m2e.core.internal.Bundles - 	Entry: C:\Users\flame\.p2\pool\plugins\org.eclipse.m2e.maven.runtime_3.9.900.20240824-1409\jars\maven-resolver-util-1.9.22.jar
2025-12-14 11:57:32,894 [Worker-81: Launching SampleAPI] INFO  o.eclipse.m2e.core.internal.Bundles - 	Entry: C:\Users\flame\.p2\pool\plugins\org.eclipse.m2e.maven.runtime_3.9.900.20240824-1409\jars\maven-settings-3.9.9.jar
2025-12-14 11:57:32,894 [Worker-81: Launching SampleAPI] INFO  o.eclipse.m2e.core.internal.Bundles - 	Entry: C:\Users\flame\.p2\pool\plugins\org.eclipse.m2e.maven.runtime_3.9.900.20240824-1409\jars\maven-settings-builder-3.9.9.jar
2025-12-14 11:57:32,894 [Worker-81: Launching SampleAPI] INFO  o.eclipse.m2e.core.internal.Bundles - 	Entry: C:\Users\flame\.p2\pool\plugins\org.eclipse.m2e.maven.runtime_3.9.900.20240824-1409\jars\maven-shared-utils-3.4.2.jar
2025-12-14 11:57:32,894 [Worker-81: Launching SampleAPI] INFO  o.eclipse.m2e.core.internal.Bundles - 	Entry: C:\Users\flame\.p2\pool\plugins\org.eclipse.m2e.maven.runtime_3.9.900.20240824-1409\jars\org.eclipse.sisu.inject-0.9.0.M3.jar
2025-12-14 11:57:32,894 [Worker-81: Launching SampleAPI] INFO  o.eclipse.m2e.core.internal.Bundles - 	Entry: C:\Users\flame\.p2\pool\plugins\org.eclipse.m2e.maven.runtime_3.9.900.20240824-1409\jars\org.eclipse.sisu.plexus-0.9.0.M3.jar
2025-12-14 11:57:32,894 [Worker-81: Launching SampleAPI] INFO  o.eclipse.m2e.core.internal.Bundles - 	Entry: C:\Users\flame\.p2\pool\plugins\org.eclipse.m2e.maven.runtime_3.9.900.20240824-1409\jars\plexus-build-api-0.0.7.jar
2025-12-14 11:57:32,894 [Worker-81: Launching SampleAPI] INFO  o.eclipse.m2e.core.internal.Bundles - 	Entry: C:\Users\flame\.p2\pool\plugins\org.eclipse.m2e.maven.runtime_3.9.900.20240824-1409\jars\plexus-build-api-1.2.0.jar
2025-12-14 11:57:32,894 [Worker-81: Launching SampleAPI] INFO  o.eclipse.m2e.core.internal.Bundles - 	Entry: C:\Users\flame\.p2\pool\plugins\org.eclipse.m2e.maven.runtime_3.9.900.20240824-1409\jars\plexus-cipher-2.0.jar
2025-12-14 11:57:32,894 [Worker-81: Launching SampleAPI] INFO  o.eclipse.m2e.core.internal.Bundles - 	Entry: C:\Users\flame\.p2\pool\plugins\org.eclipse.m2e.maven.runtime_3.9.900.20240824-1409\jars\plexus-classworlds-2.8.0.jar
2025-12-14 11:57:32,894 [Worker-81: Launching SampleAPI] INFO  o.eclipse.m2e.core.internal.Bundles - 	Entry: C:\Users\flame\.p2\pool\plugins\org.eclipse.m2e.maven.runtime_3.9.900.20240824-1409\jars\plexus-component-annotations-2.1.0.jar
2025-12-14 11:57:32,894 [Worker-81: Launching SampleAPI] INFO  o.eclipse.m2e.core.internal.Bundles - 	Entry: C:\Users\flame\.p2\pool\plugins\org.eclipse.m2e.maven.runtime_3.9.900.20240824-1409\jars\plexus-interpolation-1.27.jar
2025-12-14 11:57:32,894 [Worker-81: Launching SampleAPI] INFO  o.eclipse.m2e.core.internal.Bundles - 	Entry: C:\Users\flame\.p2\pool\plugins\org.eclipse.m2e.maven.runtime_3.9.900.20240824-1409\jars\plexus-sec-dispatcher-2.0.jar
2025-12-14 11:57:32,895 [Worker-81: Launching SampleAPI] INFO  o.eclipse.m2e.core.internal.Bundles - 	Entry: C:\Users\flame\.p2\pool\plugins\org.eclipse.m2e.maven.runtime_3.9.900.20240824-1409\jars\plexus-utils-3.5.1.jar
2025-12-14 11:57:32,895 [Worker-81: Launching SampleAPI] INFO  o.eclipse.m2e.core.internal.Bundles - 	Entry: C:\Users\flame\.p2\pool\plugins\org.eclipse.m2e.maven.runtime_3.9.900.20240824-1409\jars\plexus-xml-3.0.1.jar
2025-12-14 11:57:32,895 [Worker-81: Launching SampleAPI] INFO  o.eclipse.m2e.core.internal.Bundles - 	Entry: C:\Users\flame\.p2\pool\plugins\org.eclipse.m2e.maven.runtime_3.9.900.20240824-1409\jars\wagon-file-3.5.3.jar
2025-12-14 11:57:32,895 [Worker-81: Launching SampleAPI] INFO  o.eclipse.m2e.core.internal.Bundles - 	Entry: C:\Users\flame\.p2\pool\plugins\org.eclipse.m2e.maven.runtime_3.9.900.20240824-1409\jars\wagon-http-3.5.3.jar
2025-12-14 11:57:32,895 [Worker-81: Launching SampleAPI] INFO  o.eclipse.m2e.core.internal.Bundles - 	Entry: C:\Users\flame\.p2\pool\plugins\org.eclipse.m2e.maven.runtime_3.9.900.20240824-1409\jars\wagon-http-shared-3.5.3.jar
2025-12-14 11:57:32,895 [Worker-81: Launching SampleAPI] INFO  o.eclipse.m2e.core.internal.Bundles - 	Entry: C:\Users\flame\.p2\pool\plugins\org.eclipse.m2e.maven.runtime_3.9.900.20240824-1409\jars\wagon-provider-api-3.5.3.jar
2025-12-14 11:57:32,895 [Worker-81: Launching SampleAPI] INFO  o.eclipse.m2e.core.internal.Bundles - getClasspathEntries(Bundle=com.google.guava_33.3.1.jre [1028])
2025-12-14 11:57:32,896 [Worker-81: Launching SampleAPI] INFO  o.eclipse.m2e.core.internal.Bundles - 	Entry: C:\Users\flame\.p2\pool\plugins\com.google.guava_33.3.1.jre.jar
2025-12-14 11:57:32,896 [Worker-81: Launching SampleAPI] INFO  o.eclipse.m2e.core.internal.Bundles - getClasspathEntries(Bundle=slf4j.api_2.0.17 [1152])
2025-12-14 11:57:32,896 [Worker-81: Launching SampleAPI] INFO  o.eclipse.m2e.core.internal.Bundles - 	Entry: C:\Users\flame\.p2\pool\plugins\slf4j.api_2.0.17.jar
2025-12-14 11:57:32,896 [Worker-81: Launching SampleAPI] INFO  o.eclipse.m2e.core.internal.Bundles - getClasspathEntries(Bundle=jakarta.inject.jakarta.inject-api_1.0.5 [34])
2025-12-14 11:57:32,896 [Worker-81: Launching SampleAPI] INFO  o.eclipse.m2e.core.internal.Bundles - 	Entry: C:\Users\flame\.p2\pool\plugins\jakarta.inject.jakarta.inject-api_1.0.5.jar
2025-12-14 11:57:32,896 [Worker-81: Launching SampleAPI] INFO  o.eclipse.m2e.core.internal.Bundles - getClasspathEntries(Bundle=jakarta.annotation-api_1.3.5 [29])
2025-12-14 11:57:32,896 [Worker-81: Launching SampleAPI] INFO  o.eclipse.m2e.core.internal.Bundles - 	Entry: C:\Users\flame\.p2\pool\plugins\jakarta.annotation-api_1.3.5.jar
2025-12-14 11:57:32,896 [Worker-81: Launching SampleAPI] INFO  o.eclipse.m2e.core.internal.Bundles - getClasspathEntries(Bundle=org.apache.commons.cli_1.9.0 [78])
2025-12-14 11:57:32,897 [Worker-81: Launching SampleAPI] INFO  o.eclipse.m2e.core.internal.Bundles - 	Entry: C:\Users\flame\.p2\pool\plugins\org.apache.commons.cli_1.9.0.jar
2025-12-14 11:57:32,897 [Worker-81: Launching SampleAPI] INFO  o.eclipse.m2e.core.internal.Bundles - getClasspathEntries(Bundle=org.apache.commons.commons-codec_1.16.0 [81])
2025-12-14 11:57:32,897 [Worker-81: Launching SampleAPI] INFO  o.eclipse.m2e.core.internal.Bundles - 	Entry: C:\Users\flame\.p2\pool\plugins\org.apache.commons.commons-codec_1.16.0.jar
2025-12-14 11:57:32,897 [Worker-81: Launching SampleAPI] INFO  o.eclipse.m2e.core.internal.Bundles - getClasspathEntries(Bundle=com.google.guava.failureaccess_1.0.2 [17])
2025-12-14 11:57:32,897 [Worker-81: Launching SampleAPI] INFO  o.eclipse.m2e.core.internal.Bundles - 	Entry: C:\Users\flame\.p2\pool\plugins\com.google.guava.failureaccess_1.0.2.jar
2025-12-14 11:57:32,897 [Worker-81: Launching SampleAPI] INFO  o.eclipse.m2e.core.internal.Bundles - getClasspathEntries(Bundle=org.eclipse.m2e.workspace.cli_0.3.1 [654])
2025-12-14 11:57:32,897 [Worker-81: Launching SampleAPI] INFO  o.eclipse.m2e.core.internal.Bundles - 	Entry: C:\Users\flame\.p2\pool\plugins\org.eclipse.m2e.workspace.cli_0.3.1.jar
2025-12-14 11:57:32,899 [Worker-81: Launching SampleAPI] INFO  o.e.m.i.launch.MavenLaunchDelegate - Run build in "C:\Users\flame\Documents\eclipseProjects\mediaLogic\SampleAPI":
2025-12-14 11:57:32,899 [Worker-81: Launching SampleAPI] INFO  o.e.m.i.launch.MavenLaunchDelegate -  mvn  -Ppom.xml -B -X -e -U -Dmaven.test.skip=true -DskipTests -Dstyle.color=always clean install
2025-12-14 11:57:48,398 [Worker-66: Updating Maven Project] INFO  o.e.m.c.i.p.ProjectConfigurationManager - Update started
2025-12-14 11:57:48,746 [Worker-66: Updating Maven Project] INFO  o.e.m.c.i.l.LifecycleMappingFactory - Using org.eclipse.m2e.jdt.JarLifecycleMapping lifecycle mapping for MavenProject: com.example:SampleAPI:0.0.1-SNAPSHOT @ C:\Users\flame\Documents\eclipseProjects\mediaLogic\SampleAPI\pom.xml.
2025-12-14 11:57:49,312 [Worker-66: Updating Maven Project] INFO  o.e.m.j.i.AbstractJavaProjectConfigurator - Adding source folder /SampleAPI/src/main/java
2025-12-14 11:57:49,313 [Worker-66: Updating Maven Project] INFO  o.e.m.j.i.AbstractJavaProjectConfigurator - Adding resource folder /SampleAPI/src/main/resources
2025-12-14 11:57:49,313 [Worker-66: Updating Maven Project] INFO  o.e.m.j.i.AbstractJavaProjectConfigurator - Adding resource folder /SampleAPI/src/main/resources
2025-12-14 11:57:49,314 [Worker-66: Updating Maven Project] INFO  o.e.m.j.i.AbstractJavaProjectConfigurator - Adding source folder /SampleAPI/src/test/java
2025-12-14 11:57:49,314 [Worker-66: Updating Maven Project] INFO  o.e.m.j.i.AbstractJavaProjectConfigurator - Adding resource folder /SampleAPI/src/test/resources
2025-12-14 11:57:49,462 [Worker-66: Updating Maven Project] INFO  o.e.m.jdt.internal.UnitTestSupport - Reset launch configuration name: SampleApiApplicationTests
2025-12-14 11:57:49,463 [Worker-66: Updating Maven Project] INFO  o.e.m.jdt.internal.UnitTestSupport - Updating SampleApiApplicationTests from maven configuration
2025-12-14 11:57:49,777 [Worker-66: Updating Maven Project] INFO  o.e.m.c.i.p.ProjectConfigurationManager - Update completed for 1 poms: local refresh takes 0,00 sec, refresh facades takes 0,00 sec, update config takes 0,00 sec 
2025-12-14 11:57:50,102 [Worker-80: Building] INFO  o.a.m.s.f.DefaultMavenResourcesFiltering - Copying 1 resource from src\main\resources to target\classes
2025-12-14 11:57:50,119 [Worker-80: Building] INFO  o.a.m.s.f.DefaultMavenResourcesFiltering - Copying 0 resource from src\main\resources to target\classes
2025-12-14 11:57:50,123 [Worker-80: Building] INFO  o.a.m.s.f.DefaultMavenResourcesFiltering - skip non existing resourceDirectory C:\Users\flame\Documents\eclipseProjects\mediaLogic\SampleAPI\src\test\resources
2025-12-14 12:00:34,463 [Worker-82: Building] INFO  o.a.m.s.f.DefaultMavenResourcesFiltering - Copying 1 resource from src\main\resources to target\classes
2025-12-14 12:00:34,470 [Worker-82: Building] INFO  o.a.m.s.f.DefaultMavenResourcesFiltering - Copying 0 resource from src\main\resources to target\classes
2025-12-14 12:00:34,473 [Worker-82: Building] INFO  o.a.m.s.f.DefaultMavenResourcesFiltering - skip non existing resourceDirectory C:\Users\flame\Documents\eclipseProjects\mediaLogic\SampleAPI\src\test\resources
2025-12-14 12:02:22,166 [Worker-53: Building] INFO  o.a.m.s.f.DefaultMavenResourcesFiltering - Copying 1 resource from src\main\resources to target\classes
2025-12-14 12:02:22,174 [Worker-53: Building] INFO  o.a.m.s.f.DefaultMavenResourcesFiltering - Copying 0 resource from src\main\resources to target\classes
2025-12-14 12:02:22,179 [Worker-53: Building] INFO  o.a.m.s.f.DefaultMavenResourcesFiltering - skip non existing resourceDirectory C:\Users\flame\Documents\eclipseProjects\mediaLogic\SampleAPI\src\test\resources
2025-12-14 12:02:30,863 [Worker-82: Building] INFO  o.a.m.s.f.DefaultMavenResourcesFiltering - Copying 1 resource from src\main\resources to target\classes
2025-12-14 12:02:30,869 [Worker-82: Building] INFO  o.a.m.s.f.DefaultMavenResourcesFiltering - Copying 0 resource from src\main\resources to target\classes
2025-12-14 12:02:30,872 [Worker-82: Building] INFO  o.a.m.s.f.DefaultMavenResourcesFiltering - skip non existing resourceDirectory C:\Users\flame\Documents\eclipseProjects\mediaLogic\SampleAPI\src\test\resources
2025-12-14 12:02:31,930 [Worker-81: Building] INFO  o.a.m.s.f.DefaultMavenResourcesFiltering - Copying 1 resource from src\main\resources to target\classes
2025-12-14 12:02:31,938 [Worker-81: Building] INFO  o.a.m.s.f.DefaultMavenResourcesFiltering - Copying 0 resource from src\main\resources to target\classes
2025-12-14 12:02:31,940 [Worker-81: Building] INFO  o.a.m.s.f.DefaultMavenResourcesFiltering - skip non existing resourceDirectory C:\Users\flame\Documents\eclipseProjects\mediaLogic\SampleAPI\src\test\resources
2025-12-14 15:17:01,940 [Worker-1: Loading available Gradle versions] INFO  o.e.b.c.i.u.g.PublishedGradleVersions - Gradle version information cache is out-of-date. Trying to update.
2025-12-14 15:22:20,404 [Worker-20: Building] INFO  o.a.m.s.f.DefaultMavenResourcesFiltering - Copying 1 resource from src\main\resources to target\classes
2025-12-14 15:22:20,431 [Worker-20: Building] INFO  o.a.m.s.f.DefaultMavenResourcesFiltering - Copying 0 resource from src\main\resources to target\classes
2025-12-14 15:22:20,443 [Worker-20: Building] INFO  o.a.m.s.f.DefaultMavenResourcesFiltering - skip non existing resourceDirectory C:\Users\flame\Documents\eclipseProjects\mediaLogic\SampleAPI\src\test\resources
2025-12-14 15:22:23,690 [Worker-20: Building] INFO  o.a.m.s.f.DefaultMavenResourcesFiltering - Copying 0 resource from src\main\resources to target\classes
2025-12-14 15:22:23,693 [Worker-20: Building] INFO  o.a.m.s.f.DefaultMavenResourcesFiltering - Copying 0 resource from src\main\resources to target\classes
2025-12-14 15:22:23,700 [Worker-20: Building] INFO  o.a.m.s.f.DefaultMavenResourcesFiltering - skip non existing resourceDirectory C:\Users\flame\Documents\eclipseProjects\mediaLogic\SampleAPI\src\test\resources
2025-12-14 15:22:26,836 [Worker-20: Building] INFO  o.a.m.s.f.DefaultMavenResourcesFiltering - Copying 0 resource from src\main\resources to target\classes
2025-12-14 15:22:26,838 [Worker-20: Building] INFO  o.a.m.s.f.DefaultMavenResourcesFiltering - Copying 0 resource from src\main\resources to target\classes
2025-12-14 15:22:26,843 [Worker-20: Building] INFO  o.a.m.s.f.DefaultMavenResourcesFiltering - skip non existing resourceDirectory C:\Users\flame\Documents\eclipseProjects\mediaLogic\SampleAPI\src\test\resources
2025-12-14 15:22:46,698 [Worker-26: Building] INFO  o.a.m.s.f.DefaultMavenResourcesFiltering - Copying 0 resource from src\main\resources to target\classes
2025-12-14 15:22:46,699 [Worker-26: Building] INFO  o.a.m.s.f.DefaultMavenResourcesFiltering - Copying 0 resource from src\main\resources to target\classes
2025-12-14 15:22:46,704 [Worker-26: Building] INFO  o.a.m.s.f.DefaultMavenResourcesFiltering - skip non existing resourceDirectory C:\Users\flame\Documents\eclipseProjects\mediaLogic\SampleAPI\src\test\resources
2025-12-14 15:23:03,004 [Worker-26: Building] INFO  o.a.m.s.f.DefaultMavenResourcesFiltering - Copying 0 resource from src\main\resources to target\classes
2025-12-14 15:23:03,005 [Worker-26: Building] INFO  o.a.m.s.f.DefaultMavenResourcesFiltering - Copying 0 resource from src\main\resources to target\classes
2025-12-14 15:23:03,009 [Worker-26: Building] INFO  o.a.m.s.f.DefaultMavenResourcesFiltering - skip non existing resourceDirectory C:\Users\flame\Documents\eclipseProjects\mediaLogic\SampleAPI\src\test\resources
2025-12-14 15:23:18,658 [Worker-25: Building] INFO  o.a.m.s.f.DefaultMavenResourcesFiltering - Copying 0 resource from src\main\resources to target\classes
2025-12-14 15:23:18,659 [Worker-25: Building] INFO  o.a.m.s.f.DefaultMavenResourcesFiltering - Copying 0 resource from src\main\resources to target\classes
2025-12-14 15:23:18,664 [Worker-25: Building] INFO  o.a.m.s.f.DefaultMavenResourcesFiltering - skip non existing resourceDirectory C:\Users\flame\Documents\eclipseProjects\mediaLogic\SampleAPI\src\test\resources
2025-12-14 15:23:31,588 [Worker-24: Building] INFO  o.a.m.s.f.DefaultMavenResourcesFiltering - Copying 0 resource from src\main\resources to target\classes
2025-12-14 15:23:31,589 [Worker-24: Building] INFO  o.a.m.s.f.DefaultMavenResourcesFiltering - Copying 0 resource from src\main\resources to target\classes
2025-12-14 15:23:31,595 [Worker-24: Building] INFO  o.a.m.s.f.DefaultMavenResourcesFiltering - skip non existing resourceDirectory C:\Users\flame\Documents\eclipseProjects\mediaLogic\SampleAPI\src\test\resources
2025-12-14 15:25:52,167 [Worker-28: Building] INFO  o.a.m.s.f.DefaultMavenResourcesFiltering - Copying 0 resource from src\main\resources to target\classes
2025-12-14 15:25:52,168 [Worker-28: Building] INFO  o.a.m.s.f.DefaultMavenResourcesFiltering - Copying 0 resource from src\main\resources to target\classes
2025-12-14 15:25:52,173 [Worker-28: Building] INFO  o.a.m.s.f.DefaultMavenResourcesFiltering - skip non existing resourceDirectory C:\Users\flame\Documents\eclipseProjects\mediaLogic\SampleAPI\src\test\resources
2025-12-14 15:27:34,337 [Worker-31: Building] INFO  o.e.m.c.i.l.LifecycleMappingFactory - Using org.eclipse.m2e.jdt.JarLifecycleMapping lifecycle mapping for MavenProject: com.example:SampleAPI:0.0.1-SNAPSHOT @ C:\Users\flame\Documents\eclipseProjects\mediaLogic\SampleAPI\pom.xml.
2025-12-14 15:27:46,977 [Worker-30: Building] INFO  o.e.m.c.i.l.LifecycleMappingFactory - Using org.eclipse.m2e.jdt.JarLifecycleMapping lifecycle mapping for MavenProject: com.example:SampleAPI:0.0.1-SNAPSHOT @ C:\Users\flame\Documents\eclipseProjects\mediaLogic\SampleAPI\pom.xml.
2025-12-14 15:27:47,998 [Worker-30: Building] INFO  o.a.m.s.f.DefaultMavenResourcesFiltering - Copying 0 resource from src\main\resources to target\classes
2025-12-14 15:27:47,999 [Worker-30: Building] INFO  o.a.m.s.f.DefaultMavenResourcesFiltering - Copying 0 resource from src\main\resources to target\classes
2025-12-14 15:27:48,007 [Worker-30: Building] INFO  o.a.m.s.f.DefaultMavenResourcesFiltering - skip non existing resourceDirectory C:\Users\flame\Documents\eclipseProjects\mediaLogic\SampleAPI\src\test\resources
2025-12-14 15:28:15,523 [Worker-29: Building] INFO  o.e.m.c.i.l.LifecycleMappingFactory - Using org.eclipse.m2e.jdt.JarLifecycleMapping lifecycle mapping for MavenProject: com.example:SampleAPI:0.0.1-SNAPSHOT @ C:\Users\flame\Documents\eclipseProjects\mediaLogic\SampleAPI\pom.xml.
2025-12-14 15:28:16,296 [Worker-29: Building] INFO  o.a.m.s.f.DefaultMavenResourcesFiltering - Copying 0 resource from src\main\resources to target\classes
2025-12-14 15:28:16,297 [Worker-29: Building] INFO  o.a.m.s.f.DefaultMavenResourcesFiltering - Copying 0 resource from src\main\resources to target\classes
2025-12-14 15:28:16,304 [Worker-29: Building] INFO  o.a.m.s.f.DefaultMavenResourcesFiltering - skip non existing resourceDirectory C:\Users\flame\Documents\eclipseProjects\mediaLogic\SampleAPI\src\test\resources
2025-12-14 15:28:22,700 [Worker-20: Building] INFO  o.e.m.c.i.l.LifecycleMappingFactory - Using org.eclipse.m2e.jdt.JarLifecycleMapping lifecycle mapping for MavenProject: com.example:SampleAPI:0.0.1-SNAPSHOT @ C:\Users\flame\Documents\eclipseProjects\mediaLogic\SampleAPI\pom.xml.
2025-12-14 15:28:23,312 [Worker-20: Building] INFO  o.e.m.c.i.e.AbstractTransferListenerAdapter - Downloaded https://repo.maven.apache.org/maven2/org/springframework/boot/spring-boot-rest-test-client/4.0.0/spring-boot-rest-test-client-4.0.0.pom
2025-12-14 15:28:23,316 [Worker-20: Building] WARN  o.e.m.c.i.embedder.EclipseLogger - The POM for org.springframework.boot:spring-boot-rest-test-client:jar:4.0.0 is missing, no dependency information available
2025-12-14 15:28:23,707 [Worker-20: Building] INFO  o.e.m.c.i.e.AbstractTransferListenerAdapter - Downloaded https://repo.maven.apache.org/maven2/org/springframework/boot/spring-boot-rest-test-client/4.0.0/spring-boot-rest-test-client-4.0.0.jar
2025-12-14 15:28:24,094 [Worker-20: Building] INFO  o.a.m.s.f.DefaultMavenResourcesFiltering - Copying 0 resource from src\main\resources to target\classes
2025-12-14 15:28:24,096 [Worker-20: Building] INFO  o.a.m.s.f.DefaultMavenResourcesFiltering - Copying 0 resource from src\main\resources to target\classes
2025-12-14 15:28:24,101 [Worker-20: Building] INFO  o.a.m.s.f.DefaultMavenResourcesFiltering - skip non existing resourceDirectory C:\Users\flame\Documents\eclipseProjects\mediaLogic\SampleAPI\src\test\resources
2025-12-14 15:28:25,726 [Worker-29: Download sources and javadoc] INFO  o.e.m.c.i.e.AbstractTransferListenerAdapter - Downloaded https://repo.maven.apache.org/maven2/org/springframework/boot/spring-boot-rest-test-client/4.0.0/spring-boot-rest-test-client-4.0.0-sources.jar
2025-12-14 15:28:25,730 [Worker-29: Download sources and javadoc] ERROR o.e.m.j.internal.DownloadSourcesJob - Could not download sources for org.springframework.boot:spring-boot-rest-test-client:4.0.0
org.eclipse.core.runtime.CoreException: Could not resolve artifact org.springframework.boot:spring-boot-rest-test-client:jar:sources:4.0.0
	at org.eclipse.m2e.core.internal.embedder.MavenImpl.lambda$7(MavenImpl.java:540)
	at org.eclipse.m2e.core.internal.embedder.MavenExecutionContext.executeBare(MavenExecutionContext.java:458)
	at org.eclipse.m2e.core.internal.embedder.MavenExecutionContext.execute(MavenExecutionContext.java:292)
	at org.eclipse.m2e.core.internal.embedder.MavenExecutionContext.execute(MavenExecutionContext.java:278)
	at org.eclipse.m2e.core.internal.embedder.MavenImpl.resolve(MavenImpl.java:509)
	at org.eclipse.m2e.core.internal.embedder.MavenImpl.resolve(MavenImpl.java:494)
	at org.eclipse.m2e.jdt.internal.DownloadSourcesJob.download(DownloadSourcesJob.java:308)
	at org.eclipse.m2e.jdt.internal.DownloadSourcesJob.downloadAttachments(DownloadSourcesJob.java:282)
	at org.eclipse.m2e.jdt.internal.DownloadSourcesJob.downloadMaven(DownloadSourcesJob.java:252)
	at org.eclipse.m2e.jdt.internal.DownloadSourcesJob.downloadFilesAndPopulateToUpdate(DownloadSourcesJob.java:220)
	at org.eclipse.m2e.jdt.internal.DownloadSourcesJob.lambda$0(DownloadSourcesJob.java:149)
	at org.eclipse.m2e.core.internal.embedder.MavenExecutionContext.executeBare(MavenExecutionContext.java:458)
	at org.eclipse.m2e.core.internal.embedder.MavenExecutionContext.execute(MavenExecutionContext.java:339)
	at org.eclipse.m2e.core.internal.embedder.MavenExecutionContext.execute(MavenExecutionContext.java:278)
	at org.eclipse.m2e.core.embedder.IMaven.execute(IMaven.java:300)
	at org.eclipse.m2e.jdt.internal.DownloadSourcesJob.run(DownloadSourcesJob.java:149)
	at org.eclipse.core.internal.jobs.Worker.run(Worker.java:63)
2025-12-14 15:29:01,309 [Worker-32: Building] INFO  o.e.m.c.i.l.LifecycleMappingFactory - Using org.eclipse.m2e.jdt.JarLifecycleMapping lifecycle mapping for MavenProject: com.example:SampleAPI:0.0.1-SNAPSHOT @ C:\Users\flame\Documents\eclipseProjects\mediaLogic\SampleAPI\pom.xml.
2025-12-14 15:29:02,179 [Worker-32: Building] INFO  o.a.m.s.f.DefaultMavenResourcesFiltering - Copying 0 resource from src\main\resources to target\classes
2025-12-14 15:29:02,181 [Worker-32: Building] INFO  o.a.m.s.f.DefaultMavenResourcesFiltering - Copying 0 resource from src\main\resources to target\classes
2025-12-14 15:29:02,186 [Worker-32: Building] INFO  o.a.m.s.f.DefaultMavenResourcesFiltering - skip non existing resourceDirectory C:\Users\flame\Documents\eclipseProjects\mediaLogic\SampleAPI\src\test\resources
2025-12-14 15:29:03,513 [Worker-31: Building] INFO  o.a.m.s.f.DefaultMavenResourcesFiltering - Copying 1 resource from src\main\resources to target\classes
2025-12-14 15:29:03,540 [Worker-31: Building] INFO  o.a.m.s.f.DefaultMavenResourcesFiltering - Copying 0 resource from src\main\resources to target\classes
2025-12-14 15:29:03,545 [Worker-31: Building] INFO  o.a.m.s.f.DefaultMavenResourcesFiltering - skip non existing resourceDirectory C:\Users\flame\Documents\eclipseProjects\mediaLogic\SampleAPI\src\test\resources
2025-12-14 15:29:29,280 [Worker-30: Building] INFO  o.e.m.c.i.l.LifecycleMappingFactory - Using org.eclipse.m2e.jdt.JarLifecycleMapping lifecycle mapping for MavenProject: com.example:SampleAPI:0.0.1-SNAPSHOT @ C:\Users\flame\Documents\eclipseProjects\mediaLogic\SampleAPI\pom.xml.
2025-12-14 15:29:29,934 [Worker-30: Building] INFO  o.a.m.s.f.DefaultMavenResourcesFiltering - Copying 0 resource from src\main\resources to target\classes
2025-12-14 15:29:29,935 [Worker-30: Building] INFO  o.a.m.s.f.DefaultMavenResourcesFiltering - Copying 0 resource from src\main\resources to target\classes
2025-12-14 15:29:29,940 [Worker-30: Building] INFO  o.a.m.s.f.DefaultMavenResourcesFiltering - skip non existing resourceDirectory C:\Users\flame\Documents\eclipseProjects\mediaLogic\SampleAPI\src\test\resources
2025-12-14 15:29:31,266 [Worker-29: Building] INFO  o.a.m.s.f.DefaultMavenResourcesFiltering - Copying 1 resource from src\main\resources to target\classes
2025-12-14 15:29:31,297 [Worker-29: Building] INFO  o.a.m.s.f.DefaultMavenResourcesFiltering - Copying 0 resource from src\main\resources to target\classes
2025-12-14 15:29:31,304 [Worker-29: Building] INFO  o.a.m.s.f.DefaultMavenResourcesFiltering - skip non existing resourceDirectory C:\Users\flame\Documents\eclipseProjects\mediaLogic\SampleAPI\src\test\resources
2025-12-14 15:29:51,434 [Worker-32: Building] INFO  o.e.m.c.i.l.LifecycleMappingFactory - Using org.eclipse.m2e.jdt.JarLifecycleMapping lifecycle mapping for MavenProject: com.example:SampleAPI:0.0.1-SNAPSHOT @ C:\Users\flame\Documents\eclipseProjects\mediaLogic\SampleAPI\pom.xml.
2025-12-14 15:29:52,074 [Worker-32: Building] INFO  o.a.m.s.f.DefaultMavenResourcesFiltering - Copying 0 resource from src\main\resources to target\classes
2025-12-14 15:29:52,075 [Worker-32: Building] INFO  o.a.m.s.f.DefaultMavenResourcesFiltering - Copying 0 resource from src\main\resources to target\classes
2025-12-14 15:29:52,082 [Worker-32: Building] INFO  o.a.m.s.f.DefaultMavenResourcesFiltering - skip non existing resourceDirectory C:\Users\flame\Documents\eclipseProjects\mediaLogic\SampleAPI\src\test\resources
2025-12-14 15:29:53,355 [Worker-32: Building] INFO  o.a.m.s.f.DefaultMavenResourcesFiltering - Copying 1 resource from src\main\resources to target\classes
2025-12-14 15:29:53,379 [Worker-32: Building] INFO  o.a.m.s.f.DefaultMavenResourcesFiltering - Copying 0 resource from src\main\resources to target\classes
2025-12-14 15:29:53,385 [Worker-32: Building] INFO  o.a.m.s.f.DefaultMavenResourcesFiltering - skip non existing resourceDirectory C:\Users\flame\Documents\eclipseProjects\mediaLogic\SampleAPI\src\test\resources
2025-12-14 15:29:57,066 [Worker-20: Building] INFO  o.e.m.c.i.l.LifecycleMappingFactory - Using org.eclipse.m2e.jdt.JarLifecycleMapping lifecycle mapping for MavenProject: com.example:SampleAPI:0.0.1-SNAPSHOT @ C:\Users\flame\Documents\eclipseProjects\mediaLogic\SampleAPI\pom.xml.
2025-12-14 15:29:57,820 [Worker-20: Building] INFO  o.a.m.s.f.DefaultMavenResourcesFiltering - Copying 0 resource from src\main\resources to target\classes
2025-12-14 15:29:57,822 [Worker-20: Building] INFO  o.a.m.s.f.DefaultMavenResourcesFiltering - Copying 0 resource from src\main\resources to target\classes
2025-12-14 15:29:57,827 [Worker-20: Building] INFO  o.a.m.s.f.DefaultMavenResourcesFiltering - skip non existing resourceDirectory C:\Users\flame\Documents\eclipseProjects\mediaLogic\SampleAPI\src\test\resources
2025-12-14 15:29:59,138 [Worker-31: Building] INFO  o.a.m.s.f.DefaultMavenResourcesFiltering - Copying 1 resource from src\main\resources to target\classes
2025-12-14 15:29:59,162 [Worker-31: Building] INFO  o.a.m.s.f.DefaultMavenResourcesFiltering - Copying 0 resource from src\main\resources to target\classes
2025-12-14 15:29:59,166 [Worker-31: Building] INFO  o.a.m.s.f.DefaultMavenResourcesFiltering - skip non existing resourceDirectory C:\Users\flame\Documents\eclipseProjects\mediaLogic\SampleAPI\src\test\resources
2025-12-14 15:30:09,773 [Worker-32: Updating Maven Project] INFO  o.e.m.c.i.p.ProjectConfigurationManager - Update started
2025-12-14 15:30:10,161 [Worker-32: Updating Maven Project] INFO  o.e.m.c.i.l.LifecycleMappingFactory - Using org.eclipse.m2e.jdt.JarLifecycleMapping lifecycle mapping for MavenProject: com.example:SampleAPI:0.0.1-SNAPSHOT @ C:\Users\flame\Documents\eclipseProjects\mediaLogic\SampleAPI\pom.xml.
2025-12-14 15:30:10,957 [Worker-32: Updating Maven Project] INFO  o.e.m.j.i.AbstractJavaProjectConfigurator - Adding source folder /SampleAPI/src/main/java
2025-12-14 15:30:10,960 [Worker-32: Updating Maven Project] INFO  o.e.m.j.i.AbstractJavaProjectConfigurator - Adding resource folder /SampleAPI/src/main/resources
2025-12-14 15:30:10,961 [Worker-32: Updating Maven Project] INFO  o.e.m.j.i.AbstractJavaProjectConfigurator - Adding resource folder /SampleAPI/src/main/resources
2025-12-14 15:30:10,962 [Worker-32: Updating Maven Project] INFO  o.e.m.j.i.AbstractJavaProjectConfigurator - Adding source folder /SampleAPI/src/test/java
2025-12-14 15:30:10,964 [Worker-32: Updating Maven Project] INFO  o.e.m.j.i.AbstractJavaProjectConfigurator - Adding resource folder /SampleAPI/src/test/resources
2025-12-14 15:30:11,160 [Worker-32: Updating Maven Project] INFO  o.e.m.jdt.internal.UnitTestSupport - Reset launch configuration name: SampleApiApplicationTests
2025-12-14 15:30:11,160 [Worker-32: Updating Maven Project] INFO  o.e.m.jdt.internal.UnitTestSupport - Updating SampleApiApplicationTests from maven configuration
2025-12-14 15:30:11,904 [Worker-32: Updating Maven Project] INFO  o.e.m.c.i.p.ProjectConfigurationManager - Update completed for 1 poms: local refresh takes 0,00 sec, refresh facades takes 1,00 sec, update config takes 0,00 sec 
2025-12-14 15:30:12,352 [Worker-20: Building] INFO  o.a.m.s.f.DefaultMavenResourcesFiltering - Copying 1 resource from src\main\resources to target\classes
2025-12-14 15:30:12,373 [Worker-20: Building] INFO  o.a.m.s.f.DefaultMavenResourcesFiltering - Copying 0 resource from src\main\resources to target\classes
2025-12-14 15:30:12,379 [Worker-20: Building] INFO  o.a.m.s.f.DefaultMavenResourcesFiltering - skip non existing resourceDirectory C:\Users\flame\Documents\eclipseProjects\mediaLogic\SampleAPI\src\test\resources
2025-12-14 15:30:55,087 [Worker-30: Launching SampleAPI] INFO  o.eclipse.m2e.core.internal.Bundles - getClasspathEntries(Bundle=org.eclipse.m2e.maven.runtime_3.9.900.20240824-1409 [642])
2025-12-14 15:30:55,089 [Worker-30: Launching SampleAPI] INFO  o.eclipse.m2e.core.internal.Bundles - 	Entry: C:\Users\flame\.p2\pool\plugins\org.eclipse.m2e.maven.runtime_3.9.900.20240824-1409
2025-12-14 15:30:55,089 [Worker-30: Launching SampleAPI] INFO  o.eclipse.m2e.core.internal.Bundles - 	Entry: C:\Users\flame\.p2\pool\plugins\org.eclipse.m2e.maven.runtime_3.9.900.20240824-1409\jars\aopalliance-1.0.jar
2025-12-14 15:30:55,089 [Worker-30: Launching SampleAPI] INFO  o.eclipse.m2e.core.internal.Bundles - 	Entry: C:\Users\flame\.p2\pool\plugins\org.eclipse.m2e.maven.runtime_3.9.900.20240824-1409\jars\guice-5.1.0.jar
2025-12-14 15:30:55,090 [Worker-30: Launching SampleAPI] INFO  o.eclipse.m2e.core.internal.Bundles - 	Entry: C:\Users\flame\.p2\pool\plugins\org.eclipse.m2e.maven.runtime_3.9.900.20240824-1409\jars\httpclient-4.5.14.jar
2025-12-14 15:30:55,090 [Worker-30: Launching SampleAPI] INFO  o.eclipse.m2e.core.internal.Bundles - 	Entry: C:\Users\flame\.p2\pool\plugins\org.eclipse.m2e.maven.runtime_3.9.900.20240824-1409\jars\httpcore-4.4.16.jar
2025-12-14 15:30:55,090 [Worker-30: Launching SampleAPI] INFO  o.eclipse.m2e.core.internal.Bundles - 	Entry: C:\Users\flame\.p2\pool\plugins\org.eclipse.m2e.maven.runtime_3.9.900.20240824-1409\jars\jansi-2.4.1.jar
2025-12-14 15:30:55,090 [Worker-30: Launching SampleAPI] INFO  o.eclipse.m2e.core.internal.Bundles - 	Entry: C:\Users\flame\.p2\pool\plugins\org.eclipse.m2e.maven.runtime_3.9.900.20240824-1409\jars\jcl-over-slf4j-1.7.36.jar
2025-12-14 15:30:55,090 [Worker-30: Launching SampleAPI] INFO  o.eclipse.m2e.core.internal.Bundles - 	Entry: C:\Users\flame\.p2\pool\plugins\org.eclipse.m2e.maven.runtime_3.9.900.20240824-1409\jars\maven-artifact-3.9.9.jar
2025-12-14 15:30:55,090 [Worker-30: Launching SampleAPI] INFO  o.eclipse.m2e.core.internal.Bundles - 	Entry: C:\Users\flame\.p2\pool\plugins\org.eclipse.m2e.maven.runtime_3.9.900.20240824-1409\jars\maven-builder-support-3.9.9.jar
2025-12-14 15:30:55,090 [Worker-30: Launching SampleAPI] INFO  o.eclipse.m2e.core.internal.Bundles - 	Entry: C:\Users\flame\.p2\pool\plugins\org.eclipse.m2e.maven.runtime_3.9.900.20240824-1409\jars\maven-compat-3.9.9.jar
2025-12-14 15:30:55,090 [Worker-30: Launching SampleAPI] INFO  o.eclipse.m2e.core.internal.Bundles - 	Entry: C:\Users\flame\.p2\pool\plugins\org.eclipse.m2e.maven.runtime_3.9.900.20240824-1409\jars\maven-core-3.9.9.jar
2025-12-14 15:30:55,091 [Worker-30: Launching SampleAPI] INFO  o.eclipse.m2e.core.internal.Bundles - 	Entry: C:\Users\flame\.p2\pool\plugins\org.eclipse.m2e.maven.runtime_3.9.900.20240824-1409\jars\maven-embedder-3.9.9.jar
2025-12-14 15:30:55,091 [Worker-30: Launching SampleAPI] INFO  o.eclipse.m2e.core.internal.Bundles - 	Entry: C:\Users\flame\.p2\pool\plugins\org.eclipse.m2e.maven.runtime_3.9.900.20240824-1409\jars\maven-model-3.9.9.jar
2025-12-14 15:30:55,091 [Worker-30: Launching SampleAPI] INFO  o.eclipse.m2e.core.internal.Bundles - 	Entry: C:\Users\flame\.p2\pool\plugins\org.eclipse.m2e.maven.runtime_3.9.900.20240824-1409\jars\maven-model-builder-3.9.9.jar
2025-12-14 15:30:55,091 [Worker-30: Launching SampleAPI] INFO  o.eclipse.m2e.core.internal.Bundles - 	Entry: C:\Users\flame\.p2\pool\plugins\org.eclipse.m2e.maven.runtime_3.9.900.20240824-1409\jars\maven-plugin-api-3.9.9.jar
2025-12-14 15:30:55,091 [Worker-30: Launching SampleAPI] INFO  o.eclipse.m2e.core.internal.Bundles - 	Entry: C:\Users\flame\.p2\pool\plugins\org.eclipse.m2e.maven.runtime_3.9.900.20240824-1409\jars\maven-repository-metadata-3.9.9.jar
2025-12-14 15:30:55,091 [Worker-30: Launching SampleAPI] INFO  o.eclipse.m2e.core.internal.Bundles - 	Entry: C:\Users\flame\.p2\pool\plugins\org.eclipse.m2e.maven.runtime_3.9.900.20240824-1409\jars\maven-resolver-api-1.9.22.jar
2025-12-14 15:30:55,092 [Worker-30: Launching SampleAPI] INFO  o.eclipse.m2e.core.internal.Bundles - 	Entry: C:\Users\flame\.p2\pool\plugins\org.eclipse.m2e.maven.runtime_3.9.900.20240824-1409\jars\maven-resolver-connector-basic-1.9.22.jar
2025-12-14 15:30:55,092 [Worker-30: Launching SampleAPI] INFO  o.eclipse.m2e.core.internal.Bundles - 	Entry: C:\Users\flame\.p2\pool\plugins\org.eclipse.m2e.maven.runtime_3.9.900.20240824-1409\jars\maven-resolver-impl-1.9.22.jar
2025-12-14 15:30:55,092 [Worker-30: Launching SampleAPI] INFO  o.eclipse.m2e.core.internal.Bundles - 	Entry: C:\Users\flame\.p2\pool\plugins\org.eclipse.m2e.maven.runtime_3.9.900.20240824-1409\jars\maven-resolver-named-locks-1.9.22.jar
2025-12-14 15:30:55,092 [Worker-30: Launching SampleAPI] INFO  o.eclipse.m2e.core.internal.Bundles - 	Entry: C:\Users\flame\.p2\pool\plugins\org.eclipse.m2e.maven.runtime_3.9.900.20240824-1409\jars\maven-resolver-provider-3.9.9.jar
2025-12-14 15:30:55,093 [Worker-30: Launching SampleAPI] INFO  o.eclipse.m2e.core.internal.Bundles - 	Entry: C:\Users\flame\.p2\pool\plugins\org.eclipse.m2e.maven.runtime_3.9.900.20240824-1409\jars\maven-resolver-spi-1.9.22.jar
2025-12-14 15:30:55,093 [Worker-30: Launching SampleAPI] INFO  o.eclipse.m2e.core.internal.Bundles - 	Entry: C:\Users\flame\.p2\pool\plugins\org.eclipse.m2e.maven.runtime_3.9.900.20240824-1409\jars\maven-resolver-transport-file-1.9.22.jar
2025-12-14 15:30:55,093 [Worker-30: Launching SampleAPI] INFO  o.eclipse.m2e.core.internal.Bundles - 	Entry: C:\Users\flame\.p2\pool\plugins\org.eclipse.m2e.maven.runtime_3.9.900.20240824-1409\jars\maven-resolver-transport-http-1.9.22.jar
2025-12-14 15:30:55,094 [Worker-30: Launching SampleAPI] INFO  o.eclipse.m2e.core.internal.Bundles - 	Entry: C:\Users\flame\.p2\pool\plugins\org.eclipse.m2e.maven.runtime_3.9.900.20240824-1409\jars\maven-resolver-transport-wagon-1.9.22.jar
2025-12-14 15:30:55,094 [Worker-30: Launching SampleAPI] INFO  o.eclipse.m2e.core.internal.Bundles - 	Entry: C:\Users\flame\.p2\pool\plugins\org.eclipse.m2e.maven.runtime_3.9.900.20240824-1409\jars\maven-resolver-util-1.9.22.jar
2025-12-14 15:30:55,094 [Worker-30: Launching SampleAPI] INFO  o.eclipse.m2e.core.internal.Bundles - 	Entry: C:\Users\flame\.p2\pool\plugins\org.eclipse.m2e.maven.runtime_3.9.900.20240824-1409\jars\maven-settings-3.9.9.jar
2025-12-14 15:30:55,095 [Worker-30: Launching SampleAPI] INFO  o.eclipse.m2e.core.internal.Bundles - 	Entry: C:\Users\flame\.p2\pool\plugins\org.eclipse.m2e.maven.runtime_3.9.900.20240824-1409\jars\maven-settings-builder-3.9.9.jar
2025-12-14 15:30:55,095 [Worker-30: Launching SampleAPI] INFO  o.eclipse.m2e.core.internal.Bundles - 	Entry: C:\Users\flame\.p2\pool\plugins\org.eclipse.m2e.maven.runtime_3.9.900.20240824-1409\jars\maven-shared-utils-3.4.2.jar
2025-12-14 15:30:55,096 [Worker-30: Launching SampleAPI] INFO  o.eclipse.m2e.core.internal.Bundles - 	Entry: C:\Users\flame\.p2\pool\plugins\org.eclipse.m2e.maven.runtime_3.9.900.20240824-1409\jars\org.eclipse.sisu.inject-0.9.0.M3.jar
2025-12-14 15:30:55,096 [Worker-30: Launching SampleAPI] INFO  o.eclipse.m2e.core.internal.Bundles - 	Entry: C:\Users\flame\.p2\pool\plugins\org.eclipse.m2e.maven.runtime_3.9.900.20240824-1409\jars\org.eclipse.sisu.plexus-0.9.0.M3.jar
2025-12-14 15:30:55,096 [Worker-30: Launching SampleAPI] INFO  o.eclipse.m2e.core.internal.Bundles - 	Entry: C:\Users\flame\.p2\pool\plugins\org.eclipse.m2e.maven.runtime_3.9.900.20240824-1409\jars\plexus-build-api-0.0.7.jar
2025-12-14 15:30:55,097 [Worker-30: Launching SampleAPI] INFO  o.eclipse.m2e.core.internal.Bundles - 	Entry: C:\Users\flame\.p2\pool\plugins\org.eclipse.m2e.maven.runtime_3.9.900.20240824-1409\jars\plexus-build-api-1.2.0.jar
2025-12-14 15:30:55,097 [Worker-30: Launching SampleAPI] INFO  o.eclipse.m2e.core.internal.Bundles - 	Entry: C:\Users\flame\.p2\pool\plugins\org.eclipse.m2e.maven.runtime_3.9.900.20240824-1409\jars\plexus-cipher-2.0.jar
2025-12-14 15:30:55,097 [Worker-30: Launching SampleAPI] INFO  o.eclipse.m2e.core.internal.Bundles - 	Entry: C:\Users\flame\.p2\pool\plugins\org.eclipse.m2e.maven.runtime_3.9.900.20240824-1409\jars\plexus-classworlds-2.8.0.jar
2025-12-14 15:30:55,098 [Worker-30: Launching SampleAPI] INFO  o.eclipse.m2e.core.internal.Bundles - 	Entry: C:\Users\flame\.p2\pool\plugins\org.eclipse.m2e.maven.runtime_3.9.900.20240824-1409\jars\plexus-component-annotations-2.1.0.jar
2025-12-14 15:30:55,098 [Worker-30: Launching SampleAPI] INFO  o.eclipse.m2e.core.internal.Bundles - 	Entry: C:\Users\flame\.p2\pool\plugins\org.eclipse.m2e.maven.runtime_3.9.900.20240824-1409\jars\plexus-interpolation-1.27.jar
2025-12-14 15:30:55,098 [Worker-30: Launching SampleAPI] INFO  o.eclipse.m2e.core.internal.Bundles - 	Entry: C:\Users\flame\.p2\pool\plugins\org.eclipse.m2e.maven.runtime_3.9.900.20240824-1409\jars\plexus-sec-dispatcher-2.0.jar
2025-12-14 15:30:55,099 [Worker-30: Launching SampleAPI] INFO  o.eclipse.m2e.core.internal.Bundles - 	Entry: C:\Users\flame\.p2\pool\plugins\org.eclipse.m2e.maven.runtime_3.9.900.20240824-1409\jars\plexus-utils-3.5.1.jar
2025-12-14 15:30:55,099 [Worker-30: Launching SampleAPI] INFO  o.eclipse.m2e.core.internal.Bundles - 	Entry: C:\Users\flame\.p2\pool\plugins\org.eclipse.m2e.maven.runtime_3.9.900.20240824-1409\jars\plexus-xml-3.0.1.jar
2025-12-14 15:30:55,099 [Worker-30: Launching SampleAPI] INFO  o.eclipse.m2e.core.internal.Bundles - 	Entry: C:\Users\flame\.p2\pool\plugins\org.eclipse.m2e.maven.runtime_3.9.900.20240824-1409\jars\wagon-file-3.5.3.jar
2025-12-14 15:30:55,100 [Worker-30: Launching SampleAPI] INFO  o.eclipse.m2e.core.internal.Bundles - 	Entry: C:\Users\flame\.p2\pool\plugins\org.eclipse.m2e.maven.runtime_3.9.900.20240824-1409\jars\wagon-http-3.5.3.jar
2025-12-14 15:30:55,101 [Worker-30: Launching SampleAPI] INFO  o.eclipse.m2e.core.internal.Bundles - 	Entry: C:\Users\flame\.p2\pool\plugins\org.eclipse.m2e.maven.runtime_3.9.900.20240824-1409\jars\wagon-http-shared-3.5.3.jar
2025-12-14 15:30:55,101 [Worker-30: Launching SampleAPI] INFO  o.eclipse.m2e.core.internal.Bundles - 	Entry: C:\Users\flame\.p2\pool\plugins\org.eclipse.m2e.maven.runtime_3.9.900.20240824-1409\jars\wagon-provider-api-3.5.3.jar
2025-12-14 15:30:55,103 [Worker-30: Launching SampleAPI] INFO  o.eclipse.m2e.core.internal.Bundles - getClasspathEntries(Bundle=com.google.guava_33.3.1.jre [1028])
2025-12-14 15:30:55,104 [Worker-30: Launching SampleAPI] INFO  o.eclipse.m2e.core.internal.Bundles - 	Entry: C:\Users\flame\.p2\pool\plugins\com.google.guava_33.3.1.jre.jar
2025-12-14 15:30:55,104 [Worker-30: Launching SampleAPI] INFO  o.eclipse.m2e.core.internal.Bundles - getClasspathEntries(Bundle=slf4j.api_2.0.17 [1152])
2025-12-14 15:30:55,105 [Worker-30: Launching SampleAPI] INFO  o.eclipse.m2e.core.internal.Bundles - 	Entry: C:\Users\flame\.p2\pool\plugins\slf4j.api_2.0.17.jar
2025-12-14 15:30:55,105 [Worker-30: Launching SampleAPI] INFO  o.eclipse.m2e.core.internal.Bundles - getClasspathEntries(Bundle=jakarta.inject.jakarta.inject-api_1.0.5 [34])
2025-12-14 15:30:55,106 [Worker-30: Launching SampleAPI] INFO  o.eclipse.m2e.core.internal.Bundles - 	Entry: C:\Users\flame\.p2\pool\plugins\jakarta.inject.jakarta.inject-api_1.0.5.jar
2025-12-14 15:30:55,106 [Worker-30: Launching SampleAPI] INFO  o.eclipse.m2e.core.internal.Bundles - getClasspathEntries(Bundle=jakarta.annotation-api_1.3.5 [29])
2025-12-14 15:30:55,106 [Worker-30: Launching SampleAPI] INFO  o.eclipse.m2e.core.internal.Bundles - 	Entry: C:\Users\flame\.p2\pool\plugins\jakarta.annotation-api_1.3.5.jar
2025-12-14 15:30:55,107 [Worker-30: Launching SampleAPI] INFO  o.eclipse.m2e.core.internal.Bundles - getClasspathEntries(Bundle=org.apache.commons.cli_1.9.0 [78])
2025-12-14 15:30:55,107 [Worker-30: Launching SampleAPI] INFO  o.eclipse.m2e.core.internal.Bundles - 	Entry: C:\Users\flame\.p2\pool\plugins\org.apache.commons.cli_1.9.0.jar
2025-12-14 15:30:55,107 [Worker-30: Launching SampleAPI] INFO  o.eclipse.m2e.core.internal.Bundles - getClasspathEntries(Bundle=org.apache.commons.commons-codec_1.16.0 [81])
2025-12-14 15:30:55,108 [Worker-30: Launching SampleAPI] INFO  o.eclipse.m2e.core.internal.Bundles - 	Entry: C:\Users\flame\.p2\pool\plugins\org.apache.commons.commons-codec_1.16.0.jar
2025-12-14 15:30:55,108 [Worker-30: Launching SampleAPI] INFO  o.eclipse.m2e.core.internal.Bundles - getClasspathEntries(Bundle=com.google.guava.failureaccess_1.0.2 [17])
2025-12-14 15:30:55,109 [Worker-30: Launching SampleAPI] INFO  o.eclipse.m2e.core.internal.Bundles - 	Entry: C:\Users\flame\.p2\pool\plugins\com.google.guava.failureaccess_1.0.2.jar
2025-12-14 15:30:55,110 [Worker-30: Launching SampleAPI] INFO  o.eclipse.m2e.core.internal.Bundles - getClasspathEntries(Bundle=org.eclipse.m2e.workspace.cli_0.3.1 [654])
2025-12-14 15:30:55,111 [Worker-30: Launching SampleAPI] INFO  o.eclipse.m2e.core.internal.Bundles - 	Entry: C:\Users\flame\.p2\pool\plugins\org.eclipse.m2e.workspace.cli_0.3.1.jar
2025-12-14 15:30:55,116 [Worker-30: Launching SampleAPI] INFO  o.e.m.i.launch.MavenLaunchDelegate - Run build in "C:\Users\flame\Documents\eclipseProjects\mediaLogic\SampleAPI":
2025-12-14 15:30:55,118 [Worker-30: Launching SampleAPI] INFO  o.e.m.i.launch.MavenLaunchDelegate -  mvn  -Ppom.xml -B -X -e -U -Dmaven.test.skip=true -DskipTests -Dstyle.color=always clean install
2025-12-14 15:30:55,120 [Worker-31: Building] INFO  o.a.m.s.f.DefaultMavenResourcesFiltering - Copying 0 resource from src\main\resources to target\classes
2025-12-14 15:30:55,122 [Worker-31: Building] INFO  o.a.m.s.f.DefaultMavenResourcesFiltering - Copying 0 resource from src\main\resources to target\classes
2025-12-14 15:30:55,127 [Worker-31: Building] INFO  o.a.m.s.f.DefaultMavenResourcesFiltering - skip non existing resourceDirectory C:\Users\flame\Documents\eclipseProjects\mediaLogic\SampleAPI\src\test\resources
2025-12-14 15:31:03,263 [Worker-28: Building] INFO  o.a.m.s.f.DefaultMavenResourcesFiltering - Copying 0 resource from src\main\resources to target\classes
2025-12-14 15:31:03,265 [Worker-28: Building] INFO  o.a.m.s.f.DefaultMavenResourcesFiltering - Copying 0 resource from src\main\resources to target\classes
2025-12-14 15:31:03,270 [Worker-28: Building] INFO  o.a.m.s.f.DefaultMavenResourcesFiltering - skip non existing resourceDirectory C:\Users\flame\Documents\eclipseProjects\mediaLogic\SampleAPI\src\test\resources
2025-12-14 15:31:08,121 [Worker-33: Launching SampleAPI] INFO  o.eclipse.m2e.core.internal.Bundles - getClasspathEntries(Bundle=org.eclipse.m2e.maven.runtime_3.9.900.20240824-1409 [642])
2025-12-14 15:31:08,122 [Worker-33: Launching SampleAPI] INFO  o.eclipse.m2e.core.internal.Bundles - 	Entry: C:\Users\flame\.p2\pool\plugins\org.eclipse.m2e.maven.runtime_3.9.900.20240824-1409
2025-12-14 15:31:08,123 [Worker-33: Launching SampleAPI] INFO  o.eclipse.m2e.core.internal.Bundles - 	Entry: C:\Users\flame\.p2\pool\plugins\org.eclipse.m2e.maven.runtime_3.9.900.20240824-1409\jars\aopalliance-1.0.jar
2025-12-14 15:31:08,123 [Worker-33: Launching SampleAPI] INFO  o.eclipse.m2e.core.internal.Bundles - 	Entry: C:\Users\flame\.p2\pool\plugins\org.eclipse.m2e.maven.runtime_3.9.900.20240824-1409\jars\guice-5.1.0.jar
2025-12-14 15:31:08,123 [Worker-33: Launching SampleAPI] INFO  o.eclipse.m2e.core.internal.Bundles - 	Entry: C:\Users\flame\.p2\pool\plugins\org.eclipse.m2e.maven.runtime_3.9.900.20240824-1409\jars\httpclient-4.5.14.jar
2025-12-14 15:31:08,123 [Worker-33: Launching SampleAPI] INFO  o.eclipse.m2e.core.internal.Bundles - 	Entry: C:\Users\flame\.p2\pool\plugins\org.eclipse.m2e.maven.runtime_3.9.900.20240824-1409\jars\httpcore-4.4.16.jar
2025-12-14 15:31:08,123 [Worker-33: Launching SampleAPI] INFO  o.eclipse.m2e.core.internal.Bundles - 	Entry: C:\Users\flame\.p2\pool\plugins\org.eclipse.m2e.maven.runtime_3.9.900.20240824-1409\jars\jansi-2.4.1.jar
2025-12-14 15:31:08,123 [Worker-33: Launching SampleAPI] INFO  o.eclipse.m2e.core.internal.Bundles - 	Entry: C:\Users\flame\.p2\pool\plugins\org.eclipse.m2e.maven.runtime_3.9.900.20240824-1409\jars\jcl-over-slf4j-1.7.36.jar
2025-12-14 15:31:08,124 [Worker-33: Launching SampleAPI] INFO  o.eclipse.m2e.core.internal.Bundles - 	Entry: C:\Users\flame\.p2\pool\plugins\org.eclipse.m2e.maven.runtime_3.9.900.20240824-1409\jars\maven-artifact-3.9.9.jar
2025-12-14 15:31:08,124 [Worker-33: Launching SampleAPI] INFO  o.eclipse.m2e.core.internal.Bundles - 	Entry: C:\Users\flame\.p2\pool\plugins\org.eclipse.m2e.maven.runtime_3.9.900.20240824-1409\jars\maven-builder-support-3.9.9.jar
2025-12-14 15:31:08,124 [Worker-33: Launching SampleAPI] INFO  o.eclipse.m2e.core.internal.Bundles - 	Entry: C:\Users\flame\.p2\pool\plugins\org.eclipse.m2e.maven.runtime_3.9.900.20240824-1409\jars\maven-compat-3.9.9.jar
2025-12-14 15:31:08,124 [Worker-33: Launching SampleAPI] INFO  o.eclipse.m2e.core.internal.Bundles - 	Entry: C:\Users\flame\.p2\pool\plugins\org.eclipse.m2e.maven.runtime_3.9.900.20240824-1409\jars\maven-core-3.9.9.jar
2025-12-14 15:31:08,124 [Worker-33: Launching SampleAPI] INFO  o.eclipse.m2e.core.internal.Bundles - 	Entry: C:\Users\flame\.p2\pool\plugins\org.eclipse.m2e.maven.runtime_3.9.900.20240824-1409\jars\maven-embedder-3.9.9.jar
2025-12-14 15:31:08,124 [Worker-33: Launching SampleAPI] INFO  o.eclipse.m2e.core.internal.Bundles - 	Entry: C:\Users\flame\.p2\pool\plugins\org.eclipse.m2e.maven.runtime_3.9.900.20240824-1409\jars\maven-model-3.9.9.jar
2025-12-14 15:31:08,124 [Worker-33: Launching SampleAPI] INFO  o.eclipse.m2e.core.internal.Bundles - 	Entry: C:\Users\flame\.p2\pool\plugins\org.eclipse.m2e.maven.runtime_3.9.900.20240824-1409\jars\maven-model-builder-3.9.9.jar
2025-12-14 15:31:08,124 [Worker-33: Launching SampleAPI] INFO  o.eclipse.m2e.core.internal.Bundles - 	Entry: C:\Users\flame\.p2\pool\plugins\org.eclipse.m2e.maven.runtime_3.9.900.20240824-1409\jars\maven-plugin-api-3.9.9.jar
2025-12-14 15:31:08,126 [Worker-33: Launching SampleAPI] INFO  o.eclipse.m2e.core.internal.Bundles - 	Entry: C:\Users\flame\.p2\pool\plugins\org.eclipse.m2e.maven.runtime_3.9.900.20240824-1409\jars\maven-repository-metadata-3.9.9.jar
2025-12-14 15:31:08,126 [Worker-33: Launching SampleAPI] INFO  o.eclipse.m2e.core.internal.Bundles - 	Entry: C:\Users\flame\.p2\pool\plugins\org.eclipse.m2e.maven.runtime_3.9.900.20240824-1409\jars\maven-resolver-api-1.9.22.jar
2025-12-14 15:31:08,126 [Worker-33: Launching SampleAPI] INFO  o.eclipse.m2e.core.internal.Bundles - 	Entry: C:\Users\flame\.p2\pool\plugins\org.eclipse.m2e.maven.runtime_3.9.900.20240824-1409\jars\maven-resolver-connector-basic-1.9.22.jar
2025-12-14 15:31:08,126 [Worker-33: Launching SampleAPI] INFO  o.eclipse.m2e.core.internal.Bundles - 	Entry: C:\Users\flame\.p2\pool\plugins\org.eclipse.m2e.maven.runtime_3.9.900.20240824-1409\jars\maven-resolver-impl-1.9.22.jar
2025-12-14 15:31:08,126 [Worker-33: Launching SampleAPI] INFO  o.eclipse.m2e.core.internal.Bundles - 	Entry: C:\Users\flame\.p2\pool\plugins\org.eclipse.m2e.maven.runtime_3.9.900.20240824-1409\jars\maven-resolver-named-locks-1.9.22.jar
2025-12-14 15:31:08,126 [Worker-33: Launching SampleAPI] INFO  o.eclipse.m2e.core.internal.Bundles - 	Entry: C:\Users\flame\.p2\pool\plugins\org.eclipse.m2e.maven.runtime_3.9.900.20240824-1409\jars\maven-resolver-provider-3.9.9.jar
2025-12-14 15:31:08,127 [Worker-33: Launching SampleAPI] INFO  o.eclipse.m2e.core.internal.Bundles - 	Entry: C:\Users\flame\.p2\pool\plugins\org.eclipse.m2e.maven.runtime_3.9.900.20240824-1409\jars\maven-resolver-spi-1.9.22.jar
2025-12-14 15:31:08,127 [Worker-33: Launching SampleAPI] INFO  o.eclipse.m2e.core.internal.Bundles - 	Entry: C:\Users\flame\.p2\pool\plugins\org.eclipse.m2e.maven.runtime_3.9.900.20240824-1409\jars\maven-resolver-transport-file-1.9.22.jar
2025-12-14 15:31:08,127 [Worker-33: Launching SampleAPI] INFO  o.eclipse.m2e.core.internal.Bundles - 	Entry: C:\Users\flame\.p2\pool\plugins\org.eclipse.m2e.maven.runtime_3.9.900.20240824-1409\jars\maven-resolver-transport-http-1.9.22.jar
2025-12-14 15:31:08,127 [Worker-33: Launching SampleAPI] INFO  o.eclipse.m2e.core.internal.Bundles - 	Entry: C:\Users\flame\.p2\pool\plugins\org.eclipse.m2e.maven.runtime_3.9.900.20240824-1409\jars\maven-resolver-transport-wagon-1.9.22.jar
2025-12-14 15:31:08,127 [Worker-33: Launching SampleAPI] INFO  o.eclipse.m2e.core.internal.Bundles - 	Entry: C:\Users\flame\.p2\pool\plugins\org.eclipse.m2e.maven.runtime_3.9.900.20240824-1409\jars\maven-resolver-util-1.9.22.jar
2025-12-14 15:31:08,127 [Worker-33: Launching SampleAPI] INFO  o.eclipse.m2e.core.internal.Bundles - 	Entry: C:\Users\flame\.p2\pool\plugins\org.eclipse.m2e.maven.runtime_3.9.900.20240824-1409\jars\maven-settings-3.9.9.jar
2025-12-14 15:31:08,127 [Worker-33: Launching SampleAPI] INFO  o.eclipse.m2e.core.internal.Bundles - 	Entry: C:\Users\flame\.p2\pool\plugins\org.eclipse.m2e.maven.runtime_3.9.900.20240824-1409\jars\maven-settings-builder-3.9.9.jar
2025-12-14 15:31:08,128 [Worker-33: Launching SampleAPI] INFO  o.eclipse.m2e.core.internal.Bundles - 	Entry: C:\Users\flame\.p2\pool\plugins\org.eclipse.m2e.maven.runtime_3.9.900.20240824-1409\jars\maven-shared-utils-3.4.2.jar
2025-12-14 15:31:08,128 [Worker-33: Launching SampleAPI] INFO  o.eclipse.m2e.core.internal.Bundles - 	Entry: C:\Users\flame\.p2\pool\plugins\org.eclipse.m2e.maven.runtime_3.9.900.20240824-1409\jars\org.eclipse.sisu.inject-0.9.0.M3.jar
2025-12-14 15:31:08,128 [Worker-33: Launching SampleAPI] INFO  o.eclipse.m2e.core.internal.Bundles - 	Entry: C:\Users\flame\.p2\pool\plugins\org.eclipse.m2e.maven.runtime_3.9.900.20240824-1409\jars\org.eclipse.sisu.plexus-0.9.0.M3.jar
2025-12-14 15:31:08,128 [Worker-33: Launching SampleAPI] INFO  o.eclipse.m2e.core.internal.Bundles - 	Entry: C:\Users\flame\.p2\pool\plugins\org.eclipse.m2e.maven.runtime_3.9.900.20240824-1409\jars\plexus-build-api-0.0.7.jar
2025-12-14 15:31:08,128 [Worker-33: Launching SampleAPI] INFO  o.eclipse.m2e.core.internal.Bundles - 	Entry: C:\Users\flame\.p2\pool\plugins\org.eclipse.m2e.maven.runtime_3.9.900.20240824-1409\jars\plexus-build-api-1.2.0.jar
2025-12-14 15:31:08,128 [Worker-33: Launching SampleAPI] INFO  o.eclipse.m2e.core.internal.Bundles - 	Entry: C:\Users\flame\.p2\pool\plugins\org.eclipse.m2e.maven.runtime_3.9.900.20240824-1409\jars\plexus-cipher-2.0.jar
2025-12-14 15:31:08,128 [Worker-33: Launching SampleAPI] INFO  o.eclipse.m2e.core.internal.Bundles - 	Entry: C:\Users\flame\.p2\pool\plugins\org.eclipse.m2e.maven.runtime_3.9.900.20240824-1409\jars\plexus-classworlds-2.8.0.jar
2025-12-14 15:31:08,128 [Worker-33: Launching SampleAPI] INFO  o.eclipse.m2e.core.internal.Bundles - 	Entry: C:\Users\flame\.p2\pool\plugins\org.eclipse.m2e.maven.runtime_3.9.900.20240824-1409\jars\plexus-component-annotations-2.1.0.jar
2025-12-14 15:31:08,129 [Worker-33: Launching SampleAPI] INFO  o.eclipse.m2e.core.internal.Bundles - 	Entry: C:\Users\flame\.p2\pool\plugins\org.eclipse.m2e.maven.runtime_3.9.900.20240824-1409\jars\plexus-interpolation-1.27.jar
2025-12-14 15:31:08,129 [Worker-33: Launching SampleAPI] INFO  o.eclipse.m2e.core.internal.Bundles - 	Entry: C:\Users\flame\.p2\pool\plugins\org.eclipse.m2e.maven.runtime_3.9.900.20240824-1409\jars\plexus-sec-dispatcher-2.0.jar
2025-12-14 15:31:08,129 [Worker-33: Launching SampleAPI] INFO  o.eclipse.m2e.core.internal.Bundles - 	Entry: C:\Users\flame\.p2\pool\plugins\org.eclipse.m2e.maven.runtime_3.9.900.20240824-1409\jars\plexus-utils-3.5.1.jar
2025-12-14 15:31:08,129 [Worker-33: Launching SampleAPI] INFO  o.eclipse.m2e.core.internal.Bundles - 	Entry: C:\Users\flame\.p2\pool\plugins\org.eclipse.m2e.maven.runtime_3.9.900.20240824-1409\jars\plexus-xml-3.0.1.jar
2025-12-14 15:31:08,129 [Worker-33: Launching SampleAPI] INFO  o.eclipse.m2e.core.internal.Bundles - 	Entry: C:\Users\flame\.p2\pool\plugins\org.eclipse.m2e.maven.runtime_3.9.900.20240824-1409\jars\wagon-file-3.5.3.jar
2025-12-14 15:31:08,129 [Worker-33: Launching SampleAPI] INFO  o.eclipse.m2e.core.internal.Bundles - 	Entry: C:\Users\flame\.p2\pool\plugins\org.eclipse.m2e.maven.runtime_3.9.900.20240824-1409\jars\wagon-http-3.5.3.jar
2025-12-14 15:31:08,129 [Worker-33: Launching SampleAPI] INFO  o.eclipse.m2e.core.internal.Bundles - 	Entry: C:\Users\flame\.p2\pool\plugins\org.eclipse.m2e.maven.runtime_3.9.900.20240824-1409\jars\wagon-http-shared-3.5.3.jar
2025-12-14 15:31:08,129 [Worker-33: Launching SampleAPI] INFO  o.eclipse.m2e.core.internal.Bundles - 	Entry: C:\Users\flame\.p2\pool\plugins\org.eclipse.m2e.maven.runtime_3.9.900.20240824-1409\jars\wagon-provider-api-3.5.3.jar
2025-12-14 15:31:08,130 [Worker-33: Launching SampleAPI] INFO  o.eclipse.m2e.core.internal.Bundles - getClasspathEntries(Bundle=com.google.guava_33.3.1.jre [1028])
2025-12-14 15:31:08,130 [Worker-33: Launching SampleAPI] INFO  o.eclipse.m2e.core.internal.Bundles - 	Entry: C:\Users\flame\.p2\pool\plugins\com.google.guava_33.3.1.jre.jar
2025-12-14 15:31:08,130 [Worker-33: Launching SampleAPI] INFO  o.eclipse.m2e.core.internal.Bundles - getClasspathEntries(Bundle=slf4j.api_2.0.17 [1152])
2025-12-14 15:31:08,130 [Worker-33: Launching SampleAPI] INFO  o.eclipse.m2e.core.internal.Bundles - 	Entry: C:\Users\flame\.p2\pool\plugins\slf4j.api_2.0.17.jar
2025-12-14 15:31:08,130 [Worker-33: Launching SampleAPI] INFO  o.eclipse.m2e.core.internal.Bundles - getClasspathEntries(Bundle=jakarta.inject.jakarta.inject-api_1.0.5 [34])
2025-12-14 15:31:08,131 [Worker-33: Launching SampleAPI] INFO  o.eclipse.m2e.core.internal.Bundles - 	Entry: C:\Users\flame\.p2\pool\plugins\jakarta.inject.jakarta.inject-api_1.0.5.jar
2025-12-14 15:31:08,131 [Worker-33: Launching SampleAPI] INFO  o.eclipse.m2e.core.internal.Bundles - getClasspathEntries(Bundle=jakarta.annotation-api_1.3.5 [29])
2025-12-14 15:31:08,131 [Worker-33: Launching SampleAPI] INFO  o.eclipse.m2e.core.internal.Bundles - 	Entry: C:\Users\flame\.p2\pool\plugins\jakarta.annotation-api_1.3.5.jar
2025-12-14 15:31:08,131 [Worker-33: Launching SampleAPI] INFO  o.eclipse.m2e.core.internal.Bundles - getClasspathEntries(Bundle=org.apache.commons.cli_1.9.0 [78])
2025-12-14 15:31:08,132 [Worker-33: Launching SampleAPI] INFO  o.eclipse.m2e.core.internal.Bundles - 	Entry: C:\Users\flame\.p2\pool\plugins\org.apache.commons.cli_1.9.0.jar
2025-12-14 15:31:08,132 [Worker-33: Launching SampleAPI] INFO  o.eclipse.m2e.core.internal.Bundles - getClasspathEntries(Bundle=org.apache.commons.commons-codec_1.16.0 [81])
2025-12-14 15:31:08,132 [Worker-33: Launching SampleAPI] INFO  o.eclipse.m2e.core.internal.Bundles - 	Entry: C:\Users\flame\.p2\pool\plugins\org.apache.commons.commons-codec_1.16.0.jar
2025-12-14 15:31:08,132 [Worker-33: Launching SampleAPI] INFO  o.eclipse.m2e.core.internal.Bundles - getClasspathEntries(Bundle=com.google.guava.failureaccess_1.0.2 [17])
2025-12-14 15:31:08,132 [Worker-33: Launching SampleAPI] INFO  o.eclipse.m2e.core.internal.Bundles - 	Entry: C:\Users\flame\.p2\pool\plugins\com.google.guava.failureaccess_1.0.2.jar
2025-12-14 15:31:08,132 [Worker-33: Launching SampleAPI] INFO  o.eclipse.m2e.core.internal.Bundles - getClasspathEntries(Bundle=org.eclipse.m2e.workspace.cli_0.3.1 [654])
2025-12-14 15:31:08,133 [Worker-33: Launching SampleAPI] INFO  o.eclipse.m2e.core.internal.Bundles - 	Entry: C:\Users\flame\.p2\pool\plugins\org.eclipse.m2e.workspace.cli_0.3.1.jar
2025-12-14 15:31:08,134 [Worker-33: Launching SampleAPI] INFO  o.e.m.i.launch.MavenLaunchDelegate - Run build in "C:\Users\flame\Documents\eclipseProjects\mediaLogic\SampleAPI":
2025-12-14 15:31:08,134 [Worker-33: Launching SampleAPI] INFO  o.e.m.i.launch.MavenLaunchDelegate -  mvn  -Ppom.xml -B -X -e -U -Dmaven.test.skip=true -DskipTests -Dstyle.color=always clean install
2025-12-14 15:31:24,234 [Worker-29: Updating Maven Project] INFO  o.e.m.c.i.p.ProjectConfigurationManager - Update started
2025-12-14 15:31:24,592 [Worker-29: Updating Maven Project] INFO  o.e.m.c.i.l.LifecycleMappingFactory - Using org.eclipse.m2e.jdt.JarLifecycleMapping lifecycle mapping for MavenProject: com.example:SampleAPI:0.0.1-SNAPSHOT @ C:\Users\flame\Documents\eclipseProjects\mediaLogic\SampleAPI\pom.xml.
2025-12-14 15:31:25,593 [Worker-29: Updating Maven Project] INFO  o.e.m.j.i.AbstractJavaProjectConfigurator - Adding source folder /SampleAPI/src/main/java
2025-12-14 15:31:25,594 [Worker-29: Updating Maven Project] INFO  o.e.m.j.i.AbstractJavaProjectConfigurator - Adding resource folder /SampleAPI/src/main/resources
2025-12-14 15:31:25,595 [Worker-29: Updating Maven Project] INFO  o.e.m.j.i.AbstractJavaProjectConfigurator - Adding resource folder /SampleAPI/src/main/resources
2025-12-14 15:31:25,596 [Worker-29: Updating Maven Project] INFO  o.e.m.j.i.AbstractJavaProjectConfigurator - Adding source folder /SampleAPI/src/test/java
2025-12-14 15:31:25,598 [Worker-29: Updating Maven Project] INFO  o.e.m.j.i.AbstractJavaProjectConfigurator - Adding resource folder /SampleAPI/src/test/resources
2025-12-14 15:31:25,773 [Worker-29: Updating Maven Project] INFO  o.e.m.jdt.internal.UnitTestSupport - Reset launch configuration name: SampleApiApplicationTests
2025-12-14 15:31:25,773 [Worker-29: Updating Maven Project] INFO  o.e.m.jdt.internal.UnitTestSupport - Updating SampleApiApplicationTests from maven configuration
2025-12-14 15:31:26,094 [Worker-29: Updating Maven Project] INFO  o.e.m.c.i.p.ProjectConfigurationManager - Update completed for 1 poms: local refresh takes 0,00 sec, refresh facades takes 1,00 sec, update config takes 0,00 sec 
2025-12-14 15:31:26,498 [Worker-28: Building] INFO  o.a.m.s.f.DefaultMavenResourcesFiltering - Copying 1 resource from src\main\resources to target\classes
2025-12-14 15:31:26,524 [Worker-28: Building] INFO  o.a.m.s.f.DefaultMavenResourcesFiltering - Copying 0 resource from src\main\resources to target\classes
2025-12-14 15:31:26,531 [Worker-28: Building] INFO  o.a.m.s.f.DefaultMavenResourcesFiltering - skip non existing resourceDirectory C:\Users\flame\Documents\eclipseProjects\mediaLogic\SampleAPI\src\test\resources
2025-12-14 15:32:36,345 [Worker-28: Building] INFO  o.e.m.c.i.l.LifecycleMappingFactory - Using org.eclipse.m2e.jdt.JarLifecycleMapping lifecycle mapping for MavenProject: com.example:SampleAPI:0.0.1-SNAPSHOT @ C:\Users\flame\Documents\eclipseProjects\mediaLogic\SampleAPI\pom.xml.
2025-12-14 15:32:37,054 [Worker-28: Building] INFO  o.a.m.s.f.DefaultMavenResourcesFiltering - Copying 0 resource from src\main\resources to target\classes
2025-12-14 15:32:37,055 [Worker-28: Building] INFO  o.a.m.s.f.DefaultMavenResourcesFiltering - Copying 0 resource from src\main\resources to target\classes
2025-12-14 15:32:37,060 [Worker-28: Building] INFO  o.a.m.s.f.DefaultMavenResourcesFiltering - skip non existing resourceDirectory C:\Users\flame\Documents\eclipseProjects\mediaLogic\SampleAPI\src\test\resources
2025-12-14 15:32:38,497 [Worker-28: Building] INFO  o.a.m.s.f.DefaultMavenResourcesFiltering - Copying 1 resource from src\main\resources to target\classes
2025-12-14 15:32:38,519 [Worker-28: Building] INFO  o.a.m.s.f.DefaultMavenResourcesFiltering - Copying 0 resource from src\main\resources to target\classes
2025-12-14 15:32:38,523 [Worker-28: Building] INFO  o.a.m.s.f.DefaultMavenResourcesFiltering - skip non existing resourceDirectory C:\Users\flame\Documents\eclipseProjects\mediaLogic\SampleAPI\src\test\resources
2025-12-14 15:32:48,998 [Worker-35: Launching SampleAPI] INFO  o.eclipse.m2e.core.internal.Bundles - getClasspathEntries(Bundle=org.eclipse.m2e.maven.runtime_3.9.900.20240824-1409 [642])
2025-12-14 15:32:48,998 [Worker-35: Launching SampleAPI] INFO  o.eclipse.m2e.core.internal.Bundles - 	Entry: C:\Users\flame\.p2\pool\plugins\org.eclipse.m2e.maven.runtime_3.9.900.20240824-1409
2025-12-14 15:32:48,999 [Worker-35: Launching SampleAPI] INFO  o.eclipse.m2e.core.internal.Bundles - 	Entry: C:\Users\flame\.p2\pool\plugins\org.eclipse.m2e.maven.runtime_3.9.900.20240824-1409\jars\aopalliance-1.0.jar
2025-12-14 15:32:48,999 [Worker-35: Launching SampleAPI] INFO  o.eclipse.m2e.core.internal.Bundles - 	Entry: C:\Users\flame\.p2\pool\plugins\org.eclipse.m2e.maven.runtime_3.9.900.20240824-1409\jars\guice-5.1.0.jar
2025-12-14 15:32:48,999 [Worker-35: Launching SampleAPI] INFO  o.eclipse.m2e.core.internal.Bundles - 	Entry: C:\Users\flame\.p2\pool\plugins\org.eclipse.m2e.maven.runtime_3.9.900.20240824-1409\jars\httpclient-4.5.14.jar
2025-12-14 15:32:48,999 [Worker-35: Launching SampleAPI] INFO  o.eclipse.m2e.core.internal.Bundles - 	Entry: C:\Users\flame\.p2\pool\plugins\org.eclipse.m2e.maven.runtime_3.9.900.20240824-1409\jars\httpcore-4.4.16.jar
2025-12-14 15:32:48,999 [Worker-35: Launching SampleAPI] INFO  o.eclipse.m2e.core.internal.Bundles - 	Entry: C:\Users\flame\.p2\pool\plugins\org.eclipse.m2e.maven.runtime_3.9.900.20240824-1409\jars\jansi-2.4.1.jar
2025-12-14 15:32:48,999 [Worker-35: Launching SampleAPI] INFO  o.eclipse.m2e.core.internal.Bundles - 	Entry: C:\Users\flame\.p2\pool\plugins\org.eclipse.m2e.maven.runtime_3.9.900.20240824-1409\jars\jcl-over-slf4j-1.7.36.jar
2025-12-14 15:32:49,001 [Worker-35: Launching SampleAPI] INFO  o.eclipse.m2e.core.internal.Bundles - 	Entry: C:\Users\flame\.p2\pool\plugins\org.eclipse.m2e.maven.runtime_3.9.900.20240824-1409\jars\maven-artifact-3.9.9.jar
2025-12-14 15:32:49,001 [Worker-35: Launching SampleAPI] INFO  o.eclipse.m2e.core.internal.Bundles - 	Entry: C:\Users\flame\.p2\pool\plugins\org.eclipse.m2e.maven.runtime_3.9.900.20240824-1409\jars\maven-builder-support-3.9.9.jar
2025-12-14 15:32:49,001 [Worker-35: Launching SampleAPI] INFO  o.eclipse.m2e.core.internal.Bundles - 	Entry: C:\Users\flame\.p2\pool\plugins\org.eclipse.m2e.maven.runtime_3.9.900.20240824-1409\jars\maven-compat-3.9.9.jar
2025-12-14 15:32:49,001 [Worker-35: Launching SampleAPI] INFO  o.eclipse.m2e.core.internal.Bundles - 	Entry: C:\Users\flame\.p2\pool\plugins\org.eclipse.m2e.maven.runtime_3.9.900.20240824-1409\jars\maven-core-3.9.9.jar
2025-12-14 15:32:49,001 [Worker-35: Launching SampleAPI] INFO  o.eclipse.m2e.core.internal.Bundles - 	Entry: C:\Users\flame\.p2\pool\plugins\org.eclipse.m2e.maven.runtime_3.9.900.20240824-1409\jars\maven-embedder-3.9.9.jar
2025-12-14 15:32:49,001 [Worker-35: Launching SampleAPI] INFO  o.eclipse.m2e.core.internal.Bundles - 	Entry: C:\Users\flame\.p2\pool\plugins\org.eclipse.m2e.maven.runtime_3.9.900.20240824-1409\jars\maven-model-3.9.9.jar
2025-12-14 15:32:49,002 [Worker-35: Launching SampleAPI] INFO  o.eclipse.m2e.core.internal.Bundles - 	Entry: C:\Users\flame\.p2\pool\plugins\org.eclipse.m2e.maven.runtime_3.9.900.20240824-1409\jars\maven-model-builder-3.9.9.jar
2025-12-14 15:32:49,002 [Worker-35: Launching SampleAPI] INFO  o.eclipse.m2e.core.internal.Bundles - 	Entry: C:\Users\flame\.p2\pool\plugins\org.eclipse.m2e.maven.runtime_3.9.900.20240824-1409\jars\maven-plugin-api-3.9.9.jar
2025-12-14 15:32:49,002 [Worker-35: Launching SampleAPI] INFO  o.eclipse.m2e.core.internal.Bundles - 	Entry: C:\Users\flame\.p2\pool\plugins\org.eclipse.m2e.maven.runtime_3.9.900.20240824-1409\jars\maven-repository-metadata-3.9.9.jar
2025-12-14 15:32:49,002 [Worker-35: Launching SampleAPI] INFO  o.eclipse.m2e.core.internal.Bundles - 	Entry: C:\Users\flame\.p2\pool\plugins\org.eclipse.m2e.maven.runtime_3.9.900.20240824-1409\jars\maven-resolver-api-1.9.22.jar
2025-12-14 15:32:49,002 [Worker-35: Launching SampleAPI] INFO  o.eclipse.m2e.core.internal.Bundles - 	Entry: C:\Users\flame\.p2\pool\plugins\org.eclipse.m2e.maven.runtime_3.9.900.20240824-1409\jars\maven-resolver-connector-basic-1.9.22.jar
2025-12-14 15:32:49,002 [Worker-35: Launching SampleAPI] INFO  o.eclipse.m2e.core.internal.Bundles - 	Entry: C:\Users\flame\.p2\pool\plugins\org.eclipse.m2e.maven.runtime_3.9.900.20240824-1409\jars\maven-resolver-impl-1.9.22.jar
2025-12-14 15:32:49,002 [Worker-35: Launching SampleAPI] INFO  o.eclipse.m2e.core.internal.Bundles - 	Entry: C:\Users\flame\.p2\pool\plugins\org.eclipse.m2e.maven.runtime_3.9.900.20240824-1409\jars\maven-resolver-named-locks-1.9.22.jar
2025-12-14 15:32:49,002 [Worker-35: Launching SampleAPI] INFO  o.eclipse.m2e.core.internal.Bundles - 	Entry: C:\Users\flame\.p2\pool\plugins\org.eclipse.m2e.maven.runtime_3.9.900.20240824-1409\jars\maven-resolver-provider-3.9.9.jar
2025-12-14 15:32:49,003 [Worker-35: Launching SampleAPI] INFO  o.eclipse.m2e.core.internal.Bundles - 	Entry: C:\Users\flame\.p2\pool\plugins\org.eclipse.m2e.maven.runtime_3.9.900.20240824-1409\jars\maven-resolver-spi-1.9.22.jar
2025-12-14 15:32:49,003 [Worker-35: Launching SampleAPI] INFO  o.eclipse.m2e.core.internal.Bundles - 	Entry: C:\Users\flame\.p2\pool\plugins\org.eclipse.m2e.maven.runtime_3.9.900.20240824-1409\jars\maven-resolver-transport-file-1.9.22.jar
2025-12-14 15:32:49,003 [Worker-35: Launching SampleAPI] INFO  o.eclipse.m2e.core.internal.Bundles - 	Entry: C:\Users\flame\.p2\pool\plugins\org.eclipse.m2e.maven.runtime_3.9.900.20240824-1409\jars\maven-resolver-transport-http-1.9.22.jar
2025-12-14 15:32:49,003 [Worker-35: Launching SampleAPI] INFO  o.eclipse.m2e.core.internal.Bundles - 	Entry: C:\Users\flame\.p2\pool\plugins\org.eclipse.m2e.maven.runtime_3.9.900.20240824-1409\jars\maven-resolver-transport-wagon-1.9.22.jar
2025-12-14 15:32:49,003 [Worker-35: Launching SampleAPI] INFO  o.eclipse.m2e.core.internal.Bundles - 	Entry: C:\Users\flame\.p2\pool\plugins\org.eclipse.m2e.maven.runtime_3.9.900.20240824-1409\jars\maven-resolver-util-1.9.22.jar
2025-12-14 15:32:49,003 [Worker-35: Launching SampleAPI] INFO  o.eclipse.m2e.core.internal.Bundles - 	Entry: C:\Users\flame\.p2\pool\plugins\org.eclipse.m2e.maven.runtime_3.9.900.20240824-1409\jars\maven-settings-3.9.9.jar
2025-12-14 15:32:49,003 [Worker-35: Launching SampleAPI] INFO  o.eclipse.m2e.core.internal.Bundles - 	Entry: C:\Users\flame\.p2\pool\plugins\org.eclipse.m2e.maven.runtime_3.9.900.20240824-1409\jars\maven-settings-builder-3.9.9.jar
2025-12-14 15:32:49,004 [Worker-35: Launching SampleAPI] INFO  o.eclipse.m2e.core.internal.Bundles - 	Entry: C:\Users\flame\.p2\pool\plugins\org.eclipse.m2e.maven.runtime_3.9.900.20240824-1409\jars\maven-shared-utils-3.4.2.jar
2025-12-14 15:32:49,004 [Worker-35: Launching SampleAPI] INFO  o.eclipse.m2e.core.internal.Bundles - 	Entry: C:\Users\flame\.p2\pool\plugins\org.eclipse.m2e.maven.runtime_3.9.900.20240824-1409\jars\org.eclipse.sisu.inject-0.9.0.M3.jar
2025-12-14 15:32:49,004 [Worker-35: Launching SampleAPI] INFO  o.eclipse.m2e.core.internal.Bundles - 	Entry: C:\Users\flame\.p2\pool\plugins\org.eclipse.m2e.maven.runtime_3.9.900.20240824-1409\jars\org.eclipse.sisu.plexus-0.9.0.M3.jar
2025-12-14 15:32:49,004 [Worker-35: Launching SampleAPI] INFO  o.eclipse.m2e.core.internal.Bundles - 	Entry: C:\Users\flame\.p2\pool\plugins\org.eclipse.m2e.maven.runtime_3.9.900.20240824-1409\jars\plexus-build-api-0.0.7.jar
2025-12-14 15:32:49,004 [Worker-35: Launching SampleAPI] INFO  o.eclipse.m2e.core.internal.Bundles - 	Entry: C:\Users\flame\.p2\pool\plugins\org.eclipse.m2e.maven.runtime_3.9.900.20240824-1409\jars\plexus-build-api-1.2.0.jar
2025-12-14 15:32:49,004 [Worker-35: Launching SampleAPI] INFO  o.eclipse.m2e.core.internal.Bundles - 	Entry: C:\Users\flame\.p2\pool\plugins\org.eclipse.m2e.maven.runtime_3.9.900.20240824-1409\jars\plexus-cipher-2.0.jar
2025-12-14 15:32:49,004 [Worker-35: Launching SampleAPI] INFO  o.eclipse.m2e.core.internal.Bundles - 	Entry: C:\Users\flame\.p2\pool\plugins\org.eclipse.m2e.maven.runtime_3.9.900.20240824-1409\jars\plexus-classworlds-2.8.0.jar
2025-12-14 15:32:49,004 [Worker-35: Launching SampleAPI] INFO  o.eclipse.m2e.core.internal.Bundles - 	Entry: C:\Users\flame\.p2\pool\plugins\org.eclipse.m2e.maven.runtime_3.9.900.20240824-1409\jars\plexus-component-annotations-2.1.0.jar
2025-12-14 15:32:49,004 [Worker-35: Launching SampleAPI] INFO  o.eclipse.m2e.core.internal.Bundles - 	Entry: C:\Users\flame\.p2\pool\plugins\org.eclipse.m2e.maven.runtime_3.9.900.20240824-1409\jars\plexus-interpolation-1.27.jar
2025-12-14 15:32:49,005 [Worker-35: Launching SampleAPI] INFO  o.eclipse.m2e.core.internal.Bundles - 	Entry: C:\Users\flame\.p2\pool\plugins\org.eclipse.m2e.maven.runtime_3.9.900.20240824-1409\jars\plexus-sec-dispatcher-2.0.jar
2025-12-14 15:32:49,005 [Worker-35: Launching SampleAPI] INFO  o.eclipse.m2e.core.internal.Bundles - 	Entry: C:\Users\flame\.p2\pool\plugins\org.eclipse.m2e.maven.runtime_3.9.900.20240824-1409\jars\plexus-utils-3.5.1.jar
2025-12-14 15:32:49,005 [Worker-35: Launching SampleAPI] INFO  o.eclipse.m2e.core.internal.Bundles - 	Entry: C:\Users\flame\.p2\pool\plugins\org.eclipse.m2e.maven.runtime_3.9.900.20240824-1409\jars\plexus-xml-3.0.1.jar
2025-12-14 15:32:49,005 [Worker-35: Launching SampleAPI] INFO  o.eclipse.m2e.core.internal.Bundles - 	Entry: C:\Users\flame\.p2\pool\plugins\org.eclipse.m2e.maven.runtime_3.9.900.20240824-1409\jars\wagon-file-3.5.3.jar
2025-12-14 15:32:49,005 [Worker-35: Launching SampleAPI] INFO  o.eclipse.m2e.core.internal.Bundles - 	Entry: C:\Users\flame\.p2\pool\plugins\org.eclipse.m2e.maven.runtime_3.9.900.20240824-1409\jars\wagon-http-3.5.3.jar
2025-12-14 15:32:49,005 [Worker-35: Launching SampleAPI] INFO  o.eclipse.m2e.core.internal.Bundles - 	Entry: C:\Users\flame\.p2\pool\plugins\org.eclipse.m2e.maven.runtime_3.9.900.20240824-1409\jars\wagon-http-shared-3.5.3.jar
2025-12-14 15:32:49,005 [Worker-35: Launching SampleAPI] INFO  o.eclipse.m2e.core.internal.Bundles - 	Entry: C:\Users\flame\.p2\pool\plugins\org.eclipse.m2e.maven.runtime_3.9.900.20240824-1409\jars\wagon-provider-api-3.5.3.jar
2025-12-14 15:32:49,006 [Worker-35: Launching SampleAPI] INFO  o.eclipse.m2e.core.internal.Bundles - getClasspathEntries(Bundle=com.google.guava_33.3.1.jre [1028])
2025-12-14 15:32:49,006 [Worker-35: Launching SampleAPI] INFO  o.eclipse.m2e.core.internal.Bundles - 	Entry: C:\Users\flame\.p2\pool\plugins\com.google.guava_33.3.1.jre.jar
2025-12-14 15:32:49,006 [Worker-35: Launching SampleAPI] INFO  o.eclipse.m2e.core.internal.Bundles - getClasspathEntries(Bundle=slf4j.api_2.0.17 [1152])
2025-12-14 15:32:49,006 [Worker-35: Launching SampleAPI] INFO  o.eclipse.m2e.core.internal.Bundles - 	Entry: C:\Users\flame\.p2\pool\plugins\slf4j.api_2.0.17.jar
2025-12-14 15:32:49,006 [Worker-35: Launching SampleAPI] INFO  o.eclipse.m2e.core.internal.Bundles - getClasspathEntries(Bundle=jakarta.inject.jakarta.inject-api_1.0.5 [34])
2025-12-14 15:32:49,007 [Worker-35: Launching SampleAPI] INFO  o.eclipse.m2e.core.internal.Bundles - 	Entry: C:\Users\flame\.p2\pool\plugins\jakarta.inject.jakarta.inject-api_1.0.5.jar
2025-12-14 15:32:49,007 [Worker-35: Launching SampleAPI] INFO  o.eclipse.m2e.core.internal.Bundles - getClasspathEntries(Bundle=jakarta.annotation-api_1.3.5 [29])
2025-12-14 15:32:49,007 [Worker-35: Launching SampleAPI] INFO  o.eclipse.m2e.core.internal.Bundles - 	Entry: C:\Users\flame\.p2\pool\plugins\jakarta.annotation-api_1.3.5.jar
2025-12-14 15:32:49,007 [Worker-35: Launching SampleAPI] INFO  o.eclipse.m2e.core.internal.Bundles - getClasspathEntries(Bundle=org.apache.commons.cli_1.9.0 [78])
2025-12-14 15:32:49,008 [Worker-35: Launching SampleAPI] INFO  o.eclipse.m2e.core.internal.Bundles - 	Entry: C:\Users\flame\.p2\pool\plugins\org.apache.commons.cli_1.9.0.jar
2025-12-14 15:32:49,008 [Worker-35: Launching SampleAPI] INFO  o.eclipse.m2e.core.internal.Bundles - getClasspathEntries(Bundle=org.apache.commons.commons-codec_1.16.0 [81])
2025-12-14 15:32:49,008 [Worker-35: Launching SampleAPI] INFO  o.eclipse.m2e.core.internal.Bundles - 	Entry: C:\Users\flame\.p2\pool\plugins\org.apache.commons.commons-codec_1.16.0.jar
2025-12-14 15:32:49,008 [Worker-35: Launching SampleAPI] INFO  o.eclipse.m2e.core.internal.Bundles - getClasspathEntries(Bundle=com.google.guava.failureaccess_1.0.2 [17])
2025-12-14 15:32:49,008 [Worker-35: Launching SampleAPI] INFO  o.eclipse.m2e.core.internal.Bundles - 	Entry: C:\Users\flame\.p2\pool\plugins\com.google.guava.failureaccess_1.0.2.jar
2025-12-14 15:32:49,009 [Worker-35: Launching SampleAPI] INFO  o.eclipse.m2e.core.internal.Bundles - getClasspathEntries(Bundle=org.eclipse.m2e.workspace.cli_0.3.1 [654])
2025-12-14 15:32:49,009 [Worker-35: Launching SampleAPI] INFO  o.eclipse.m2e.core.internal.Bundles - 	Entry: C:\Users\flame\.p2\pool\plugins\org.eclipse.m2e.workspace.cli_0.3.1.jar
2025-12-14 15:32:49,011 [Worker-35: Launching SampleAPI] INFO  o.e.m.i.launch.MavenLaunchDelegate - Run build in "C:\Users\flame\Documents\eclipseProjects\mediaLogic\SampleAPI":
2025-12-14 15:32:49,011 [Worker-35: Launching SampleAPI] INFO  o.e.m.i.launch.MavenLaunchDelegate -  mvn  -Ppom.xml -B -X -e -U -Dmaven.test.skip=true -DskipTests -Dstyle.color=always clean install
2025-12-14 15:33:00,609 [Worker-29: Updating Maven Project] INFO  o.e.m.c.i.p.ProjectConfigurationManager - Update started
2025-12-14 15:33:00,945 [Worker-29: Updating Maven Project] INFO  o.e.m.c.i.l.LifecycleMappingFactory - Using org.eclipse.m2e.jdt.JarLifecycleMapping lifecycle mapping for MavenProject: com.example:SampleAPI:0.0.1-SNAPSHOT @ C:\Users\flame\Documents\eclipseProjects\mediaLogic\SampleAPI\pom.xml.
2025-12-14 15:33:01,466 [Worker-29: Updating Maven Project] INFO  o.e.m.j.i.AbstractJavaProjectConfigurator - Adding source folder /SampleAPI/src/main/java
2025-12-14 15:33:01,467 [Worker-29: Updating Maven Project] INFO  o.e.m.j.i.AbstractJavaProjectConfigurator - Adding resource folder /SampleAPI/src/main/resources
2025-12-14 15:33:01,467 [Worker-29: Updating Maven Project] INFO  o.e.m.j.i.AbstractJavaProjectConfigurator - Adding resource folder /SampleAPI/src/main/resources
2025-12-14 15:33:01,468 [Worker-29: Updating Maven Project] INFO  o.e.m.j.i.AbstractJavaProjectConfigurator - Adding source folder /SampleAPI/src/test/java
2025-12-14 15:33:01,468 [Worker-29: Updating Maven Project] INFO  o.e.m.j.i.AbstractJavaProjectConfigurator - Adding resource folder /SampleAPI/src/test/resources
2025-12-14 15:33:01,624 [Worker-29: Updating Maven Project] INFO  o.e.m.jdt.internal.UnitTestSupport - Reset launch configuration name: SampleApiApplicationTests
2025-12-14 15:33:01,624 [Worker-29: Updating Maven Project] INFO  o.e.m.jdt.internal.UnitTestSupport - Updating SampleApiApplicationTests from maven configuration
2025-12-14 15:33:01,770 [Worker-29: Updating Maven Project] INFO  o.e.m.c.i.p.ProjectConfigurationManager - Update completed for 1 poms: local refresh takes 0,00 sec, refresh facades takes 0,00 sec, update config takes 0,00 sec 
2025-12-14 15:33:02,143 [Worker-29: Building] INFO  o.a.m.s.f.DefaultMavenResourcesFiltering - Copying 1 resource from src\main\resources to target\classes
2025-12-14 15:33:02,160 [Worker-29: Building] INFO  o.a.m.s.f.DefaultMavenResourcesFiltering - Copying 0 resource from src\main\resources to target\classes
2025-12-14 15:33:02,164 [Worker-29: Building] INFO  o.a.m.s.f.DefaultMavenResourcesFiltering - skip non existing resourceDirectory C:\Users\flame\Documents\eclipseProjects\mediaLogic\SampleAPI\src\test\resources
2025-12-14 15:35:28,236 [Worker-35: Building] INFO  o.e.m.c.i.l.LifecycleMappingFactory - Using org.eclipse.m2e.jdt.JarLifecycleMapping lifecycle mapping for MavenProject: com.example:SampleAPI:0.0.1-SNAPSHOT @ C:\Users\flame\Documents\eclipseProjects\mediaLogic\SampleAPI\pom.xml.
2025-12-14 15:35:28,520 [Worker-35: Building] INFO  o.e.m.c.i.e.AbstractTransferListenerAdapter - Downloaded https://repo.maven.apache.org/maven2/org/springdoc/springdoc-openapi-starter-webmvc-ui/2.3.1/springdoc-openapi-starter-webmvc-ui-2.3.1.pom
2025-12-14 15:35:28,522 [Worker-35: Building] WARN  o.e.m.c.i.embedder.EclipseLogger - The POM for org.springdoc:springdoc-openapi-starter-webmvc-ui:jar:2.3.1 is missing, no dependency information available
2025-12-14 15:35:28,676 [Worker-35: Building] INFO  o.e.m.c.i.e.AbstractTransferListenerAdapter - Downloaded https://repo.maven.apache.org/maven2/org/springdoc/springdoc-openapi-starter-webmvc-ui/2.3.1/springdoc-openapi-starter-webmvc-ui-2.3.1.jar
2025-12-14 15:35:28,974 [Worker-35: Building] INFO  o.a.m.s.f.DefaultMavenResourcesFiltering - Copying 0 resource from src\main\resources to target\classes
2025-12-14 15:35:28,975 [Worker-35: Building] INFO  o.a.m.s.f.DefaultMavenResourcesFiltering - Copying 0 resource from src\main\resources to target\classes
2025-12-14 15:35:28,980 [Worker-35: Building] INFO  o.a.m.s.f.DefaultMavenResourcesFiltering - skip non existing resourceDirectory C:\Users\flame\Documents\eclipseProjects\mediaLogic\SampleAPI\src\test\resources
2025-12-14 15:35:30,169 [Worker-32: Download sources and javadoc] INFO  o.e.m.c.i.e.AbstractTransferListenerAdapter - Downloaded https://repo.maven.apache.org/maven2/org/springdoc/springdoc-openapi-starter-webmvc-ui/2.3.1/springdoc-openapi-starter-webmvc-ui-2.3.1-sources.jar
2025-12-14 15:35:30,172 [Worker-32: Download sources and javadoc] ERROR o.e.m.j.internal.DownloadSourcesJob - Could not download sources for org.springdoc:springdoc-openapi-starter-webmvc-ui:2.3.1
org.eclipse.core.runtime.CoreException: Could not resolve artifact org.springdoc:springdoc-openapi-starter-webmvc-ui:jar:sources:2.3.1
	at org.eclipse.m2e.core.internal.embedder.MavenImpl.lambda$7(MavenImpl.java:540)
	at org.eclipse.m2e.core.internal.embedder.MavenExecutionContext.executeBare(MavenExecutionContext.java:458)
	at org.eclipse.m2e.core.internal.embedder.MavenExecutionContext.execute(MavenExecutionContext.java:292)
	at org.eclipse.m2e.core.internal.embedder.MavenExecutionContext.execute(MavenExecutionContext.java:278)
	at org.eclipse.m2e.core.internal.embedder.MavenImpl.resolve(MavenImpl.java:509)
	at org.eclipse.m2e.core.internal.embedder.MavenImpl.resolve(MavenImpl.java:494)
	at org.eclipse.m2e.jdt.internal.DownloadSourcesJob.download(DownloadSourcesJob.java:308)
	at org.eclipse.m2e.jdt.internal.DownloadSourcesJob.downloadAttachments(DownloadSourcesJob.java:282)
	at org.eclipse.m2e.jdt.internal.DownloadSourcesJob.downloadMaven(DownloadSourcesJob.java:252)
	at org.eclipse.m2e.jdt.internal.DownloadSourcesJob.downloadFilesAndPopulateToUpdate(DownloadSourcesJob.java:220)
	at org.eclipse.m2e.jdt.internal.DownloadSourcesJob.lambda$0(DownloadSourcesJob.java:149)
	at org.eclipse.m2e.core.internal.embedder.MavenExecutionContext.executeBare(MavenExecutionContext.java:458)
	at org.eclipse.m2e.core.internal.embedder.MavenExecutionContext.execute(MavenExecutionContext.java:339)
	at org.eclipse.m2e.core.internal.embedder.MavenExecutionContext.execute(MavenExecutionContext.java:278)
	at org.eclipse.m2e.core.embedder.IMaven.execute(IMaven.java:300)
	at org.eclipse.m2e.jdt.internal.DownloadSourcesJob.run(DownloadSourcesJob.java:149)
	at org.eclipse.core.internal.jobs.Worker.run(Worker.java:63)
2025-12-14 15:35:31,860 [Worker-34: Building] INFO  o.e.m.c.i.l.LifecycleMappingFactory - Using org.eclipse.m2e.jdt.JarLifecycleMapping lifecycle mapping for MavenProject: com.example:SampleAPI:0.0.1-SNAPSHOT @ C:\Users\flame\Documents\eclipseProjects\mediaLogic\SampleAPI\pom.xml.
2025-12-14 15:35:32,529 [Worker-34: Building] INFO  o.a.m.s.f.DefaultMavenResourcesFiltering - Copying 0 resource from src\main\resources to target\classes
2025-12-14 15:35:32,530 [Worker-34: Building] INFO  o.a.m.s.f.DefaultMavenResourcesFiltering - Copying 0 resource from src\main\resources to target\classes
2025-12-14 15:35:32,535 [Worker-34: Building] INFO  o.a.m.s.f.DefaultMavenResourcesFiltering - skip non existing resourceDirectory C:\Users\flame\Documents\eclipseProjects\mediaLogic\SampleAPI\src\test\resources
2025-12-14 15:35:33,803 [Worker-37: Building] INFO  o.a.m.s.f.DefaultMavenResourcesFiltering - Copying 1 resource from src\main\resources to target\classes
2025-12-14 15:35:33,826 [Worker-37: Building] INFO  o.a.m.s.f.DefaultMavenResourcesFiltering - Copying 0 resource from src\main\resources to target\classes
2025-12-14 15:35:33,830 [Worker-37: Building] INFO  o.a.m.s.f.DefaultMavenResourcesFiltering - skip non existing resourceDirectory C:\Users\flame\Documents\eclipseProjects\mediaLogic\SampleAPI\src\test\resources
2025-12-14 15:35:46,390 [Worker-32: Launching SampleAPI] INFO  o.eclipse.m2e.core.internal.Bundles - getClasspathEntries(Bundle=org.eclipse.m2e.maven.runtime_3.9.900.20240824-1409 [642])
2025-12-14 15:35:46,390 [Worker-32: Launching SampleAPI] INFO  o.eclipse.m2e.core.internal.Bundles - 	Entry: C:\Users\flame\.p2\pool\plugins\org.eclipse.m2e.maven.runtime_3.9.900.20240824-1409
2025-12-14 15:35:46,391 [Worker-32: Launching SampleAPI] INFO  o.eclipse.m2e.core.internal.Bundles - 	Entry: C:\Users\flame\.p2\pool\plugins\org.eclipse.m2e.maven.runtime_3.9.900.20240824-1409\jars\aopalliance-1.0.jar
2025-12-14 15:35:46,391 [Worker-32: Launching SampleAPI] INFO  o.eclipse.m2e.core.internal.Bundles - 	Entry: C:\Users\flame\.p2\pool\plugins\org.eclipse.m2e.maven.runtime_3.9.900.20240824-1409\jars\guice-5.1.0.jar
2025-12-14 15:35:46,391 [Worker-32: Launching SampleAPI] INFO  o.eclipse.m2e.core.internal.Bundles - 	Entry: C:\Users\flame\.p2\pool\plugins\org.eclipse.m2e.maven.runtime_3.9.900.20240824-1409\jars\httpclient-4.5.14.jar
2025-12-14 15:35:46,391 [Worker-32: Launching SampleAPI] INFO  o.eclipse.m2e.core.internal.Bundles - 	Entry: C:\Users\flame\.p2\pool\plugins\org.eclipse.m2e.maven.runtime_3.9.900.20240824-1409\jars\httpcore-4.4.16.jar
2025-12-14 15:35:46,391 [Worker-32: Launching SampleAPI] INFO  o.eclipse.m2e.core.internal.Bundles - 	Entry: C:\Users\flame\.p2\pool\plugins\org.eclipse.m2e.maven.runtime_3.9.900.20240824-1409\jars\jansi-2.4.1.jar
2025-12-14 15:35:46,391 [Worker-32: Launching SampleAPI] INFO  o.eclipse.m2e.core.internal.Bundles - 	Entry: C:\Users\flame\.p2\pool\plugins\org.eclipse.m2e.maven.runtime_3.9.900.20240824-1409\jars\jcl-over-slf4j-1.7.36.jar
2025-12-14 15:35:46,391 [Worker-32: Launching SampleAPI] INFO  o.eclipse.m2e.core.internal.Bundles - 	Entry: C:\Users\flame\.p2\pool\plugins\org.eclipse.m2e.maven.runtime_3.9.900.20240824-1409\jars\maven-artifact-3.9.9.jar
2025-12-14 15:35:46,391 [Worker-32: Launching SampleAPI] INFO  o.eclipse.m2e.core.internal.Bundles - 	Entry: C:\Users\flame\.p2\pool\plugins\org.eclipse.m2e.maven.runtime_3.9.900.20240824-1409\jars\maven-builder-support-3.9.9.jar
2025-12-14 15:35:46,391 [Worker-32: Launching SampleAPI] INFO  o.eclipse.m2e.core.internal.Bundles - 	Entry: C:\Users\flame\.p2\pool\plugins\org.eclipse.m2e.maven.runtime_3.9.900.20240824-1409\jars\maven-compat-3.9.9.jar
2025-12-14 15:35:46,391 [Worker-32: Launching SampleAPI] INFO  o.eclipse.m2e.core.internal.Bundles - 	Entry: C:\Users\flame\.p2\pool\plugins\org.eclipse.m2e.maven.runtime_3.9.900.20240824-1409\jars\maven-core-3.9.9.jar
2025-12-14 15:35:46,391 [Worker-32: Launching SampleAPI] INFO  o.eclipse.m2e.core.internal.Bundles - 	Entry: C:\Users\flame\.p2\pool\plugins\org.eclipse.m2e.maven.runtime_3.9.900.20240824-1409\jars\maven-embedder-3.9.9.jar
2025-12-14 15:35:46,391 [Worker-32: Launching SampleAPI] INFO  o.eclipse.m2e.core.internal.Bundles - 	Entry: C:\Users\flame\.p2\pool\plugins\org.eclipse.m2e.maven.runtime_3.9.900.20240824-1409\jars\maven-model-3.9.9.jar
2025-12-14 15:35:46,391 [Worker-32: Launching SampleAPI] INFO  o.eclipse.m2e.core.internal.Bundles - 	Entry: C:\Users\flame\.p2\pool\plugins\org.eclipse.m2e.maven.runtime_3.9.900.20240824-1409\jars\maven-model-builder-3.9.9.jar
2025-12-14 15:35:46,391 [Worker-32: Launching SampleAPI] INFO  o.eclipse.m2e.core.internal.Bundles - 	Entry: C:\Users\flame\.p2\pool\plugins\org.eclipse.m2e.maven.runtime_3.9.900.20240824-1409\jars\maven-plugin-api-3.9.9.jar
2025-12-14 15:35:46,392 [Worker-32: Launching SampleAPI] INFO  o.eclipse.m2e.core.internal.Bundles - 	Entry: C:\Users\flame\.p2\pool\plugins\org.eclipse.m2e.maven.runtime_3.9.900.20240824-1409\jars\maven-repository-metadata-3.9.9.jar
2025-12-14 15:35:46,392 [Worker-32: Launching SampleAPI] INFO  o.eclipse.m2e.core.internal.Bundles - 	Entry: C:\Users\flame\.p2\pool\plugins\org.eclipse.m2e.maven.runtime_3.9.900.20240824-1409\jars\maven-resolver-api-1.9.22.jar
2025-12-14 15:35:46,392 [Worker-32: Launching SampleAPI] INFO  o.eclipse.m2e.core.internal.Bundles - 	Entry: C:\Users\flame\.p2\pool\plugins\org.eclipse.m2e.maven.runtime_3.9.900.20240824-1409\jars\maven-resolver-connector-basic-1.9.22.jar
2025-12-14 15:35:46,392 [Worker-32: Launching SampleAPI] INFO  o.eclipse.m2e.core.internal.Bundles - 	Entry: C:\Users\flame\.p2\pool\plugins\org.eclipse.m2e.maven.runtime_3.9.900.20240824-1409\jars\maven-resolver-impl-1.9.22.jar
2025-12-14 15:35:46,392 [Worker-32: Launching SampleAPI] INFO  o.eclipse.m2e.core.internal.Bundles - 	Entry: C:\Users\flame\.p2\pool\plugins\org.eclipse.m2e.maven.runtime_3.9.900.20240824-1409\jars\maven-resolver-named-locks-1.9.22.jar
2025-12-14 15:35:46,392 [Worker-32: Launching SampleAPI] INFO  o.eclipse.m2e.core.internal.Bundles - 	Entry: C:\Users\flame\.p2\pool\plugins\org.eclipse.m2e.maven.runtime_3.9.900.20240824-1409\jars\maven-resolver-provider-3.9.9.jar
2025-12-14 15:35:46,392 [Worker-32: Launching SampleAPI] INFO  o.eclipse.m2e.core.internal.Bundles - 	Entry: C:\Users\flame\.p2\pool\plugins\org.eclipse.m2e.maven.runtime_3.9.900.20240824-1409\jars\maven-resolver-spi-1.9.22.jar
2025-12-14 15:35:46,393 [Worker-32: Launching SampleAPI] INFO  o.eclipse.m2e.core.internal.Bundles - 	Entry: C:\Users\flame\.p2\pool\plugins\org.eclipse.m2e.maven.runtime_3.9.900.20240824-1409\jars\maven-resolver-transport-file-1.9.22.jar
2025-12-14 15:35:46,393 [Worker-32: Launching SampleAPI] INFO  o.eclipse.m2e.core.internal.Bundles - 	Entry: C:\Users\flame\.p2\pool\plugins\org.eclipse.m2e.maven.runtime_3.9.900.20240824-1409\jars\maven-resolver-transport-http-1.9.22.jar
2025-12-14 15:35:46,393 [Worker-32: Launching SampleAPI] INFO  o.eclipse.m2e.core.internal.Bundles - 	Entry: C:\Users\flame\.p2\pool\plugins\org.eclipse.m2e.maven.runtime_3.9.900.20240824-1409\jars\maven-resolver-transport-wagon-1.9.22.jar
2025-12-14 15:35:46,393 [Worker-32: Launching SampleAPI] INFO  o.eclipse.m2e.core.internal.Bundles - 	Entry: C:\Users\flame\.p2\pool\plugins\org.eclipse.m2e.maven.runtime_3.9.900.20240824-1409\jars\maven-resolver-util-1.9.22.jar
2025-12-14 15:35:46,393 [Worker-32: Launching SampleAPI] INFO  o.eclipse.m2e.core.internal.Bundles - 	Entry: C:\Users\flame\.p2\pool\plugins\org.eclipse.m2e.maven.runtime_3.9.900.20240824-1409\jars\maven-settings-3.9.9.jar
2025-12-14 15:35:46,393 [Worker-32: Launching SampleAPI] INFO  o.eclipse.m2e.core.internal.Bundles - 	Entry: C:\Users\flame\.p2\pool\plugins\org.eclipse.m2e.maven.runtime_3.9.900.20240824-1409\jars\maven-settings-builder-3.9.9.jar
2025-12-14 15:35:46,393 [Worker-32: Launching SampleAPI] INFO  o.eclipse.m2e.core.internal.Bundles - 	Entry: C:\Users\flame\.p2\pool\plugins\org.eclipse.m2e.maven.runtime_3.9.900.20240824-1409\jars\maven-shared-utils-3.4.2.jar
2025-12-14 15:35:46,393 [Worker-32: Launching SampleAPI] INFO  o.eclipse.m2e.core.internal.Bundles - 	Entry: C:\Users\flame\.p2\pool\plugins\org.eclipse.m2e.maven.runtime_3.9.900.20240824-1409\jars\org.eclipse.sisu.inject-0.9.0.M3.jar
2025-12-14 15:35:46,393 [Worker-32: Launching SampleAPI] INFO  o.eclipse.m2e.core.internal.Bundles - 	Entry: C:\Users\flame\.p2\pool\plugins\org.eclipse.m2e.maven.runtime_3.9.900.20240824-1409\jars\org.eclipse.sisu.plexus-0.9.0.M3.jar
2025-12-14 15:35:46,394 [Worker-32: Launching SampleAPI] INFO  o.eclipse.m2e.core.internal.Bundles - 	Entry: C:\Users\flame\.p2\pool\plugins\org.eclipse.m2e.maven.runtime_3.9.900.20240824-1409\jars\plexus-build-api-0.0.7.jar
2025-12-14 15:35:46,394 [Worker-32: Launching SampleAPI] INFO  o.eclipse.m2e.core.internal.Bundles - 	Entry: C:\Users\flame\.p2\pool\plugins\org.eclipse.m2e.maven.runtime_3.9.900.20240824-1409\jars\plexus-build-api-1.2.0.jar
2025-12-14 15:35:46,394 [Worker-32: Launching SampleAPI] INFO  o.eclipse.m2e.core.internal.Bundles - 	Entry: C:\Users\flame\.p2\pool\plugins\org.eclipse.m2e.maven.runtime_3.9.900.20240824-1409\jars\plexus-cipher-2.0.jar
2025-12-14 15:35:46,394 [Worker-32: Launching SampleAPI] INFO  o.eclipse.m2e.core.internal.Bundles - 	Entry: C:\Users\flame\.p2\pool\plugins\org.eclipse.m2e.maven.runtime_3.9.900.20240824-1409\jars\plexus-classworlds-2.8.0.jar
2025-12-14 15:35:46,394 [Worker-32: Launching SampleAPI] INFO  o.eclipse.m2e.core.internal.Bundles - 	Entry: C:\Users\flame\.p2\pool\plugins\org.eclipse.m2e.maven.runtime_3.9.900.20240824-1409\jars\plexus-component-annotations-2.1.0.jar
2025-12-14 15:35:46,394 [Worker-32: Launching SampleAPI] INFO  o.eclipse.m2e.core.internal.Bundles - 	Entry: C:\Users\flame\.p2\pool\plugins\org.eclipse.m2e.maven.runtime_3.9.900.20240824-1409\jars\plexus-interpolation-1.27.jar
2025-12-14 15:35:46,394 [Worker-32: Launching SampleAPI] INFO  o.eclipse.m2e.core.internal.Bundles - 	Entry: C:\Users\flame\.p2\pool\plugins\org.eclipse.m2e.maven.runtime_3.9.900.20240824-1409\jars\plexus-sec-dispatcher-2.0.jar
2025-12-14 15:35:46,394 [Worker-32: Launching SampleAPI] INFO  o.eclipse.m2e.core.internal.Bundles - 	Entry: C:\Users\flame\.p2\pool\plugins\org.eclipse.m2e.maven.runtime_3.9.900.20240824-1409\jars\plexus-utils-3.5.1.jar
2025-12-14 15:35:46,394 [Worker-32: Launching SampleAPI] INFO  o.eclipse.m2e.core.internal.Bundles - 	Entry: C:\Users\flame\.p2\pool\plugins\org.eclipse.m2e.maven.runtime_3.9.900.20240824-1409\jars\plexus-xml-3.0.1.jar
2025-12-14 15:35:46,394 [Worker-32: Launching SampleAPI] INFO  o.eclipse.m2e.core.internal.Bundles - 	Entry: C:\Users\flame\.p2\pool\plugins\org.eclipse.m2e.maven.runtime_3.9.900.20240824-1409\jars\wagon-file-3.5.3.jar
2025-12-14 15:35:46,395 [Worker-32: Launching SampleAPI] INFO  o.eclipse.m2e.core.internal.Bundles - 	Entry: C:\Users\flame\.p2\pool\plugins\org.eclipse.m2e.maven.runtime_3.9.900.20240824-1409\jars\wagon-http-3.5.3.jar
2025-12-14 15:35:46,395 [Worker-32: Launching SampleAPI] INFO  o.eclipse.m2e.core.internal.Bundles - 	Entry: C:\Users\flame\.p2\pool\plugins\org.eclipse.m2e.maven.runtime_3.9.900.20240824-1409\jars\wagon-http-shared-3.5.3.jar
2025-12-14 15:35:46,395 [Worker-32: Launching SampleAPI] INFO  o.eclipse.m2e.core.internal.Bundles - 	Entry: C:\Users\flame\.p2\pool\plugins\org.eclipse.m2e.maven.runtime_3.9.900.20240824-1409\jars\wagon-provider-api-3.5.3.jar
2025-12-14 15:35:46,395 [Worker-32: Launching SampleAPI] INFO  o.eclipse.m2e.core.internal.Bundles - getClasspathEntries(Bundle=com.google.guava_33.3.1.jre [1028])
2025-12-14 15:35:46,395 [Worker-32: Launching SampleAPI] INFO  o.eclipse.m2e.core.internal.Bundles - 	Entry: C:\Users\flame\.p2\pool\plugins\com.google.guava_33.3.1.jre.jar
2025-12-14 15:35:46,395 [Worker-32: Launching SampleAPI] INFO  o.eclipse.m2e.core.internal.Bundles - getClasspathEntries(Bundle=slf4j.api_2.0.17 [1152])
2025-12-14 15:35:46,396 [Worker-32: Launching SampleAPI] INFO  o.eclipse.m2e.core.internal.Bundles - 	Entry: C:\Users\flame\.p2\pool\plugins\slf4j.api_2.0.17.jar
2025-12-14 15:35:46,396 [Worker-32: Launching SampleAPI] INFO  o.eclipse.m2e.core.internal.Bundles - getClasspathEntries(Bundle=jakarta.inject.jakarta.inject-api_1.0.5 [34])
2025-12-14 15:35:46,396 [Worker-32: Launching SampleAPI] INFO  o.eclipse.m2e.core.internal.Bundles - 	Entry: C:\Users\flame\.p2\pool\plugins\jakarta.inject.jakarta.inject-api_1.0.5.jar
2025-12-14 15:35:46,396 [Worker-32: Launching SampleAPI] INFO  o.eclipse.m2e.core.internal.Bundles - getClasspathEntries(Bundle=jakarta.annotation-api_1.3.5 [29])
2025-12-14 15:35:46,396 [Worker-32: Launching SampleAPI] INFO  o.eclipse.m2e.core.internal.Bundles - 	Entry: C:\Users\flame\.p2\pool\plugins\jakarta.annotation-api_1.3.5.jar
2025-12-14 15:35:46,396 [Worker-32: Launching SampleAPI] INFO  o.eclipse.m2e.core.internal.Bundles - getClasspathEntries(Bundle=org.apache.commons.cli_1.9.0 [78])
2025-12-14 15:35:46,397 [Worker-32: Launching SampleAPI] INFO  o.eclipse.m2e.core.internal.Bundles - 	Entry: C:\Users\flame\.p2\pool\plugins\org.apache.commons.cli_1.9.0.jar
2025-12-14 15:35:46,397 [Worker-32: Launching SampleAPI] INFO  o.eclipse.m2e.core.internal.Bundles - getClasspathEntries(Bundle=org.apache.commons.commons-codec_1.16.0 [81])
2025-12-14 15:35:46,397 [Worker-32: Launching SampleAPI] INFO  o.eclipse.m2e.core.internal.Bundles - 	Entry: C:\Users\flame\.p2\pool\plugins\org.apache.commons.commons-codec_1.16.0.jar
2025-12-14 15:35:46,397 [Worker-32: Launching SampleAPI] INFO  o.eclipse.m2e.core.internal.Bundles - getClasspathEntries(Bundle=com.google.guava.failureaccess_1.0.2 [17])
2025-12-14 15:35:46,398 [Worker-32: Launching SampleAPI] INFO  o.eclipse.m2e.core.internal.Bundles - 	Entry: C:\Users\flame\.p2\pool\plugins\com.google.guava.failureaccess_1.0.2.jar
2025-12-14 15:35:46,398 [Worker-32: Launching SampleAPI] INFO  o.eclipse.m2e.core.internal.Bundles - getClasspathEntries(Bundle=org.eclipse.m2e.workspace.cli_0.3.1 [654])
2025-12-14 15:35:46,398 [Worker-32: Launching SampleAPI] INFO  o.eclipse.m2e.core.internal.Bundles - 	Entry: C:\Users\flame\.p2\pool\plugins\org.eclipse.m2e.workspace.cli_0.3.1.jar
2025-12-14 15:35:46,399 [Worker-32: Launching SampleAPI] INFO  o.e.m.i.launch.MavenLaunchDelegate - Run build in "C:\Users\flame\Documents\eclipseProjects\mediaLogic\SampleAPI":
2025-12-14 15:35:46,401 [Worker-32: Launching SampleAPI] INFO  o.e.m.i.launch.MavenLaunchDelegate -  mvn  -Ppom.xml -B -X -e -U -Dmaven.test.skip=true -DskipTests -Dstyle.color=always clean install
2025-12-14 15:36:29,392 [Worker-32: Building] INFO  o.a.m.s.f.DefaultMavenResourcesFiltering - Copying 1 resource from src\main\resources to target\classes
2025-12-14 15:36:29,395 [Worker-32: Building] INFO  o.a.m.s.f.DefaultMavenResourcesFiltering - Copying 0 resource from src\main\resources to target\classes
2025-12-14 15:36:29,401 [Worker-32: Building] INFO  o.a.m.s.f.DefaultMavenResourcesFiltering - skip non existing resourceDirectory C:\Users\flame\Documents\eclipseProjects\mediaLogic\SampleAPI\src\test\resources
2025-12-14 15:37:09,573 [Worker-38: Building] INFO  o.a.m.s.f.DefaultMavenResourcesFiltering - Copying 1 resource from src\main\resources to target\classes
2025-12-14 15:37:09,580 [Worker-38: Building] INFO  o.a.m.s.f.DefaultMavenResourcesFiltering - Copying 0 resource from src\main\resources to target\classes
2025-12-14 15:37:09,583 [Worker-38: Building] INFO  o.a.m.s.f.DefaultMavenResourcesFiltering - skip non existing resourceDirectory C:\Users\flame\Documents\eclipseProjects\mediaLogic\SampleAPI\src\test\resources
2025-12-14 15:38:59,276 [Worker-6: Loading available Gradle versions] INFO  o.e.b.c.i.u.g.PublishedGradleVersions - Gradle version information cache is up-to-date. Trying to read.
2025-12-14 15:40:14,811 [Worker-9: Launching SampleAPI] INFO  o.eclipse.m2e.core.internal.Bundles - getClasspathEntries(Bundle=org.eclipse.m2e.maven.runtime_3.9.900.20240824-1409 [642])
2025-12-14 15:40:14,814 [Worker-9: Launching SampleAPI] INFO  o.eclipse.m2e.core.internal.Bundles - 	Entry: C:\Users\flame\.p2\pool\plugins\org.eclipse.m2e.maven.runtime_3.9.900.20240824-1409
2025-12-14 15:40:14,815 [Worker-9: Launching SampleAPI] INFO  o.eclipse.m2e.core.internal.Bundles - 	Entry: C:\Users\flame\.p2\pool\plugins\org.eclipse.m2e.maven.runtime_3.9.900.20240824-1409\jars\aopalliance-1.0.jar
2025-12-14 15:40:14,815 [Worker-9: Launching SampleAPI] INFO  o.eclipse.m2e.core.internal.Bundles - 	Entry: C:\Users\flame\.p2\pool\plugins\org.eclipse.m2e.maven.runtime_3.9.900.20240824-1409\jars\guice-5.1.0.jar
2025-12-14 15:40:14,815 [Worker-9: Launching SampleAPI] INFO  o.eclipse.m2e.core.internal.Bundles - 	Entry: C:\Users\flame\.p2\pool\plugins\org.eclipse.m2e.maven.runtime_3.9.900.20240824-1409\jars\httpclient-4.5.14.jar
2025-12-14 15:40:14,815 [Worker-9: Launching SampleAPI] INFO  o.eclipse.m2e.core.internal.Bundles - 	Entry: C:\Users\flame\.p2\pool\plugins\org.eclipse.m2e.maven.runtime_3.9.900.20240824-1409\jars\httpcore-4.4.16.jar
2025-12-14 15:40:14,815 [Worker-9: Launching SampleAPI] INFO  o.eclipse.m2e.core.internal.Bundles - 	Entry: C:\Users\flame\.p2\pool\plugins\org.eclipse.m2e.maven.runtime_3.9.900.20240824-1409\jars\jansi-2.4.1.jar
2025-12-14 15:40:14,815 [Worker-9: Launching SampleAPI] INFO  o.eclipse.m2e.core.internal.Bundles - 	Entry: C:\Users\flame\.p2\pool\plugins\org.eclipse.m2e.maven.runtime_3.9.900.20240824-1409\jars\jcl-over-slf4j-1.7.36.jar
2025-12-14 15:40:14,815 [Worker-9: Launching SampleAPI] INFO  o.eclipse.m2e.core.internal.Bundles - 	Entry: C:\Users\flame\.p2\pool\plugins\org.eclipse.m2e.maven.runtime_3.9.900.20240824-1409\jars\maven-artifact-3.9.9.jar
2025-12-14 15:40:14,815 [Worker-9: Launching SampleAPI] INFO  o.eclipse.m2e.core.internal.Bundles - 	Entry: C:\Users\flame\.p2\pool\plugins\org.eclipse.m2e.maven.runtime_3.9.900.20240824-1409\jars\maven-builder-support-3.9.9.jar
2025-12-14 15:40:14,816 [Worker-9: Launching SampleAPI] INFO  o.eclipse.m2e.core.internal.Bundles - 	Entry: C:\Users\flame\.p2\pool\plugins\org.eclipse.m2e.maven.runtime_3.9.900.20240824-1409\jars\maven-compat-3.9.9.jar
2025-12-14 15:40:14,816 [Worker-9: Launching SampleAPI] INFO  o.eclipse.m2e.core.internal.Bundles - 	Entry: C:\Users\flame\.p2\pool\plugins\org.eclipse.m2e.maven.runtime_3.9.900.20240824-1409\jars\maven-core-3.9.9.jar
2025-12-14 15:40:14,816 [Worker-9: Launching SampleAPI] INFO  o.eclipse.m2e.core.internal.Bundles - 	Entry: C:\Users\flame\.p2\pool\plugins\org.eclipse.m2e.maven.runtime_3.9.900.20240824-1409\jars\maven-embedder-3.9.9.jar
2025-12-14 15:40:14,816 [Worker-9: Launching SampleAPI] INFO  o.eclipse.m2e.core.internal.Bundles - 	Entry: C:\Users\flame\.p2\pool\plugins\org.eclipse.m2e.maven.runtime_3.9.900.20240824-1409\jars\maven-model-3.9.9.jar
2025-12-14 15:40:14,816 [Worker-9: Launching SampleAPI] INFO  o.eclipse.m2e.core.internal.Bundles - 	Entry: C:\Users\flame\.p2\pool\plugins\org.eclipse.m2e.maven.runtime_3.9.900.20240824-1409\jars\maven-model-builder-3.9.9.jar
2025-12-14 15:40:14,816 [Worker-9: Launching SampleAPI] INFO  o.eclipse.m2e.core.internal.Bundles - 	Entry: C:\Users\flame\.p2\pool\plugins\org.eclipse.m2e.maven.runtime_3.9.900.20240824-1409\jars\maven-plugin-api-3.9.9.jar
2025-12-14 15:40:14,816 [Worker-9: Launching SampleAPI] INFO  o.eclipse.m2e.core.internal.Bundles - 	Entry: C:\Users\flame\.p2\pool\plugins\org.eclipse.m2e.maven.runtime_3.9.900.20240824-1409\jars\maven-repository-metadata-3.9.9.jar
2025-12-14 15:40:14,816 [Worker-9: Launching SampleAPI] INFO  o.eclipse.m2e.core.internal.Bundles - 	Entry: C:\Users\flame\.p2\pool\plugins\org.eclipse.m2e.maven.runtime_3.9.900.20240824-1409\jars\maven-resolver-api-1.9.22.jar
2025-12-14 15:40:14,817 [Worker-9: Launching SampleAPI] INFO  o.eclipse.m2e.core.internal.Bundles - 	Entry: C:\Users\flame\.p2\pool\plugins\org.eclipse.m2e.maven.runtime_3.9.900.20240824-1409\jars\maven-resolver-connector-basic-1.9.22.jar
2025-12-14 15:40:14,817 [Worker-9: Launching SampleAPI] INFO  o.eclipse.m2e.core.internal.Bundles - 	Entry: C:\Users\flame\.p2\pool\plugins\org.eclipse.m2e.maven.runtime_3.9.900.20240824-1409\jars\maven-resolver-impl-1.9.22.jar
2025-12-14 15:40:14,817 [Worker-9: Launching SampleAPI] INFO  o.eclipse.m2e.core.internal.Bundles - 	Entry: C:\Users\flame\.p2\pool\plugins\org.eclipse.m2e.maven.runtime_3.9.900.20240824-1409\jars\maven-resolver-named-locks-1.9.22.jar
2025-12-14 15:40:14,817 [Worker-9: Launching SampleAPI] INFO  o.eclipse.m2e.core.internal.Bundles - 	Entry: C:\Users\flame\.p2\pool\plugins\org.eclipse.m2e.maven.runtime_3.9.900.20240824-1409\jars\maven-resolver-provider-3.9.9.jar
2025-12-14 15:40:14,817 [Worker-9: Launching SampleAPI] INFO  o.eclipse.m2e.core.internal.Bundles - 	Entry: C:\Users\flame\.p2\pool\plugins\org.eclipse.m2e.maven.runtime_3.9.900.20240824-1409\jars\maven-resolver-spi-1.9.22.jar
2025-12-14 15:40:14,817 [Worker-9: Launching SampleAPI] INFO  o.eclipse.m2e.core.internal.Bundles - 	Entry: C:\Users\flame\.p2\pool\plugins\org.eclipse.m2e.maven.runtime_3.9.900.20240824-1409\jars\maven-resolver-transport-file-1.9.22.jar
2025-12-14 15:40:14,817 [Worker-9: Launching SampleAPI] INFO  o.eclipse.m2e.core.internal.Bundles - 	Entry: C:\Users\flame\.p2\pool\plugins\org.eclipse.m2e.maven.runtime_3.9.900.20240824-1409\jars\maven-resolver-transport-http-1.9.22.jar
2025-12-14 15:40:14,817 [Worker-9: Launching SampleAPI] INFO  o.eclipse.m2e.core.internal.Bundles - 	Entry: C:\Users\flame\.p2\pool\plugins\org.eclipse.m2e.maven.runtime_3.9.900.20240824-1409\jars\maven-resolver-transport-wagon-1.9.22.jar
2025-12-14 15:40:14,818 [Worker-9: Launching SampleAPI] INFO  o.eclipse.m2e.core.internal.Bundles - 	Entry: C:\Users\flame\.p2\pool\plugins\org.eclipse.m2e.maven.runtime_3.9.900.20240824-1409\jars\maven-resolver-util-1.9.22.jar
2025-12-14 15:40:14,818 [Worker-9: Launching SampleAPI] INFO  o.eclipse.m2e.core.internal.Bundles - 	Entry: C:\Users\flame\.p2\pool\plugins\org.eclipse.m2e.maven.runtime_3.9.900.20240824-1409\jars\maven-settings-3.9.9.jar
2025-12-14 15:40:14,818 [Worker-9: Launching SampleAPI] INFO  o.eclipse.m2e.core.internal.Bundles - 	Entry: C:\Users\flame\.p2\pool\plugins\org.eclipse.m2e.maven.runtime_3.9.900.20240824-1409\jars\maven-settings-builder-3.9.9.jar
2025-12-14 15:40:14,818 [Worker-9: Launching SampleAPI] INFO  o.eclipse.m2e.core.internal.Bundles - 	Entry: C:\Users\flame\.p2\pool\plugins\org.eclipse.m2e.maven.runtime_3.9.900.20240824-1409\jars\maven-shared-utils-3.4.2.jar
2025-12-14 15:40:14,818 [Worker-9: Launching SampleAPI] INFO  o.eclipse.m2e.core.internal.Bundles - 	Entry: C:\Users\flame\.p2\pool\plugins\org.eclipse.m2e.maven.runtime_3.9.900.20240824-1409\jars\org.eclipse.sisu.inject-0.9.0.M3.jar
2025-12-14 15:40:14,818 [Worker-9: Launching SampleAPI] INFO  o.eclipse.m2e.core.internal.Bundles - 	Entry: C:\Users\flame\.p2\pool\plugins\org.eclipse.m2e.maven.runtime_3.9.900.20240824-1409\jars\org.eclipse.sisu.plexus-0.9.0.M3.jar
2025-12-14 15:40:14,818 [Worker-9: Launching SampleAPI] INFO  o.eclipse.m2e.core.internal.Bundles - 	Entry: C:\Users\flame\.p2\pool\plugins\org.eclipse.m2e.maven.runtime_3.9.900.20240824-1409\jars\plexus-build-api-0.0.7.jar
2025-12-14 15:40:14,818 [Worker-9: Launching SampleAPI] INFO  o.eclipse.m2e.core.internal.Bundles - 	Entry: C:\Users\flame\.p2\pool\plugins\org.eclipse.m2e.maven.runtime_3.9.900.20240824-1409\jars\plexus-build-api-1.2.0.jar
2025-12-14 15:40:14,819 [Worker-9: Launching SampleAPI] INFO  o.eclipse.m2e.core.internal.Bundles - 	Entry: C:\Users\flame\.p2\pool\plugins\org.eclipse.m2e.maven.runtime_3.9.900.20240824-1409\jars\plexus-cipher-2.0.jar
2025-12-14 15:40:14,819 [Worker-9: Launching SampleAPI] INFO  o.eclipse.m2e.core.internal.Bundles - 	Entry: C:\Users\flame\.p2\pool\plugins\org.eclipse.m2e.maven.runtime_3.9.900.20240824-1409\jars\plexus-classworlds-2.8.0.jar
2025-12-14 15:40:14,819 [Worker-9: Launching SampleAPI] INFO  o.eclipse.m2e.core.internal.Bundles - 	Entry: C:\Users\flame\.p2\pool\plugins\org.eclipse.m2e.maven.runtime_3.9.900.20240824-1409\jars\plexus-component-annotations-2.1.0.jar
2025-12-14 15:40:14,819 [Worker-9: Launching SampleAPI] INFO  o.eclipse.m2e.core.internal.Bundles - 	Entry: C:\Users\flame\.p2\pool\plugins\org.eclipse.m2e.maven.runtime_3.9.900.20240824-1409\jars\plexus-interpolation-1.27.jar
2025-12-14 15:40:14,819 [Worker-9: Launching SampleAPI] INFO  o.eclipse.m2e.core.internal.Bundles - 	Entry: C:\Users\flame\.p2\pool\plugins\org.eclipse.m2e.maven.runtime_3.9.900.20240824-1409\jars\plexus-sec-dispatcher-2.0.jar
2025-12-14 15:40:14,819 [Worker-9: Launching SampleAPI] INFO  o.eclipse.m2e.core.internal.Bundles - 	Entry: C:\Users\flame\.p2\pool\plugins\org.eclipse.m2e.maven.runtime_3.9.900.20240824-1409\jars\plexus-utils-3.5.1.jar
2025-12-14 15:40:14,819 [Worker-9: Launching SampleAPI] INFO  o.eclipse.m2e.core.internal.Bundles - 	Entry: C:\Users\flame\.p2\pool\plugins\org.eclipse.m2e.maven.runtime_3.9.900.20240824-1409\jars\plexus-xml-3.0.1.jar
2025-12-14 15:40:14,819 [Worker-9: Launching SampleAPI] INFO  o.eclipse.m2e.core.internal.Bundles - 	Entry: C:\Users\flame\.p2\pool\plugins\org.eclipse.m2e.maven.runtime_3.9.900.20240824-1409\jars\wagon-file-3.5.3.jar
2025-12-14 15:40:14,820 [Worker-9: Launching SampleAPI] INFO  o.eclipse.m2e.core.internal.Bundles - 	Entry: C:\Users\flame\.p2\pool\plugins\org.eclipse.m2e.maven.runtime_3.9.900.20240824-1409\jars\wagon-http-3.5.3.jar
2025-12-14 15:40:14,820 [Worker-9: Launching SampleAPI] INFO  o.eclipse.m2e.core.internal.Bundles - 	Entry: C:\Users\flame\.p2\pool\plugins\org.eclipse.m2e.maven.runtime_3.9.900.20240824-1409\jars\wagon-http-shared-3.5.3.jar
2025-12-14 15:40:14,820 [Worker-9: Launching SampleAPI] INFO  o.eclipse.m2e.core.internal.Bundles - 	Entry: C:\Users\flame\.p2\pool\plugins\org.eclipse.m2e.maven.runtime_3.9.900.20240824-1409\jars\wagon-provider-api-3.5.3.jar
2025-12-14 15:40:14,821 [Worker-9: Launching SampleAPI] INFO  o.eclipse.m2e.core.internal.Bundles - getClasspathEntries(Bundle=com.google.guava_33.3.1.jre [1028])
2025-12-14 15:40:14,822 [Worker-9: Launching SampleAPI] INFO  o.eclipse.m2e.core.internal.Bundles - 	Entry: C:\Users\flame\.p2\pool\plugins\com.google.guava_33.3.1.jre.jar
2025-12-14 15:40:14,822 [Worker-9: Launching SampleAPI] INFO  o.eclipse.m2e.core.internal.Bundles - getClasspathEntries(Bundle=slf4j.api_2.0.17 [1152])
2025-12-14 15:40:14,822 [Worker-9: Launching SampleAPI] INFO  o.eclipse.m2e.core.internal.Bundles - 	Entry: C:\Users\flame\.p2\pool\plugins\slf4j.api_2.0.17.jar
2025-12-14 15:40:14,822 [Worker-9: Launching SampleAPI] INFO  o.eclipse.m2e.core.internal.Bundles - getClasspathEntries(Bundle=jakarta.inject.jakarta.inject-api_1.0.5 [34])
2025-12-14 15:40:14,823 [Worker-9: Launching SampleAPI] INFO  o.eclipse.m2e.core.internal.Bundles - 	Entry: C:\Users\flame\.p2\pool\plugins\jakarta.inject.jakarta.inject-api_1.0.5.jar
2025-12-14 15:40:14,823 [Worker-9: Launching SampleAPI] INFO  o.eclipse.m2e.core.internal.Bundles - getClasspathEntries(Bundle=jakarta.annotation-api_1.3.5 [29])
2025-12-14 15:40:14,823 [Worker-9: Launching SampleAPI] INFO  o.eclipse.m2e.core.internal.Bundles - 	Entry: C:\Users\flame\.p2\pool\plugins\jakarta.annotation-api_1.3.5.jar
2025-12-14 15:40:14,823 [Worker-9: Launching SampleAPI] INFO  o.eclipse.m2e.core.internal.Bundles - getClasspathEntries(Bundle=org.apache.commons.cli_1.9.0 [78])
2025-12-14 15:40:14,824 [Worker-9: Launching SampleAPI] INFO  o.eclipse.m2e.core.internal.Bundles - 	Entry: C:\Users\flame\.p2\pool\plugins\org.apache.commons.cli_1.9.0.jar
2025-12-14 15:40:14,824 [Worker-9: Launching SampleAPI] INFO  o.eclipse.m2e.core.internal.Bundles - getClasspathEntries(Bundle=org.apache.commons.commons-codec_1.16.0 [81])
2025-12-14 15:40:14,824 [Worker-9: Launching SampleAPI] INFO  o.eclipse.m2e.core.internal.Bundles - 	Entry: C:\Users\flame\.p2\pool\plugins\org.apache.commons.commons-codec_1.16.0.jar
2025-12-14 15:40:14,824 [Worker-9: Launching SampleAPI] INFO  o.eclipse.m2e.core.internal.Bundles - getClasspathEntries(Bundle=com.google.guava.failureaccess_1.0.2 [17])
2025-12-14 15:40:14,825 [Worker-9: Launching SampleAPI] INFO  o.eclipse.m2e.core.internal.Bundles - 	Entry: C:\Users\flame\.p2\pool\plugins\com.google.guava.failureaccess_1.0.2.jar
2025-12-14 15:40:14,826 [Worker-9: Launching SampleAPI] INFO  o.eclipse.m2e.core.internal.Bundles - getClasspathEntries(Bundle=org.eclipse.m2e.workspace.cli_0.3.1 [654])
2025-12-14 15:40:14,827 [Worker-9: Launching SampleAPI] INFO  o.eclipse.m2e.core.internal.Bundles - 	Entry: C:\Users\flame\.p2\pool\plugins\org.eclipse.m2e.workspace.cli_0.3.1.jar
2025-12-14 15:40:14,836 [Worker-9: Launching SampleAPI] INFO  o.e.m.i.launch.MavenLaunchDelegate - Run build in "C:\Users\flame\Documents\eclipseProjects\mediaLogic\SampleAPI":
2025-12-14 15:40:14,841 [Worker-9: Launching SampleAPI] INFO  o.e.m.i.launch.MavenLaunchDelegate -  mvn  -Ppom.xml -B -X -e -U -Dmaven.test.skip=true -DskipTests -Dstyle.color=always clean install
2025-12-14 15:40:35,061 [Worker-17: Updating Maven Project] INFO  o.e.m.c.i.p.ProjectConfigurationManager - Update started
2025-12-14 15:40:36,070 [Worker-17: Updating Maven Project] INFO  o.e.m.c.i.l.LifecycleMappingFactory - Using org.eclipse.m2e.jdt.JarLifecycleMapping lifecycle mapping for MavenProject: com.example:SampleAPI:0.0.1-SNAPSHOT @ C:\Users\flame\Documents\eclipseProjects\mediaLogic\SampleAPI\pom.xml.
2025-12-14 15:40:37,630 [Worker-17: Updating Maven Project] INFO  o.e.m.j.i.AbstractJavaProjectConfigurator - Adding source folder /SampleAPI/src/main/java
2025-12-14 15:40:37,634 [Worker-17: Updating Maven Project] INFO  o.e.m.j.i.AbstractJavaProjectConfigurator - Adding resource folder /SampleAPI/src/main/resources
2025-12-14 15:40:37,635 [Worker-17: Updating Maven Project] INFO  o.e.m.j.i.AbstractJavaProjectConfigurator - Adding resource folder /SampleAPI/src/main/resources
2025-12-14 15:40:37,637 [Worker-17: Updating Maven Project] INFO  o.e.m.j.i.AbstractJavaProjectConfigurator - Adding source folder /SampleAPI/src/test/java
2025-12-14 15:40:37,639 [Worker-17: Updating Maven Project] INFO  o.e.m.j.i.AbstractJavaProjectConfigurator - Adding resource folder /SampleAPI/src/test/resources
2025-12-14 15:40:37,939 [Worker-17: Updating Maven Project] INFO  o.e.m.jdt.internal.UnitTestSupport - Reset launch configuration name: SampleApiApplicationTests
2025-12-14 15:40:37,939 [Worker-17: Updating Maven Project] INFO  o.e.m.jdt.internal.UnitTestSupport - Updating SampleApiApplicationTests from maven configuration
2025-12-14 15:40:39,184 [Worker-17: Updating Maven Project] INFO  o.e.m.c.i.p.ProjectConfigurationManager - Update completed for 1 poms: local refresh takes 0,00 sec, refresh facades takes 2,00 sec, update config takes 1,00 sec 
2025-12-14 15:40:40,214 [Worker-11: Building] INFO  o.a.m.s.f.DefaultMavenResourcesFiltering - Copying 1 resource from src\main\resources to target\classes
2025-12-14 15:40:40,244 [Worker-11: Building] INFO  o.a.m.s.f.DefaultMavenResourcesFiltering - Copying 0 resource from src\main\resources to target\classes
2025-12-14 15:40:40,253 [Worker-11: Building] INFO  o.a.m.s.f.DefaultMavenResourcesFiltering - skip non existing resourceDirectory C:\Users\flame\Documents\eclipseProjects\mediaLogic\SampleAPI\src\test\resources
2025-12-14 15:42:16,987 [Worker-5: Loading available Gradle versions] INFO  o.e.b.c.i.u.g.PublishedGradleVersions - Gradle version information cache is up-to-date. Trying to read.
2025-12-14 15:42:31,997 [Worker-15: Building] INFO  o.a.m.s.f.DefaultMavenResourcesFiltering - Copying 1 resource from src\main\resources to target\classes
2025-12-14 15:42:32,030 [Worker-15: Building] INFO  o.a.m.s.f.DefaultMavenResourcesFiltering - Copying 0 resource from src\main\resources to target\classes
2025-12-14 15:42:32,040 [Worker-15: Building] INFO  o.a.m.s.f.DefaultMavenResourcesFiltering - skip non existing resourceDirectory C:\Users\flame\Documents\eclipseProjects\mediaLogic\SampleAPI\src\test\resources
2025-12-14 15:45:19,148 [Worker-5: Building] INFO  o.e.m.c.i.l.LifecycleMappingFactory - Using org.eclipse.m2e.jdt.JarLifecycleMapping lifecycle mapping for MavenProject: com.example:SampleAPI:0.0.1-SNAPSHOT @ C:\Users\flame\Documents\eclipseProjects\mediaLogic\SampleAPI\pom.xml.
2025-12-14 15:45:25,598 [Worker-25: Building] INFO  o.e.m.c.i.l.LifecycleMappingFactory - Using org.eclipse.m2e.jdt.JarLifecycleMapping lifecycle mapping for MavenProject: com.example:SampleAPI:0.0.1-SNAPSHOT @ C:\Users\flame\Documents\eclipseProjects\mediaLogic\SampleAPI\pom.xml.
2025-12-14 15:45:26,404 [Worker-25: Building] INFO  o.a.m.s.f.DefaultMavenResourcesFiltering - Copying 0 resource from src\main\resources to target\classes
2025-12-14 15:45:26,406 [Worker-25: Building] INFO  o.a.m.s.f.DefaultMavenResourcesFiltering - Copying 0 resource from src\main\resources to target\classes
2025-12-14 15:45:26,414 [Worker-25: Building] INFO  o.a.m.s.f.DefaultMavenResourcesFiltering - skip non existing resourceDirectory C:\Users\flame\Documents\eclipseProjects\mediaLogic\SampleAPI\src\test\resources
2025-12-14 15:45:27,966 [Worker-19: Building] INFO  o.a.m.s.f.DefaultMavenResourcesFiltering - Copying 1 resource from src\main\resources to target\classes
2025-12-14 15:45:27,996 [Worker-19: Building] INFO  o.a.m.s.f.DefaultMavenResourcesFiltering - Copying 0 resource from src\main\resources to target\classes
2025-12-14 15:45:28,003 [Worker-19: Building] INFO  o.a.m.s.f.DefaultMavenResourcesFiltering - skip non existing resourceDirectory C:\Users\flame\Documents\eclipseProjects\mediaLogic\SampleAPI\src\test\resources
2025-12-14 15:45:40,729 [Worker-10: Building] INFO  o.e.m.c.i.l.LifecycleMappingFactory - Using org.eclipse.m2e.jdt.JarLifecycleMapping lifecycle mapping for MavenProject: com.example:SampleAPI:0.0.1-SNAPSHOT @ C:\Users\flame\Documents\eclipseProjects\mediaLogic\SampleAPI\pom.xml.
2025-12-14 15:45:41,474 [Worker-10: Building] INFO  o.a.m.s.f.DefaultMavenResourcesFiltering - Copying 0 resource from src\main\resources to target\classes
2025-12-14 15:45:41,475 [Worker-10: Building] INFO  o.a.m.s.f.DefaultMavenResourcesFiltering - Copying 0 resource from src\main\resources to target\classes
2025-12-14 15:45:41,482 [Worker-10: Building] INFO  o.a.m.s.f.DefaultMavenResourcesFiltering - skip non existing resourceDirectory C:\Users\flame\Documents\eclipseProjects\mediaLogic\SampleAPI\src\test\resources
2025-12-14 15:45:42,969 [Worker-27: Building] INFO  o.a.m.s.f.DefaultMavenResourcesFiltering - Copying 1 resource from src\main\resources to target\classes
2025-12-14 15:45:42,995 [Worker-27: Building] INFO  o.a.m.s.f.DefaultMavenResourcesFiltering - Copying 0 resource from src\main\resources to target\classes
2025-12-14 15:45:43,000 [Worker-27: Building] INFO  o.a.m.s.f.DefaultMavenResourcesFiltering - skip non existing resourceDirectory C:\Users\flame\Documents\eclipseProjects\mediaLogic\SampleAPI\src\test\resources
2025-12-14 15:46:05,398 [Worker-12: Building] INFO  o.e.m.c.i.l.LifecycleMappingFactory - Using org.eclipse.m2e.jdt.JarLifecycleMapping lifecycle mapping for MavenProject: com.example:SampleAPI:0.0.1-SNAPSHOT @ C:\Users\flame\Documents\eclipseProjects\mediaLogic\SampleAPI\pom.xml.
2025-12-14 15:46:06,082 [Worker-12: Building] INFO  o.e.m.c.i.e.AbstractTransferListenerAdapter - Downloaded https://repo.maven.apache.org/maven2/org/springdoc/springdoc-openapi-starter-webmvc-ui/3.1/springdoc-openapi-starter-webmvc-ui-3.1.pom
2025-12-14 15:46:06,091 [Worker-12: Building] WARN  o.e.m.c.i.embedder.EclipseLogger - The POM for org.springdoc:springdoc-openapi-starter-webmvc-ui:jar:3.1 is missing, no dependency information available
2025-12-14 15:46:06,829 [Worker-12: Building] INFO  o.e.m.c.i.e.AbstractTransferListenerAdapter - Downloaded https://repo.maven.apache.org/maven2/org/springdoc/springdoc-openapi-starter-webmvc-ui/3.1/springdoc-openapi-starter-webmvc-ui-3.1.jar
2025-12-14 15:46:07,098 [Worker-12: Building] INFO  o.a.m.s.f.DefaultMavenResourcesFiltering - Copying 0 resource from src\main\resources to target\classes
2025-12-14 15:46:07,100 [Worker-12: Building] INFO  o.a.m.s.f.DefaultMavenResourcesFiltering - Copying 0 resource from src\main\resources to target\classes
2025-12-14 15:46:07,105 [Worker-12: Building] INFO  o.a.m.s.f.DefaultMavenResourcesFiltering - skip non existing resourceDirectory C:\Users\flame\Documents\eclipseProjects\mediaLogic\SampleAPI\src\test\resources
2025-12-14 15:46:08,656 [Worker-8: Download sources and javadoc] INFO  o.e.m.c.i.e.AbstractTransferListenerAdapter - Downloaded https://repo.maven.apache.org/maven2/org/springdoc/springdoc-openapi-starter-webmvc-ui/3.1/springdoc-openapi-starter-webmvc-ui-3.1-sources.jar
2025-12-14 15:46:08,668 [Worker-8: Download sources and javadoc] ERROR o.e.m.j.internal.DownloadSourcesJob - Could not download sources for org.springdoc:springdoc-openapi-starter-webmvc-ui:3.1
org.eclipse.core.runtime.CoreException: Could not resolve artifact org.springdoc:springdoc-openapi-starter-webmvc-ui:jar:sources:3.1
	at org.eclipse.m2e.core.internal.embedder.MavenImpl.lambda$7(MavenImpl.java:540)
	at org.eclipse.m2e.core.internal.embedder.MavenExecutionContext.executeBare(MavenExecutionContext.java:458)
	at org.eclipse.m2e.core.internal.embedder.MavenExecutionContext.execute(MavenExecutionContext.java:292)
	at org.eclipse.m2e.core.internal.embedder.MavenExecutionContext.execute(MavenExecutionContext.java:278)
	at org.eclipse.m2e.core.internal.embedder.MavenImpl.resolve(MavenImpl.java:509)
	at org.eclipse.m2e.core.internal.embedder.MavenImpl.resolve(MavenImpl.java:494)
	at org.eclipse.m2e.jdt.internal.DownloadSourcesJob.download(DownloadSourcesJob.java:308)
	at org.eclipse.m2e.jdt.internal.DownloadSourcesJob.downloadAttachments(DownloadSourcesJob.java:282)
	at org.eclipse.m2e.jdt.internal.DownloadSourcesJob.downloadMaven(DownloadSourcesJob.java:252)
	at org.eclipse.m2e.jdt.internal.DownloadSourcesJob.downloadFilesAndPopulateToUpdate(DownloadSourcesJob.java:220)
	at org.eclipse.m2e.jdt.internal.DownloadSourcesJob.lambda$0(DownloadSourcesJob.java:149)
	at org.eclipse.m2e.core.internal.embedder.MavenExecutionContext.executeBare(MavenExecutionContext.java:458)
	at org.eclipse.m2e.core.internal.embedder.MavenExecutionContext.execute(MavenExecutionContext.java:339)
	at org.eclipse.m2e.core.internal.embedder.MavenExecutionContext.execute(MavenExecutionContext.java:278)
	at org.eclipse.m2e.core.embedder.IMaven.execute(IMaven.java:300)
	at org.eclipse.m2e.jdt.internal.DownloadSourcesJob.run(DownloadSourcesJob.java:149)
	at org.eclipse.core.internal.jobs.Worker.run(Worker.java:63)
2025-12-14 15:46:13,140 [Worker-8: Updating Maven Project] INFO  o.e.m.c.i.p.ProjectConfigurationManager - Update started
2025-12-14 15:46:13,603 [Worker-8: Updating Maven Project] INFO  o.e.m.c.i.l.LifecycleMappingFactory - Using org.eclipse.m2e.jdt.JarLifecycleMapping lifecycle mapping for MavenProject: com.example:SampleAPI:0.0.1-SNAPSHOT @ C:\Users\flame\Documents\eclipseProjects\mediaLogic\SampleAPI\pom.xml.
2025-12-14 15:46:13,985 [Worker-8: Updating Maven Project] INFO  o.e.m.c.i.e.AbstractTransferListenerAdapter - Downloaded https://repo.maven.apache.org/maven2/org/springdoc/springdoc-openapi-starter-webmvc-ui/3.1/springdoc-openapi-starter-webmvc-ui-3.1.pom
2025-12-14 15:46:13,987 [Worker-8: Updating Maven Project] WARN  o.e.m.c.i.embedder.EclipseLogger - The POM for org.springdoc:springdoc-openapi-starter-webmvc-ui:jar:3.1 is missing, no dependency information available
2025-12-14 15:46:14,135 [Worker-8: Updating Maven Project] INFO  o.e.m.c.i.e.AbstractTransferListenerAdapter - Downloaded https://repo.maven.apache.org/maven2/org/springdoc/springdoc-openapi-starter-webmvc-ui/3.1/springdoc-openapi-starter-webmvc-ui-3.1.jar
2025-12-14 15:46:14,396 [Worker-8: Updating Maven Project] INFO  o.e.m.j.i.AbstractJavaProjectConfigurator - Adding source folder /SampleAPI/src/main/java
2025-12-14 15:46:14,398 [Worker-8: Updating Maven Project] INFO  o.e.m.j.i.AbstractJavaProjectConfigurator - Adding resource folder /SampleAPI/src/main/resources
2025-12-14 15:46:14,400 [Worker-8: Updating Maven Project] INFO  o.e.m.j.i.AbstractJavaProjectConfigurator - Adding resource folder /SampleAPI/src/main/resources
2025-12-14 15:46:14,400 [Worker-8: Updating Maven Project] INFO  o.e.m.j.i.AbstractJavaProjectConfigurator - Adding source folder /SampleAPI/src/test/java
2025-12-14 15:46:14,401 [Worker-8: Updating Maven Project] INFO  o.e.m.j.i.AbstractJavaProjectConfigurator - Adding resource folder /SampleAPI/src/test/resources
2025-12-14 15:46:14,571 [Worker-8: Updating Maven Project] INFO  o.e.m.jdt.internal.UnitTestSupport - Reset launch configuration name: SampleApiApplicationTests
2025-12-14 15:46:14,572 [Worker-8: Updating Maven Project] INFO  o.e.m.jdt.internal.UnitTestSupport - Updating SampleApiApplicationTests from maven configuration
2025-12-14 15:46:15,269 [Worker-8: Updating Maven Project] INFO  o.e.m.c.i.p.ProjectConfigurationManager - Update completed for 1 poms: local refresh takes 0,00 sec, refresh facades takes 1,00 sec, update config takes 0,00 sec 
2025-12-14 15:46:15,573 [Worker-25: Building] INFO  o.a.m.s.f.DefaultMavenResourcesFiltering - Copying 1 resource from src\main\resources to target\classes
2025-12-14 15:46:15,607 [Worker-25: Building] INFO  o.a.m.s.f.DefaultMavenResourcesFiltering - Copying 0 resource from src\main\resources to target\classes
2025-12-14 15:46:15,616 [Worker-25: Building] INFO  o.a.m.s.f.DefaultMavenResourcesFiltering - skip non existing resourceDirectory C:\Users\flame\Documents\eclipseProjects\mediaLogic\SampleAPI\src\test\resources
2025-12-14 15:46:15,633 [Worker-7: Download sources and javadoc] INFO  o.e.m.c.i.e.AbstractTransferListenerAdapter - Downloaded https://repo.maven.apache.org/maven2/org/springdoc/springdoc-openapi-starter-webmvc-ui/3.1/springdoc-openapi-starter-webmvc-ui-3.1-javadoc.jar
2025-12-14 15:46:15,637 [Worker-7: Download sources and javadoc] ERROR o.e.m.j.internal.DownloadSourcesJob - Could not download javadoc for org.springdoc:springdoc-openapi-starter-webmvc-ui:3.1
org.eclipse.core.runtime.CoreException: Could not resolve artifact org.springdoc:springdoc-openapi-starter-webmvc-ui:jar:javadoc:3.1
	at org.eclipse.m2e.core.internal.embedder.MavenImpl.lambda$7(MavenImpl.java:540)
	at org.eclipse.m2e.core.internal.embedder.MavenExecutionContext.executeBare(MavenExecutionContext.java:458)
	at org.eclipse.m2e.core.internal.embedder.MavenExecutionContext.execute(MavenExecutionContext.java:292)
	at org.eclipse.m2e.core.internal.embedder.MavenExecutionContext.execute(MavenExecutionContext.java:278)
	at org.eclipse.m2e.core.internal.embedder.MavenImpl.resolve(MavenImpl.java:509)
	at org.eclipse.m2e.core.internal.embedder.MavenImpl.resolve(MavenImpl.java:494)
	at org.eclipse.m2e.jdt.internal.DownloadSourcesJob.download(DownloadSourcesJob.java:308)
	at org.eclipse.m2e.jdt.internal.DownloadSourcesJob.downloadAttachments(DownloadSourcesJob.java:294)
	at org.eclipse.m2e.jdt.internal.DownloadSourcesJob.downloadMaven(DownloadSourcesJob.java:252)
	at org.eclipse.m2e.jdt.internal.DownloadSourcesJob.downloadFilesAndPopulateToUpdate(DownloadSourcesJob.java:220)
	at org.eclipse.m2e.jdt.internal.DownloadSourcesJob.lambda$0(DownloadSourcesJob.java:149)
	at org.eclipse.m2e.core.internal.embedder.MavenExecutionContext.executeBare(MavenExecutionContext.java:458)
	at org.eclipse.m2e.core.internal.embedder.MavenExecutionContext.execute(MavenExecutionContext.java:339)
	at org.eclipse.m2e.core.internal.embedder.MavenExecutionContext.execute(MavenExecutionContext.java:278)
	at org.eclipse.m2e.core.embedder.IMaven.execute(IMaven.java:300)
	at org.eclipse.m2e.jdt.internal.DownloadSourcesJob.run(DownloadSourcesJob.java:149)
	at org.eclipse.core.internal.jobs.Worker.run(Worker.java:63)
2025-12-14 15:46:57,422 [Worker-0: Building] INFO  o.e.m.c.i.l.LifecycleMappingFactory - Using org.eclipse.m2e.jdt.JarLifecycleMapping lifecycle mapping for MavenProject: com.example:SampleAPI:0.0.1-SNAPSHOT @ C:\Users\flame\Documents\eclipseProjects\mediaLogic\SampleAPI\pom.xml.
2025-12-14 15:46:57,802 [Worker-0: Building] INFO  o.e.m.c.i.e.AbstractTransferListenerAdapter - Downloading https://repo.maven.apache.org/maven2/org/springdoc/springdoc-openapi-starter-webmvc-ui/2.8.14/springdoc-openapi-starter-webmvc-ui-2.8.14.pom
2025-12-14 15:46:57,871 [Worker-0: Building] INFO  o.e.m.c.i.e.AbstractTransferListenerAdapter - Downloaded https://repo.maven.apache.org/maven2/org/springdoc/springdoc-openapi-starter-webmvc-ui/2.8.14/springdoc-openapi-starter-webmvc-ui-2.8.14.pom
2025-12-14 15:46:57,919 [Worker-0: Building] INFO  o.e.m.c.i.e.AbstractTransferListenerAdapter - Downloading https://repo.maven.apache.org/maven2/org/springdoc/springdoc-openapi/2.8.14/springdoc-openapi-2.8.14.pom
2025-12-14 15:46:57,978 [Worker-0: Building] INFO  o.e.m.c.i.e.AbstractTransferListenerAdapter - Downloaded https://repo.maven.apache.org/maven2/org/springdoc/springdoc-openapi/2.8.14/springdoc-openapi-2.8.14.pom
2025-12-14 15:46:58,047 [Worker-0: Building] INFO  o.e.m.c.i.e.AbstractTransferListenerAdapter - Downloading https://repo.maven.apache.org/maven2/org/springframework/cloud/spring-cloud-function-dependencies/4.2.2/spring-cloud-function-dependencies-4.2.2.pom
2025-12-14 15:46:58,097 [Worker-0: Building] INFO  o.e.m.c.i.e.AbstractTransferListenerAdapter - Downloaded https://repo.maven.apache.org/maven2/org/springframework/cloud/spring-cloud-function-dependencies/4.2.2/spring-cloud-function-dependencies-4.2.2.pom
2025-12-14 15:46:58,143 [Worker-0: Building] INFO  o.e.m.c.i.e.AbstractTransferListenerAdapter - Downloading https://repo.maven.apache.org/maven2/org/springframework/cloud/spring-cloud-dependencies-parent/4.2.1/spring-cloud-dependencies-parent-4.2.1.pom
2025-12-14 15:46:58,183 [Worker-0: Building] INFO  o.e.m.c.i.e.AbstractTransferListenerAdapter - Downloaded https://repo.maven.apache.org/maven2/org/springframework/cloud/spring-cloud-dependencies-parent/4.2.1/spring-cloud-dependencies-parent-4.2.1.pom
2025-12-14 15:46:58,340 [Worker-0: Building] INFO  o.e.m.c.i.e.AbstractTransferListenerAdapter - Downloading https://repo.maven.apache.org/maven2/org/springdoc/springdoc-openapi-starter-webmvc-api/2.8.14/springdoc-openapi-starter-webmvc-api-2.8.14.pom
2025-12-14 15:46:58,382 [Worker-0: Building] INFO  o.e.m.c.i.e.AbstractTransferListenerAdapter - Downloaded https://repo.maven.apache.org/maven2/org/springdoc/springdoc-openapi-starter-webmvc-api/2.8.14/springdoc-openapi-starter-webmvc-api-2.8.14.pom
2025-12-14 15:46:58,433 [Worker-0: Building] INFO  o.e.m.c.i.e.AbstractTransferListenerAdapter - Downloading https://repo.maven.apache.org/maven2/org/springdoc/springdoc-openapi-starter-common/2.8.14/springdoc-openapi-starter-common-2.8.14.pom
2025-12-14 15:46:58,482 [Worker-0: Building] INFO  o.e.m.c.i.e.AbstractTransferListenerAdapter - Downloaded https://repo.maven.apache.org/maven2/org/springdoc/springdoc-openapi-starter-common/2.8.14/springdoc-openapi-starter-common-2.8.14.pom
2025-12-14 15:46:58,529 [Worker-0: Building] INFO  o.e.m.c.i.e.AbstractTransferListenerAdapter - Downloading https://repo.maven.apache.org/maven2/io/swagger/core/v3/swagger-core-jakarta/2.2.38/swagger-core-jakarta-2.2.38.pom
2025-12-14 15:46:58,570 [Worker-0: Building] INFO  o.e.m.c.i.e.AbstractTransferListenerAdapter - Downloaded https://repo.maven.apache.org/maven2/io/swagger/core/v3/swagger-core-jakarta/2.2.38/swagger-core-jakarta-2.2.38.pom
2025-12-14 15:46:58,631 [Worker-0: Building] INFO  o.e.m.c.i.e.AbstractTransferListenerAdapter - Downloading https://repo.maven.apache.org/maven2/io/swagger/core/v3/swagger-project-jakarta/2.2.38/swagger-project-jakarta-2.2.38.pom
2025-12-14 15:46:58,674 [Worker-0: Building] INFO  o.e.m.c.i.e.AbstractTransferListenerAdapter - Downloaded https://repo.maven.apache.org/maven2/io/swagger/core/v3/swagger-project-jakarta/2.2.38/swagger-project-jakarta-2.2.38.pom
2025-12-14 15:46:58,758 [Worker-0: Building] INFO  o.e.m.c.i.e.AbstractTransferListenerAdapter - Downloading https://repo.maven.apache.org/maven2/io/swagger/core/v3/swagger-annotations-jakarta/2.2.38/swagger-annotations-jakarta-2.2.38.pom
2025-12-14 15:46:58,797 [Worker-0: Building] INFO  o.e.m.c.i.e.AbstractTransferListenerAdapter - Downloaded https://repo.maven.apache.org/maven2/io/swagger/core/v3/swagger-annotations-jakarta/2.2.38/swagger-annotations-jakarta-2.2.38.pom
2025-12-14 15:46:58,844 [Worker-0: Building] INFO  o.e.m.c.i.e.AbstractTransferListenerAdapter - Downloading https://repo.maven.apache.org/maven2/io/swagger/core/v3/swagger-models-jakarta/2.2.38/swagger-models-jakarta-2.2.38.pom
2025-12-14 15:46:58,893 [Worker-0: Building] INFO  o.e.m.c.i.e.AbstractTransferListenerAdapter - Downloaded https://repo.maven.apache.org/maven2/io/swagger/core/v3/swagger-models-jakarta/2.2.38/swagger-models-jakarta-2.2.38.pom
2025-12-14 15:46:58,960 [Worker-0: Building] INFO  o.e.m.c.i.e.AbstractTransferListenerAdapter - Downloading https://repo.maven.apache.org/maven2/org/webjars/swagger-ui/5.30.1/swagger-ui-5.30.1.pom
2025-12-14 15:46:59,002 [Worker-0: Building] INFO  o.e.m.c.i.e.AbstractTransferListenerAdapter - Downloaded https://repo.maven.apache.org/maven2/org/webjars/swagger-ui/5.30.1/swagger-ui-5.30.1.pom
2025-12-14 15:46:59,063 [Worker-0: Building] INFO  o.e.m.c.i.e.AbstractTransferListenerAdapter - Downloading https://repo.maven.apache.org/maven2/org/webjars/webjars-locator-lite/1.1.2/webjars-locator-lite-1.1.2.pom
2025-12-14 15:46:59,097 [Worker-0: Building] INFO  o.e.m.c.i.e.AbstractTransferListenerAdapter - Downloaded https://repo.maven.apache.org/maven2/org/webjars/webjars-locator-lite/1.1.2/webjars-locator-lite-1.1.2.pom
2025-12-14 15:46:59,295 [Worker-0: Building] INFO  o.e.m.c.i.e.AbstractTransferListenerAdapter - Downloading https://repo.maven.apache.org/maven2/org/springdoc/springdoc-openapi-starter-webmvc-ui/2.8.14/springdoc-openapi-starter-webmvc-ui-2.8.14.jar
2025-12-14 15:46:59,933 [Worker-0: Building] INFO  o.e.m.c.i.e.AbstractTransferListenerAdapter - Downloaded https://repo.maven.apache.org/maven2/org/springdoc/springdoc-openapi-starter-webmvc-ui/2.8.14/springdoc-openapi-starter-webmvc-ui-2.8.14.jar
2025-12-14 15:46:59,986 [BasicRepositoryConnector-repo.maven.apache.org-0-0] INFO  o.e.m.c.i.e.AbstractTransferListenerAdapter - Downloading https://repo.maven.apache.org/maven2/org/springdoc/springdoc-openapi-starter-webmvc-api/2.8.14/springdoc-openapi-starter-webmvc-api-2.8.14.jar
2025-12-14 15:47:00,042 [BasicRepositoryConnector-repo.maven.apache.org-0-1] INFO  o.e.m.c.i.e.AbstractTransferListenerAdapter - Downloading https://repo.maven.apache.org/maven2/org/springdoc/springdoc-openapi-starter-common/2.8.14/springdoc-openapi-starter-common-2.8.14.jar
2025-12-14 15:47:00,087 [BasicRepositoryConnector-repo.maven.apache.org-0-4] INFO  o.e.m.c.i.e.AbstractTransferListenerAdapter - Downloading https://repo.maven.apache.org/maven2/io/swagger/core/v3/swagger-models-jakarta/2.2.38/swagger-models-jakarta-2.2.38.jar
2025-12-14 15:47:00,088 [BasicRepositoryConnector-repo.maven.apache.org-0-2] INFO  o.e.m.c.i.e.AbstractTransferListenerAdapter - Downloading https://repo.maven.apache.org/maven2/io/swagger/core/v3/swagger-core-jakarta/2.2.38/swagger-core-jakarta-2.2.38.jar
2025-12-14 15:47:00,090 [BasicRepositoryConnector-repo.maven.apache.org-0-3] INFO  o.e.m.c.i.e.AbstractTransferListenerAdapter - Downloading https://repo.maven.apache.org/maven2/io/swagger/core/v3/swagger-annotations-jakarta/2.2.38/swagger-annotations-jakarta-2.2.38.jar
2025-12-14 15:47:00,202 [BasicRepositoryConnector-repo.maven.apache.org-0-3] INFO  o.e.m.c.i.e.AbstractTransferListenerAdapter - Downloaded https://repo.maven.apache.org/maven2/io/swagger/core/v3/swagger-annotations-jakarta/2.2.38/swagger-annotations-jakarta-2.2.38.jar
2025-12-14 15:47:00,203 [BasicRepositoryConnector-repo.maven.apache.org-0-2] INFO  o.e.m.c.i.e.AbstractTransferListenerAdapter - Downloaded https://repo.maven.apache.org/maven2/io/swagger/core/v3/swagger-core-jakarta/2.2.38/swagger-core-jakarta-2.2.38.jar
2025-12-14 15:47:00,212 [BasicRepositoryConnector-repo.maven.apache.org-0-4] INFO  o.e.m.c.i.e.AbstractTransferListenerAdapter - Downloaded https://repo.maven.apache.org/maven2/io/swagger/core/v3/swagger-models-jakarta/2.2.38/swagger-models-jakarta-2.2.38.jar
2025-12-14 15:47:00,219 [BasicRepositoryConnector-repo.maven.apache.org-0-1] INFO  o.e.m.c.i.e.AbstractTransferListenerAdapter - Downloaded https://repo.maven.apache.org/maven2/org/springdoc/springdoc-openapi-starter-common/2.8.14/springdoc-openapi-starter-common-2.8.14.jar
2025-12-14 15:47:00,272 [BasicRepositoryConnector-repo.maven.apache.org-0-2] INFO  o.e.m.c.i.e.AbstractTransferListenerAdapter - Downloading https://repo.maven.apache.org/maven2/org/webjars/webjars-locator-lite/1.1.2/webjars-locator-lite-1.1.2.jar
2025-12-14 15:47:00,272 [BasicRepositoryConnector-repo.maven.apache.org-0-3] INFO  o.e.m.c.i.e.AbstractTransferListenerAdapter - Downloading https://repo.maven.apache.org/maven2/org/webjars/swagger-ui/5.30.1/swagger-ui-5.30.1.jar
2025-12-14 15:47:00,385 [BasicRepositoryConnector-repo.maven.apache.org-0-3] INFO  o.e.m.c.i.e.AbstractTransferListenerAdapter - Downloaded https://repo.maven.apache.org/maven2/org/webjars/swagger-ui/5.30.1/swagger-ui-5.30.1.jar
2025-12-14 15:47:00,533 [BasicRepositoryConnector-repo.maven.apache.org-0-2] INFO  o.e.m.c.i.e.AbstractTransferListenerAdapter - Downloaded https://repo.maven.apache.org/maven2/org/webjars/webjars-locator-lite/1.1.2/webjars-locator-lite-1.1.2.jar
2025-12-14 15:47:00,818 [BasicRepositoryConnector-repo.maven.apache.org-0-0] INFO  o.e.m.c.i.e.AbstractTransferListenerAdapter - Downloaded https://repo.maven.apache.org/maven2/org/springdoc/springdoc-openapi-starter-webmvc-api/2.8.14/springdoc-openapi-starter-webmvc-api-2.8.14.jar
2025-12-14 15:47:01,506 [Worker-0: Building] INFO  o.a.m.s.f.DefaultMavenResourcesFiltering - Copying 0 resource from src\main\resources to target\classes
2025-12-14 15:47:01,507 [Worker-0: Building] INFO  o.a.m.s.f.DefaultMavenResourcesFiltering - Copying 0 resource from src\main\resources to target\classes
2025-12-14 15:47:01,512 [Worker-0: Building] INFO  o.a.m.s.f.DefaultMavenResourcesFiltering - skip non existing resourceDirectory C:\Users\flame\Documents\eclipseProjects\mediaLogic\SampleAPI\src\test\resources
2025-12-14 15:47:02,726 [Worker-19: Download sources and javadoc] INFO  o.e.m.c.i.e.AbstractTransferListenerAdapter - Downloading https://repo.maven.apache.org/maven2/org/springdoc/springdoc-openapi-starter-webmvc-ui/2.8.14/springdoc-openapi-starter-webmvc-ui-2.8.14-sources.jar
2025-12-14 15:47:03,319 [Worker-11: Building] INFO  o.a.m.s.f.DefaultMavenResourcesFiltering - Copying 1 resource from src\main\resources to target\classes
2025-12-14 15:47:03,385 [Worker-11: Building] INFO  o.a.m.s.f.DefaultMavenResourcesFiltering - Copying 0 resource from src\main\resources to target\classes
2025-12-14 15:47:03,393 [Worker-11: Building] INFO  o.a.m.s.f.DefaultMavenResourcesFiltering - skip non existing resourceDirectory C:\Users\flame\Documents\eclipseProjects\mediaLogic\SampleAPI\src\test\resources
2025-12-14 15:47:03,691 [Worker-19: Download sources and javadoc] INFO  o.e.m.c.i.e.AbstractTransferListenerAdapter - Downloaded https://repo.maven.apache.org/maven2/org/springdoc/springdoc-openapi-starter-webmvc-ui/2.8.14/springdoc-openapi-starter-webmvc-ui-2.8.14-sources.jar
2025-12-14 15:47:03,738 [Worker-19: Download sources and javadoc] INFO  o.e.m.j.internal.DownloadSourcesJob - Downloaded sources for org.springdoc:springdoc-openapi-starter-webmvc-ui:2.8.14
2025-12-14 15:47:03,856 [Worker-19: Download sources and javadoc] INFO  o.e.m.c.i.e.AbstractTransferListenerAdapter - Downloading https://repo.maven.apache.org/maven2/org/springdoc/springdoc-openapi-starter-webmvc-api/2.8.14/springdoc-openapi-starter-webmvc-api-2.8.14-sources.jar
2025-12-14 15:47:04,537 [Worker-19: Download sources and javadoc] INFO  o.e.m.c.i.e.AbstractTransferListenerAdapter - Downloaded https://repo.maven.apache.org/maven2/org/springdoc/springdoc-openapi-starter-webmvc-api/2.8.14/springdoc-openapi-starter-webmvc-api-2.8.14-sources.jar
2025-12-14 15:47:04,543 [Worker-19: Download sources and javadoc] INFO  o.e.m.j.internal.DownloadSourcesJob - Downloaded sources for org.springdoc:springdoc-openapi-starter-webmvc-api:2.8.14
2025-12-14 15:47:04,630 [Worker-19: Download sources and javadoc] INFO  o.e.m.c.i.e.AbstractTransferListenerAdapter - Downloading https://repo.maven.apache.org/maven2/org/springdoc/springdoc-openapi-starter-common/2.8.14/springdoc-openapi-starter-common-2.8.14-sources.jar
2025-12-14 15:47:04,717 [Worker-19: Download sources and javadoc] INFO  o.e.m.c.i.e.AbstractTransferListenerAdapter - Downloaded https://repo.maven.apache.org/maven2/org/springdoc/springdoc-openapi-starter-common/2.8.14/springdoc-openapi-starter-common-2.8.14-sources.jar
2025-12-14 15:47:04,724 [Worker-19: Download sources and javadoc] INFO  o.e.m.j.internal.DownloadSourcesJob - Downloaded sources for org.springdoc:springdoc-openapi-starter-common:2.8.14
2025-12-14 15:47:04,814 [Worker-19: Download sources and javadoc] INFO  o.e.m.c.i.e.AbstractTransferListenerAdapter - Downloading https://repo.maven.apache.org/maven2/io/swagger/core/v3/swagger-core-jakarta/2.2.38/swagger-core-jakarta-2.2.38-sources.jar
2025-12-14 15:47:04,881 [Worker-19: Download sources and javadoc] INFO  o.e.m.c.i.e.AbstractTransferListenerAdapter - Downloaded https://repo.maven.apache.org/maven2/io/swagger/core/v3/swagger-core-jakarta/2.2.38/swagger-core-jakarta-2.2.38-sources.jar
2025-12-14 15:47:04,888 [Worker-19: Download sources and javadoc] INFO  o.e.m.j.internal.DownloadSourcesJob - Downloaded sources for io.swagger.core.v3:swagger-core-jakarta:2.2.38
2025-12-14 15:47:05,029 [Worker-19: Download sources and javadoc] INFO  o.e.m.c.i.e.AbstractTransferListenerAdapter - Downloading https://repo.maven.apache.org/maven2/io/swagger/core/v3/swagger-annotations-jakarta/2.2.38/swagger-annotations-jakarta-2.2.38-sources.jar
2025-12-14 15:47:05,069 [Worker-19: Download sources and javadoc] INFO  o.e.m.c.i.e.AbstractTransferListenerAdapter - Downloaded https://repo.maven.apache.org/maven2/io/swagger/core/v3/swagger-annotations-jakarta/2.2.38/swagger-annotations-jakarta-2.2.38-sources.jar
2025-12-14 15:47:05,074 [Worker-19: Download sources and javadoc] INFO  o.e.m.j.internal.DownloadSourcesJob - Downloaded sources for io.swagger.core.v3:swagger-annotations-jakarta:2.2.38
2025-12-14 15:47:05,171 [Worker-19: Download sources and javadoc] INFO  o.e.m.c.i.e.AbstractTransferListenerAdapter - Downloading https://repo.maven.apache.org/maven2/io/swagger/core/v3/swagger-models-jakarta/2.2.38/swagger-models-jakarta-2.2.38-sources.jar
2025-12-14 15:47:05,218 [Worker-19: Download sources and javadoc] INFO  o.e.m.c.i.e.AbstractTransferListenerAdapter - Downloaded https://repo.maven.apache.org/maven2/io/swagger/core/v3/swagger-models-jakarta/2.2.38/swagger-models-jakarta-2.2.38-sources.jar
2025-12-14 15:47:05,224 [Worker-19: Download sources and javadoc] INFO  o.e.m.j.internal.DownloadSourcesJob - Downloaded sources for io.swagger.core.v3:swagger-models-jakarta:2.2.38
2025-12-14 15:47:05,541 [Worker-19: Download sources and javadoc] INFO  o.e.m.c.i.e.AbstractTransferListenerAdapter - Downloaded https://repo.maven.apache.org/maven2/org/webjars/swagger-ui/5.30.1/swagger-ui-5.30.1-sources.jar
2025-12-14 15:47:05,544 [Worker-19: Download sources and javadoc] ERROR o.e.m.j.internal.DownloadSourcesJob - Could not download sources for org.webjars:swagger-ui:5.30.1
org.eclipse.core.runtime.CoreException: Could not resolve artifact org.webjars:swagger-ui:jar:sources:5.30.1
	at org.eclipse.m2e.core.internal.embedder.MavenImpl.lambda$7(MavenImpl.java:540)
	at org.eclipse.m2e.core.internal.embedder.MavenExecutionContext.executeBare(MavenExecutionContext.java:458)
	at org.eclipse.m2e.core.internal.embedder.MavenExecutionContext.execute(MavenExecutionContext.java:292)
	at org.eclipse.m2e.core.internal.embedder.MavenExecutionContext.execute(MavenExecutionContext.java:278)
	at org.eclipse.m2e.core.internal.embedder.MavenImpl.resolve(MavenImpl.java:509)
	at org.eclipse.m2e.core.internal.embedder.MavenImpl.resolve(MavenImpl.java:494)
	at org.eclipse.m2e.jdt.internal.DownloadSourcesJob.download(DownloadSourcesJob.java:308)
	at org.eclipse.m2e.jdt.internal.DownloadSourcesJob.downloadAttachments(DownloadSourcesJob.java:282)
	at org.eclipse.m2e.jdt.internal.DownloadSourcesJob.downloadMaven(DownloadSourcesJob.java:252)
	at org.eclipse.m2e.jdt.internal.DownloadSourcesJob.downloadFilesAndPopulateToUpdate(DownloadSourcesJob.java:220)
	at org.eclipse.m2e.jdt.internal.DownloadSourcesJob.lambda$0(DownloadSourcesJob.java:149)
	at org.eclipse.m2e.core.internal.embedder.MavenExecutionContext.executeBare(MavenExecutionContext.java:458)
	at org.eclipse.m2e.core.internal.embedder.MavenExecutionContext.execute(MavenExecutionContext.java:339)
	at org.eclipse.m2e.core.internal.embedder.MavenExecutionContext.execute(MavenExecutionContext.java:278)
	at org.eclipse.m2e.core.embedder.IMaven.execute(IMaven.java:300)
	at org.eclipse.m2e.jdt.internal.DownloadSourcesJob.run(DownloadSourcesJob.java:149)
	at org.eclipse.core.internal.jobs.Worker.run(Worker.java:63)
2025-12-14 15:47:05,630 [Worker-19: Download sources and javadoc] INFO  o.e.m.c.i.e.AbstractTransferListenerAdapter - Downloading https://repo.maven.apache.org/maven2/org/webjars/webjars-locator-lite/1.1.2/webjars-locator-lite-1.1.2-sources.jar
2025-12-14 15:47:05,739 [Worker-19: Download sources and javadoc] INFO  o.e.m.c.i.e.AbstractTransferListenerAdapter - Downloaded https://repo.maven.apache.org/maven2/org/webjars/webjars-locator-lite/1.1.2/webjars-locator-lite-1.1.2-sources.jar
2025-12-14 15:47:05,743 [Worker-19: Download sources and javadoc] INFO  o.e.m.j.internal.DownloadSourcesJob - Downloaded sources for org.webjars:webjars-locator-lite:1.1.2
2025-12-14 15:47:08,677 [Worker-25: Launching SampleAPI] INFO  o.eclipse.m2e.core.internal.Bundles - getClasspathEntries(Bundle=org.eclipse.m2e.maven.runtime_3.9.900.20240824-1409 [642])
2025-12-14 15:47:08,680 [Worker-25: Launching SampleAPI] INFO  o.eclipse.m2e.core.internal.Bundles - 	Entry: C:\Users\flame\.p2\pool\plugins\org.eclipse.m2e.maven.runtime_3.9.900.20240824-1409
2025-12-14 15:47:08,680 [Worker-25: Launching SampleAPI] INFO  o.eclipse.m2e.core.internal.Bundles - 	Entry: C:\Users\flame\.p2\pool\plugins\org.eclipse.m2e.maven.runtime_3.9.900.20240824-1409\jars\aopalliance-1.0.jar
2025-12-14 15:47:08,681 [Worker-25: Launching SampleAPI] INFO  o.eclipse.m2e.core.internal.Bundles - 	Entry: C:\Users\flame\.p2\pool\plugins\org.eclipse.m2e.maven.runtime_3.9.900.20240824-1409\jars\guice-5.1.0.jar
2025-12-14 15:47:08,681 [Worker-25: Launching SampleAPI] INFO  o.eclipse.m2e.core.internal.Bundles - 	Entry: C:\Users\flame\.p2\pool\plugins\org.eclipse.m2e.maven.runtime_3.9.900.20240824-1409\jars\httpclient-4.5.14.jar
2025-12-14 15:47:08,682 [Worker-25: Launching SampleAPI] INFO  o.eclipse.m2e.core.internal.Bundles - 	Entry: C:\Users\flame\.p2\pool\plugins\org.eclipse.m2e.maven.runtime_3.9.900.20240824-1409\jars\httpcore-4.4.16.jar
2025-12-14 15:47:08,682 [Worker-25: Launching SampleAPI] INFO  o.eclipse.m2e.core.internal.Bundles - 	Entry: C:\Users\flame\.p2\pool\plugins\org.eclipse.m2e.maven.runtime_3.9.900.20240824-1409\jars\jansi-2.4.1.jar
2025-12-14 15:47:08,683 [Worker-25: Launching SampleAPI] INFO  o.eclipse.m2e.core.internal.Bundles - 	Entry: C:\Users\flame\.p2\pool\plugins\org.eclipse.m2e.maven.runtime_3.9.900.20240824-1409\jars\jcl-over-slf4j-1.7.36.jar
2025-12-14 15:47:08,683 [Worker-25: Launching SampleAPI] INFO  o.eclipse.m2e.core.internal.Bundles - 	Entry: C:\Users\flame\.p2\pool\plugins\org.eclipse.m2e.maven.runtime_3.9.900.20240824-1409\jars\maven-artifact-3.9.9.jar
2025-12-14 15:47:08,683 [Worker-25: Launching SampleAPI] INFO  o.eclipse.m2e.core.internal.Bundles - 	Entry: C:\Users\flame\.p2\pool\plugins\org.eclipse.m2e.maven.runtime_3.9.900.20240824-1409\jars\maven-builder-support-3.9.9.jar
2025-12-14 15:47:08,683 [Worker-25: Launching SampleAPI] INFO  o.eclipse.m2e.core.internal.Bundles - 	Entry: C:\Users\flame\.p2\pool\plugins\org.eclipse.m2e.maven.runtime_3.9.900.20240824-1409\jars\maven-compat-3.9.9.jar
2025-12-14 15:47:08,684 [Worker-25: Launching SampleAPI] INFO  o.eclipse.m2e.core.internal.Bundles - 	Entry: C:\Users\flame\.p2\pool\plugins\org.eclipse.m2e.maven.runtime_3.9.900.20240824-1409\jars\maven-core-3.9.9.jar
2025-12-14 15:47:08,684 [Worker-25: Launching SampleAPI] INFO  o.eclipse.m2e.core.internal.Bundles - 	Entry: C:\Users\flame\.p2\pool\plugins\org.eclipse.m2e.maven.runtime_3.9.900.20240824-1409\jars\maven-embedder-3.9.9.jar
2025-12-14 15:47:08,685 [Worker-25: Launching SampleAPI] INFO  o.eclipse.m2e.core.internal.Bundles - 	Entry: C:\Users\flame\.p2\pool\plugins\org.eclipse.m2e.maven.runtime_3.9.900.20240824-1409\jars\maven-model-3.9.9.jar
2025-12-14 15:47:08,685 [Worker-25: Launching SampleAPI] INFO  o.eclipse.m2e.core.internal.Bundles - 	Entry: C:\Users\flame\.p2\pool\plugins\org.eclipse.m2e.maven.runtime_3.9.900.20240824-1409\jars\maven-model-builder-3.9.9.jar
2025-12-14 15:47:08,686 [Worker-25: Launching SampleAPI] INFO  o.eclipse.m2e.core.internal.Bundles - 	Entry: C:\Users\flame\.p2\pool\plugins\org.eclipse.m2e.maven.runtime_3.9.900.20240824-1409\jars\maven-plugin-api-3.9.9.jar
2025-12-14 15:47:08,686 [Worker-25: Launching SampleAPI] INFO  o.eclipse.m2e.core.internal.Bundles - 	Entry: C:\Users\flame\.p2\pool\plugins\org.eclipse.m2e.maven.runtime_3.9.900.20240824-1409\jars\maven-repository-metadata-3.9.9.jar
2025-12-14 15:47:08,686 [Worker-25: Launching SampleAPI] INFO  o.eclipse.m2e.core.internal.Bundles - 	Entry: C:\Users\flame\.p2\pool\plugins\org.eclipse.m2e.maven.runtime_3.9.900.20240824-1409\jars\maven-resolver-api-1.9.22.jar
2025-12-14 15:47:08,686 [Worker-25: Launching SampleAPI] INFO  o.eclipse.m2e.core.internal.Bundles - 	Entry: C:\Users\flame\.p2\pool\plugins\org.eclipse.m2e.maven.runtime_3.9.900.20240824-1409\jars\maven-resolver-connector-basic-1.9.22.jar
2025-12-14 15:47:08,686 [Worker-25: Launching SampleAPI] INFO  o.eclipse.m2e.core.internal.Bundles - 	Entry: C:\Users\flame\.p2\pool\plugins\org.eclipse.m2e.maven.runtime_3.9.900.20240824-1409\jars\maven-resolver-impl-1.9.22.jar
2025-12-14 15:47:08,687 [Worker-25: Launching SampleAPI] INFO  o.eclipse.m2e.core.internal.Bundles - 	Entry: C:\Users\flame\.p2\pool\plugins\org.eclipse.m2e.maven.runtime_3.9.900.20240824-1409\jars\maven-resolver-named-locks-1.9.22.jar
2025-12-14 15:47:08,687 [Worker-25: Launching SampleAPI] INFO  o.eclipse.m2e.core.internal.Bundles - 	Entry: C:\Users\flame\.p2\pool\plugins\org.eclipse.m2e.maven.runtime_3.9.900.20240824-1409\jars\maven-resolver-provider-3.9.9.jar
2025-12-14 15:47:08,687 [Worker-25: Launching SampleAPI] INFO  o.eclipse.m2e.core.internal.Bundles - 	Entry: C:\Users\flame\.p2\pool\plugins\org.eclipse.m2e.maven.runtime_3.9.900.20240824-1409\jars\maven-resolver-spi-1.9.22.jar
2025-12-14 15:47:08,687 [Worker-25: Launching SampleAPI] INFO  o.eclipse.m2e.core.internal.Bundles - 	Entry: C:\Users\flame\.p2\pool\plugins\org.eclipse.m2e.maven.runtime_3.9.900.20240824-1409\jars\maven-resolver-transport-file-1.9.22.jar
2025-12-14 15:47:08,687 [Worker-25: Launching SampleAPI] INFO  o.eclipse.m2e.core.internal.Bundles - 	Entry: C:\Users\flame\.p2\pool\plugins\org.eclipse.m2e.maven.runtime_3.9.900.20240824-1409\jars\maven-resolver-transport-http-1.9.22.jar
2025-12-14 15:47:08,688 [Worker-25: Launching SampleAPI] INFO  o.eclipse.m2e.core.internal.Bundles - 	Entry: C:\Users\flame\.p2\pool\plugins\org.eclipse.m2e.maven.runtime_3.9.900.20240824-1409\jars\maven-resolver-transport-wagon-1.9.22.jar
2025-12-14 15:47:08,688 [Worker-25: Launching SampleAPI] INFO  o.eclipse.m2e.core.internal.Bundles - 	Entry: C:\Users\flame\.p2\pool\plugins\org.eclipse.m2e.maven.runtime_3.9.900.20240824-1409\jars\maven-resolver-util-1.9.22.jar
2025-12-14 15:47:08,688 [Worker-25: Launching SampleAPI] INFO  o.eclipse.m2e.core.internal.Bundles - 	Entry: C:\Users\flame\.p2\pool\plugins\org.eclipse.m2e.maven.runtime_3.9.900.20240824-1409\jars\maven-settings-3.9.9.jar
2025-12-14 15:47:08,688 [Worker-25: Launching SampleAPI] INFO  o.eclipse.m2e.core.internal.Bundles - 	Entry: C:\Users\flame\.p2\pool\plugins\org.eclipse.m2e.maven.runtime_3.9.900.20240824-1409\jars\maven-settings-builder-3.9.9.jar
2025-12-14 15:47:08,688 [Worker-25: Launching SampleAPI] INFO  o.eclipse.m2e.core.internal.Bundles - 	Entry: C:\Users\flame\.p2\pool\plugins\org.eclipse.m2e.maven.runtime_3.9.900.20240824-1409\jars\maven-shared-utils-3.4.2.jar
2025-12-14 15:47:08,688 [Worker-25: Launching SampleAPI] INFO  o.eclipse.m2e.core.internal.Bundles - 	Entry: C:\Users\flame\.p2\pool\plugins\org.eclipse.m2e.maven.runtime_3.9.900.20240824-1409\jars\org.eclipse.sisu.inject-0.9.0.M3.jar
2025-12-14 15:47:08,688 [Worker-25: Launching SampleAPI] INFO  o.eclipse.m2e.core.internal.Bundles - 	Entry: C:\Users\flame\.p2\pool\plugins\org.eclipse.m2e.maven.runtime_3.9.900.20240824-1409\jars\org.eclipse.sisu.plexus-0.9.0.M3.jar
2025-12-14 15:47:08,688 [Worker-25: Launching SampleAPI] INFO  o.eclipse.m2e.core.internal.Bundles - 	Entry: C:\Users\flame\.p2\pool\plugins\org.eclipse.m2e.maven.runtime_3.9.900.20240824-1409\jars\plexus-build-api-0.0.7.jar
2025-12-14 15:47:08,689 [Worker-25: Launching SampleAPI] INFO  o.eclipse.m2e.core.internal.Bundles - 	Entry: C:\Users\flame\.p2\pool\plugins\org.eclipse.m2e.maven.runtime_3.9.900.20240824-1409\jars\plexus-build-api-1.2.0.jar
2025-12-14 15:47:08,689 [Worker-25: Launching SampleAPI] INFO  o.eclipse.m2e.core.internal.Bundles - 	Entry: C:\Users\flame\.p2\pool\plugins\org.eclipse.m2e.maven.runtime_3.9.900.20240824-1409\jars\plexus-cipher-2.0.jar
2025-12-14 15:47:08,689 [Worker-25: Launching SampleAPI] INFO  o.eclipse.m2e.core.internal.Bundles - 	Entry: C:\Users\flame\.p2\pool\plugins\org.eclipse.m2e.maven.runtime_3.9.900.20240824-1409\jars\plexus-classworlds-2.8.0.jar
2025-12-14 15:47:08,689 [Worker-25: Launching SampleAPI] INFO  o.eclipse.m2e.core.internal.Bundles - 	Entry: C:\Users\flame\.p2\pool\plugins\org.eclipse.m2e.maven.runtime_3.9.900.20240824-1409\jars\plexus-component-annotations-2.1.0.jar
2025-12-14 15:47:08,690 [Worker-25: Launching SampleAPI] INFO  o.eclipse.m2e.core.internal.Bundles - 	Entry: C:\Users\flame\.p2\pool\plugins\org.eclipse.m2e.maven.runtime_3.9.900.20240824-1409\jars\plexus-interpolation-1.27.jar
2025-12-14 15:47:08,690 [Worker-25: Launching SampleAPI] INFO  o.eclipse.m2e.core.internal.Bundles - 	Entry: C:\Users\flame\.p2\pool\plugins\org.eclipse.m2e.maven.runtime_3.9.900.20240824-1409\jars\plexus-sec-dispatcher-2.0.jar
2025-12-14 15:47:08,690 [Worker-25: Launching SampleAPI] INFO  o.eclipse.m2e.core.internal.Bundles - 	Entry: C:\Users\flame\.p2\pool\plugins\org.eclipse.m2e.maven.runtime_3.9.900.20240824-1409\jars\plexus-utils-3.5.1.jar
2025-12-14 15:47:08,690 [Worker-25: Launching SampleAPI] INFO  o.eclipse.m2e.core.internal.Bundles - 	Entry: C:\Users\flame\.p2\pool\plugins\org.eclipse.m2e.maven.runtime_3.9.900.20240824-1409\jars\plexus-xml-3.0.1.jar
2025-12-14 15:47:08,690 [Worker-25: Launching SampleAPI] INFO  o.eclipse.m2e.core.internal.Bundles - 	Entry: C:\Users\flame\.p2\pool\plugins\org.eclipse.m2e.maven.runtime_3.9.900.20240824-1409\jars\wagon-file-3.5.3.jar
2025-12-14 15:47:08,691 [Worker-25: Launching SampleAPI] INFO  o.eclipse.m2e.core.internal.Bundles - 	Entry: C:\Users\flame\.p2\pool\plugins\org.eclipse.m2e.maven.runtime_3.9.900.20240824-1409\jars\wagon-http-3.5.3.jar
2025-12-14 15:47:08,691 [Worker-25: Launching SampleAPI] INFO  o.eclipse.m2e.core.internal.Bundles - 	Entry: C:\Users\flame\.p2\pool\plugins\org.eclipse.m2e.maven.runtime_3.9.900.20240824-1409\jars\wagon-http-shared-3.5.3.jar
2025-12-14 15:47:08,691 [Worker-25: Launching SampleAPI] INFO  o.eclipse.m2e.core.internal.Bundles - 	Entry: C:\Users\flame\.p2\pool\plugins\org.eclipse.m2e.maven.runtime_3.9.900.20240824-1409\jars\wagon-provider-api-3.5.3.jar
2025-12-14 15:47:08,693 [Worker-25: Launching SampleAPI] INFO  o.eclipse.m2e.core.internal.Bundles - getClasspathEntries(Bundle=com.google.guava_33.3.1.jre [1028])
2025-12-14 15:47:08,694 [Worker-25: Launching SampleAPI] INFO  o.eclipse.m2e.core.internal.Bundles - 	Entry: C:\Users\flame\.p2\pool\plugins\com.google.guava_33.3.1.jre.jar
2025-12-14 15:47:08,694 [Worker-25: Launching SampleAPI] INFO  o.eclipse.m2e.core.internal.Bundles - getClasspathEntries(Bundle=slf4j.api_2.0.17 [1152])
2025-12-14 15:47:08,694 [Worker-25: Launching SampleAPI] INFO  o.eclipse.m2e.core.internal.Bundles - 	Entry: C:\Users\flame\.p2\pool\plugins\slf4j.api_2.0.17.jar
2025-12-14 15:47:08,694 [Worker-25: Launching SampleAPI] INFO  o.eclipse.m2e.core.internal.Bundles - getClasspathEntries(Bundle=jakarta.inject.jakarta.inject-api_1.0.5 [34])
2025-12-14 15:47:08,695 [Worker-25: Launching SampleAPI] INFO  o.eclipse.m2e.core.internal.Bundles - 	Entry: C:\Users\flame\.p2\pool\plugins\jakarta.inject.jakarta.inject-api_1.0.5.jar
2025-12-14 15:47:08,695 [Worker-25: Launching SampleAPI] INFO  o.eclipse.m2e.core.internal.Bundles - getClasspathEntries(Bundle=jakarta.annotation-api_1.3.5 [29])
2025-12-14 15:47:08,695 [Worker-25: Launching SampleAPI] INFO  o.eclipse.m2e.core.internal.Bundles - 	Entry: C:\Users\flame\.p2\pool\plugins\jakarta.annotation-api_1.3.5.jar
2025-12-14 15:47:08,695 [Worker-25: Launching SampleAPI] INFO  o.eclipse.m2e.core.internal.Bundles - getClasspathEntries(Bundle=org.apache.commons.cli_1.9.0 [78])
2025-12-14 15:47:08,696 [Worker-25: Launching SampleAPI] INFO  o.eclipse.m2e.core.internal.Bundles - 	Entry: C:\Users\flame\.p2\pool\plugins\org.apache.commons.cli_1.9.0.jar
2025-12-14 15:47:08,696 [Worker-25: Launching SampleAPI] INFO  o.eclipse.m2e.core.internal.Bundles - getClasspathEntries(Bundle=org.apache.commons.commons-codec_1.16.0 [81])
2025-12-14 15:47:08,696 [Worker-25: Launching SampleAPI] INFO  o.eclipse.m2e.core.internal.Bundles - 	Entry: C:\Users\flame\.p2\pool\plugins\org.apache.commons.commons-codec_1.16.0.jar
2025-12-14 15:47:08,696 [Worker-25: Launching SampleAPI] INFO  o.eclipse.m2e.core.internal.Bundles - getClasspathEntries(Bundle=com.google.guava.failureaccess_1.0.2 [17])
2025-12-14 15:47:08,696 [Worker-25: Launching SampleAPI] INFO  o.eclipse.m2e.core.internal.Bundles - 	Entry: C:\Users\flame\.p2\pool\plugins\com.google.guava.failureaccess_1.0.2.jar
2025-12-14 15:47:08,697 [Worker-25: Launching SampleAPI] INFO  o.eclipse.m2e.core.internal.Bundles - getClasspathEntries(Bundle=org.eclipse.m2e.workspace.cli_0.3.1 [654])
2025-12-14 15:47:08,698 [Worker-25: Launching SampleAPI] INFO  o.eclipse.m2e.core.internal.Bundles - 	Entry: C:\Users\flame\.p2\pool\plugins\org.eclipse.m2e.workspace.cli_0.3.1.jar
2025-12-14 15:47:08,705 [Worker-25: Launching SampleAPI] INFO  o.e.m.i.launch.MavenLaunchDelegate - Run build in "C:\Users\flame\Documents\eclipseProjects\mediaLogic\SampleAPI":
2025-12-14 15:47:08,706 [Worker-25: Launching SampleAPI] INFO  o.e.m.i.launch.MavenLaunchDelegate -  mvn  -Ppom.xml -B -X -e -U -Dmaven.test.skip=true -DskipTests -Dstyle.color=always clean install
2025-12-14 15:47:34,669 [Worker-11: Updating Maven Project] INFO  o.e.m.c.i.p.ProjectConfigurationManager - Update started
2025-12-14 15:47:35,196 [Worker-11: Updating Maven Project] INFO  o.e.m.c.i.l.LifecycleMappingFactory - Using org.eclipse.m2e.jdt.JarLifecycleMapping lifecycle mapping for MavenProject: com.example:SampleAPI:0.0.1-SNAPSHOT @ C:\Users\flame\Documents\eclipseProjects\mediaLogic\SampleAPI\pom.xml.
2025-12-14 15:47:36,568 [Worker-11: Updating Maven Project] INFO  o.e.m.j.i.AbstractJavaProjectConfigurator - Adding source folder /SampleAPI/src/main/java
2025-12-14 15:47:36,570 [Worker-11: Updating Maven Project] INFO  o.e.m.j.i.AbstractJavaProjectConfigurator - Adding resource folder /SampleAPI/src/main/resources
2025-12-14 15:47:36,571 [Worker-11: Updating Maven Project] INFO  o.e.m.j.i.AbstractJavaProjectConfigurator - Adding resource folder /SampleAPI/src/main/resources
2025-12-14 15:47:36,572 [Worker-11: Updating Maven Project] INFO  o.e.m.j.i.AbstractJavaProjectConfigurator - Adding source folder /SampleAPI/src/test/java
2025-12-14 15:47:36,573 [Worker-11: Updating Maven Project] INFO  o.e.m.j.i.AbstractJavaProjectConfigurator - Adding resource folder /SampleAPI/src/test/resources
2025-12-14 15:47:36,740 [Worker-11: Updating Maven Project] INFO  o.e.m.jdt.internal.UnitTestSupport - Reset launch configuration name: SampleApiApplicationTests
2025-12-14 15:47:36,741 [Worker-11: Updating Maven Project] INFO  o.e.m.jdt.internal.UnitTestSupport - Updating SampleApiApplicationTests from maven configuration
2025-12-14 15:47:36,938 [Worker-11: Updating Maven Project] INFO  o.e.m.c.i.p.ProjectConfigurationManager - Update completed for 1 poms: local refresh takes 0,00 sec, refresh facades takes 1,00 sec, update config takes 0,00 sec 
2025-12-14 15:47:37,397 [Worker-5: Building] INFO  o.a.m.s.f.DefaultMavenResourcesFiltering - Copying 1 resource from src\main\resources to target\classes
2025-12-14 15:47:37,421 [Worker-5: Building] INFO  o.a.m.s.f.DefaultMavenResourcesFiltering - Copying 0 resource from src\main\resources to target\classes
2025-12-14 15:47:37,429 [Worker-5: Building] INFO  o.a.m.s.f.DefaultMavenResourcesFiltering - skip non existing resourceDirectory C:\Users\flame\Documents\eclipseProjects\mediaLogic\SampleAPI\src\test\resources
2025-12-14 15:47:37,662 [Worker-19: Download sources and javadoc] INFO  o.e.m.c.i.e.AbstractTransferListenerAdapter - Downloaded https://repo.maven.apache.org/maven2/org/webjars/swagger-ui/5.30.1/swagger-ui-5.30.1-javadoc.jar
2025-12-14 15:47:37,666 [Worker-19: Download sources and javadoc] ERROR o.e.m.j.internal.DownloadSourcesJob - Could not download javadoc for org.webjars:swagger-ui:5.30.1
org.eclipse.core.runtime.CoreException: Could not resolve artifact org.webjars:swagger-ui:jar:javadoc:5.30.1
	at org.eclipse.m2e.core.internal.embedder.MavenImpl.lambda$7(MavenImpl.java:540)
	at org.eclipse.m2e.core.internal.embedder.MavenExecutionContext.executeBare(MavenExecutionContext.java:458)
	at org.eclipse.m2e.core.internal.embedder.MavenExecutionContext.execute(MavenExecutionContext.java:292)
	at org.eclipse.m2e.core.internal.embedder.MavenExecutionContext.execute(MavenExecutionContext.java:278)
	at org.eclipse.m2e.core.internal.embedder.MavenImpl.resolve(MavenImpl.java:509)
	at org.eclipse.m2e.core.internal.embedder.MavenImpl.resolve(MavenImpl.java:494)
	at org.eclipse.m2e.jdt.internal.DownloadSourcesJob.download(DownloadSourcesJob.java:308)
	at org.eclipse.m2e.jdt.internal.DownloadSourcesJob.downloadAttachments(DownloadSourcesJob.java:294)
	at org.eclipse.m2e.jdt.internal.DownloadSourcesJob.downloadMaven(DownloadSourcesJob.java:252)
	at org.eclipse.m2e.jdt.internal.DownloadSourcesJob.downloadFilesAndPopulateToUpdate(DownloadSourcesJob.java:220)
	at org.eclipse.m2e.jdt.internal.DownloadSourcesJob.lambda$0(DownloadSourcesJob.java:149)
	at org.eclipse.m2e.core.internal.embedder.MavenExecutionContext.executeBare(MavenExecutionContext.java:458)
	at org.eclipse.m2e.core.internal.embedder.MavenExecutionContext.execute(MavenExecutionContext.java:339)
	at org.eclipse.m2e.core.internal.embedder.MavenExecutionContext.execute(MavenExecutionContext.java:278)
	at org.eclipse.m2e.core.embedder.IMaven.execute(IMaven.java:300)
	at org.eclipse.m2e.jdt.internal.DownloadSourcesJob.run(DownloadSourcesJob.java:149)
	at org.eclipse.core.internal.jobs.Worker.run(Worker.java:63)
2025-12-14 15:51:23,299 [Worker-0: Building] INFO  o.a.m.s.f.DefaultMavenResourcesFiltering - Copying 0 resource from src\main\resources to target\classes
2025-12-14 15:51:23,300 [Worker-0: Building] INFO  o.a.m.s.f.DefaultMavenResourcesFiltering - Copying 0 resource from src\main\resources to target\classes
2025-12-14 15:51:23,304 [Worker-0: Building] INFO  o.a.m.s.f.DefaultMavenResourcesFiltering - skip non existing resourceDirectory C:\Users\flame\Documents\eclipseProjects\mediaLogic\SampleAPI\src\test\resources
2025-12-14 15:52:31,166 [Worker-8: Building] INFO  o.a.m.s.f.DefaultMavenResourcesFiltering - Copying 0 resource from src\main\resources to target\classes
2025-12-14 15:52:31,167 [Worker-8: Building] INFO  o.a.m.s.f.DefaultMavenResourcesFiltering - Copying 0 resource from src\main\resources to target\classes
2025-12-14 15:52:31,171 [Worker-8: Building] INFO  o.a.m.s.f.DefaultMavenResourcesFiltering - skip non existing resourceDirectory C:\Users\flame\Documents\eclipseProjects\mediaLogic\SampleAPI\src\test\resources
2025-12-14 15:53:29,591 [Worker-20: Building] INFO  o.a.m.s.f.DefaultMavenResourcesFiltering - Copying 0 resource from src\main\resources to target\classes
2025-12-14 15:53:29,592 [Worker-20: Building] INFO  o.a.m.s.f.DefaultMavenResourcesFiltering - Copying 0 resource from src\main\resources to target\classes
2025-12-14 15:53:29,597 [Worker-20: Building] INFO  o.a.m.s.f.DefaultMavenResourcesFiltering - skip non existing resourceDirectory C:\Users\flame\Documents\eclipseProjects\mediaLogic\SampleAPI\src\test\resources
2025-12-14 15:53:45,817 [Worker-5: Building] INFO  o.e.m.c.i.l.LifecycleMappingFactory - Using org.eclipse.m2e.jdt.JarLifecycleMapping lifecycle mapping for MavenProject: com.example:SampleAPI:0.0.1-SNAPSHOT @ C:\Users\flame\Documents\eclipseProjects\mediaLogic\SampleAPI\pom.xml.
2025-12-14 15:53:47,145 [Worker-5: Building] INFO  o.e.m.c.i.e.AbstractTransferListenerAdapter - Downloading https://repo.maven.apache.org/maven2/org/projectlombok/lombok/1.18.36/lombok-1.18.36.pom
2025-12-14 15:53:47,185 [Worker-5: Building] INFO  o.e.m.c.i.e.AbstractTransferListenerAdapter - Downloaded https://repo.maven.apache.org/maven2/org/projectlombok/lombok/1.18.36/lombok-1.18.36.pom
2025-12-14 15:53:48,033 [Worker-5: Building] INFO  o.e.m.c.i.e.AbstractTransferListenerAdapter - Downloading https://repo.maven.apache.org/maven2/com/fasterxml/jackson/dataformat/jackson-dataformat-yaml/2.18.2/jackson-dataformat-yaml-2.18.2.pom
2025-12-14 15:53:48,073 [Worker-5: Building] INFO  o.e.m.c.i.e.AbstractTransferListenerAdapter - Downloaded https://repo.maven.apache.org/maven2/com/fasterxml/jackson/dataformat/jackson-dataformat-yaml/2.18.2/jackson-dataformat-yaml-2.18.2.pom
2025-12-14 15:53:48,133 [Worker-5: Building] INFO  o.e.m.c.i.e.AbstractTransferListenerAdapter - Downloading https://repo.maven.apache.org/maven2/com/fasterxml/jackson/dataformat/jackson-dataformats-text/2.18.2/jackson-dataformats-text-2.18.2.pom
2025-12-14 15:53:48,174 [Worker-5: Building] INFO  o.e.m.c.i.e.AbstractTransferListenerAdapter - Downloaded https://repo.maven.apache.org/maven2/com/fasterxml/jackson/dataformat/jackson-dataformats-text/2.18.2/jackson-dataformats-text-2.18.2.pom
2025-12-14 15:53:48,233 [Worker-5: Building] INFO  o.e.m.c.i.e.AbstractTransferListenerAdapter - Downloading https://repo.maven.apache.org/maven2/org/webjars/webjars-locator-lite/1.0.1/webjars-locator-lite-1.0.1.pom
2025-12-14 15:53:48,271 [Worker-5: Building] INFO  o.e.m.c.i.e.AbstractTransferListenerAdapter - Downloaded https://repo.maven.apache.org/maven2/org/webjars/webjars-locator-lite/1.0.1/webjars-locator-lite-1.0.1.pom
2025-12-14 15:53:48,471 [Worker-5: Building] INFO  o.e.m.c.i.e.AbstractTransferListenerAdapter - Downloading https://repo.maven.apache.org/maven2/org/projectlombok/lombok/1.18.36/lombok-1.18.36.jar
2025-12-14 15:53:48,624 [Worker-5: Building] INFO  o.e.m.c.i.e.AbstractTransferListenerAdapter - Downloaded https://repo.maven.apache.org/maven2/org/projectlombok/lombok/1.18.36/lombok-1.18.36.jar
2025-12-14 15:53:48,702 [BasicRepositoryConnector-repo.maven.apache.org-1-1] INFO  o.e.m.c.i.e.AbstractTransferListenerAdapter - Downloading https://repo.maven.apache.org/maven2/org/webjars/webjars-locator-lite/1.0.1/webjars-locator-lite-1.0.1.jar
2025-12-14 15:53:48,724 [BasicRepositoryConnector-repo.maven.apache.org-1-0] INFO  o.e.m.c.i.e.AbstractTransferListenerAdapter - Downloading https://repo.maven.apache.org/maven2/com/fasterxml/jackson/dataformat/jackson-dataformat-yaml/2.18.2/jackson-dataformat-yaml-2.18.2.jar
2025-12-14 15:53:48,765 [BasicRepositoryConnector-repo.maven.apache.org-1-0] INFO  o.e.m.c.i.e.AbstractTransferListenerAdapter - Downloaded https://repo.maven.apache.org/maven2/com/fasterxml/jackson/dataformat/jackson-dataformat-yaml/2.18.2/jackson-dataformat-yaml-2.18.2.jar
2025-12-14 15:53:48,813 [BasicRepositoryConnector-repo.maven.apache.org-1-1] INFO  o.e.m.c.i.e.AbstractTransferListenerAdapter - Downloaded https://repo.maven.apache.org/maven2/org/webjars/webjars-locator-lite/1.0.1/webjars-locator-lite-1.0.1.jar
2025-12-14 15:53:54,730 [Worker-8: Updating Maven Project] INFO  o.e.m.c.i.p.ProjectConfigurationManager - Update started
2025-12-14 15:53:54,844 [Worker-28: Download sources and javadoc] INFO  o.e.m.c.i.e.AbstractTransferListenerAdapter - Downloading https://repo.maven.apache.org/maven2/org/projectlombok/lombok/1.18.36/lombok-1.18.36-sources.jar
2025-12-14 15:53:55,008 [Worker-8: Updating Maven Project] INFO  o.e.m.c.i.l.LifecycleMappingFactory - Using org.eclipse.m2e.jdt.JarLifecycleMapping lifecycle mapping for MavenProject: com.example:SampleAPI:0.0.1-SNAPSHOT @ C:\Users\flame\Documents\eclipseProjects\mediaLogic\SampleAPI\pom.xml.
2025-12-14 15:53:55,027 [Worker-28: Download sources and javadoc] INFO  o.e.m.c.i.e.AbstractTransferListenerAdapter - Downloaded https://repo.maven.apache.org/maven2/org/projectlombok/lombok/1.18.36/lombok-1.18.36-sources.jar
2025-12-14 15:53:55,050 [Worker-28: Download sources and javadoc] INFO  o.e.m.j.internal.DownloadSourcesJob - Downloaded sources for org.projectlombok:lombok:1.18.36
2025-12-14 15:53:55,175 [Worker-28: Download sources and javadoc] INFO  o.e.m.c.i.e.AbstractTransferListenerAdapter - Downloading https://repo.maven.apache.org/maven2/com/fasterxml/jackson/dataformat/jackson-dataformat-yaml/2.18.2/jackson-dataformat-yaml-2.18.2-sources.jar
2025-12-14 15:53:56,096 [Worker-8: Updating Maven Project] INFO  o.e.m.j.i.AbstractJavaProjectConfigurator - Adding resource folder /SampleAPI/src/main/resources
2025-12-14 15:53:56,097 [Worker-8: Updating Maven Project] INFO  o.e.m.j.i.AbstractJavaProjectConfigurator - Adding resource folder /SampleAPI/src/main/resources
2025-12-14 15:53:56,100 [Worker-8: Updating Maven Project] INFO  o.e.m.j.i.AbstractJavaProjectConfigurator - Adding resource folder /SampleAPI/src/test/resources
2025-12-14 15:53:56,399 [Worker-28: Download sources and javadoc] INFO  o.e.m.c.i.e.AbstractTransferListenerAdapter - Downloaded https://repo.maven.apache.org/maven2/com/fasterxml/jackson/dataformat/jackson-dataformat-yaml/2.18.2/jackson-dataformat-yaml-2.18.2-sources.jar
2025-12-14 15:53:56,439 [Worker-28: Download sources and javadoc] INFO  o.e.m.j.internal.DownloadSourcesJob - Downloaded sources for com.fasterxml.jackson.dataformat:jackson-dataformat-yaml:2.18.2
2025-12-14 15:53:56,582 [Worker-28: Download sources and javadoc] INFO  o.e.m.c.i.e.AbstractTransferListenerAdapter - Downloading https://repo.maven.apache.org/maven2/org/webjars/webjars-locator-lite/1.0.1/webjars-locator-lite-1.0.1-sources.jar
2025-12-14 15:53:56,696 [Worker-8: Updating Maven Project] INFO  o.e.m.jdt.internal.UnitTestSupport - Reset launch configuration name: SampleApiApplicationTests
2025-12-14 15:53:56,697 [Worker-8: Updating Maven Project] INFO  o.e.m.jdt.internal.UnitTestSupport - Updating SampleApiApplicationTests from maven configuration
2025-12-14 15:53:57,027 [Worker-28: Download sources and javadoc] INFO  o.e.m.c.i.e.AbstractTransferListenerAdapter - Downloaded https://repo.maven.apache.org/maven2/org/webjars/webjars-locator-lite/1.0.1/webjars-locator-lite-1.0.1-sources.jar
2025-12-14 15:53:57,108 [Worker-28: Download sources and javadoc] INFO  o.e.m.j.internal.DownloadSourcesJob - Downloaded sources for org.webjars:webjars-locator-lite:1.0.1
2025-12-14 15:53:58,891 [Start Help Server] INFO  org.eclipse.jetty.server.Server - jetty-12.0.12; built: 2024-07-25T21:58:37.668Z; git: cc6f1b74db755fed228b50701ad967aeaa68e83f; jvm 23.0.1+11
2025-12-14 15:53:59,073 [Start Help Server] INFO  o.e.j.server.handler.ContextHandler - Started oeje8n.ContextHandler$CoreContextHandler@62c072c7{/help,/help,b=null,a=AVAILABLE,h=oeje8n.ContextHandler$CoreContextHandler$CoreToNestedHandler@14d5c232{STARTED}}
2025-12-14 15:53:59,074 [Start Help Server] INFO  o.e.j.s.DefaultSessionIdManager - Session workerName=node0
2025-12-14 15:53:59,129 [Start Help Server] INFO  o.e.jetty.server.AbstractConnector - Started ServerConnector@4e7ca77d{HTTP/1.1, (http/1.1)}{127.0.0.1:50474}
2025-12-14 15:53:59,138 [Start Help Server] INFO  org.eclipse.jetty.server.Server - Started oejs.Server@6ef81b14{STARTING}[12.0.12,sto=0] @720681ms
2025-12-14 15:53:59,499 [Worker-8: Updating Maven Project] INFO  o.e.m.c.i.p.ProjectConfigurationManager - Update completed for 1 poms: local refresh takes 0,00 sec, refresh facades takes 1,00 sec, update config takes 3,00 sec 
2025-12-14 15:54:10,573 [Worker-33: Building] INFO  o.e.m.c.i.l.LifecycleMappingFactory - Using org.eclipse.m2e.jdt.JarLifecycleMapping lifecycle mapping for MavenProject: com.example:SampleAPI:0.0.1-SNAPSHOT @ C:\Users\flame\Documents\eclipseProjects\mediaLogic\SampleAPI\pom.xml.
2025-12-14 15:54:11,561 [Worker-33: Building] INFO  o.a.m.s.f.DefaultMavenResourcesFiltering - Copying 0 resource from src\main\resources to target\classes
2025-12-14 15:54:11,563 [Worker-33: Building] INFO  o.a.m.s.f.DefaultMavenResourcesFiltering - Copying 0 resource from src\main\resources to target\classes
2025-12-14 15:54:11,569 [Worker-33: Building] INFO  o.a.m.s.f.DefaultMavenResourcesFiltering - skip non existing resourceDirectory C:\Users\flame\Documents\eclipseProjects\mediaLogic\SampleAPI\src\test\resources
2025-12-14 15:54:11,903 [Worker-12: Updating Maven Project] INFO  o.e.m.c.i.p.ProjectConfigurationManager - Update started
2025-12-14 15:54:12,514 [Worker-12: Updating Maven Project] INFO  o.e.m.c.i.l.LifecycleMappingFactory - Using org.eclipse.m2e.jdt.JarLifecycleMapping lifecycle mapping for MavenProject: com.example:SampleAPI:0.0.1-SNAPSHOT @ C:\Users\flame\Documents\eclipseProjects\mediaLogic\SampleAPI\pom.xml.
2025-12-14 15:54:13,567 [Worker-12: Updating Maven Project] INFO  o.e.m.j.i.AbstractJavaProjectConfigurator - Adding source folder /SampleAPI/src/main/java
2025-12-14 15:54:13,568 [Worker-12: Updating Maven Project] INFO  o.e.m.j.i.AbstractJavaProjectConfigurator - Adding resource folder /SampleAPI/src/main/resources
2025-12-14 15:54:13,569 [Worker-12: Updating Maven Project] INFO  o.e.m.j.i.AbstractJavaProjectConfigurator - Adding resource folder /SampleAPI/src/main/resources
2025-12-14 15:54:13,570 [Worker-12: Updating Maven Project] INFO  o.e.m.j.i.AbstractJavaProjectConfigurator - Adding source folder /SampleAPI/src/test/java
2025-12-14 15:54:13,571 [Worker-12: Updating Maven Project] INFO  o.e.m.j.i.AbstractJavaProjectConfigurator - Adding resource folder /SampleAPI/src/test/resources
2025-12-14 15:54:13,851 [Worker-12: Updating Maven Project] INFO  o.e.m.jdt.internal.UnitTestSupport - Reset launch configuration name: SampleApiApplicationTests
2025-12-14 15:54:13,851 [Worker-12: Updating Maven Project] INFO  o.e.m.jdt.internal.UnitTestSupport - Updating SampleApiApplicationTests from maven configuration
2025-12-14 15:54:14,370 [Worker-12: Updating Maven Project] INFO  o.e.m.c.i.p.ProjectConfigurationManager - Update completed for 1 poms: local refresh takes 0,00 sec, refresh facades takes 1,00 sec, update config takes 0,00 sec 
2025-12-14 15:54:14,381 [Worker-12: Updating Maven Project] INFO  o.e.m.c.i.p.ProjectConfigurationManager - Update started
2025-12-14 15:54:15,215 [Worker-12: Updating Maven Project] INFO  o.e.m.c.i.l.LifecycleMappingFactory - Using org.eclipse.m2e.jdt.JarLifecycleMapping lifecycle mapping for MavenProject: com.example:SampleAPI:0.0.1-SNAPSHOT @ C:\Users\flame\Documents\eclipseProjects\mediaLogic\SampleAPI\pom.xml.
2025-12-14 15:54:16,125 [Worker-12: Updating Maven Project] INFO  o.e.m.j.i.AbstractJavaProjectConfigurator - Adding source folder /SampleAPI/src/main/java
2025-12-14 15:54:16,126 [Worker-12: Updating Maven Project] INFO  o.e.m.j.i.AbstractJavaProjectConfigurator - Adding resource folder /SampleAPI/src/main/resources
2025-12-14 15:54:16,127 [Worker-12: Updating Maven Project] INFO  o.e.m.j.i.AbstractJavaProjectConfigurator - Adding resource folder /SampleAPI/src/main/resources
2025-12-14 15:54:16,128 [Worker-12: Updating Maven Project] INFO  o.e.m.j.i.AbstractJavaProjectConfigurator - Adding source folder /SampleAPI/src/test/java
2025-12-14 15:54:16,129 [Worker-12: Updating Maven Project] INFO  o.e.m.j.i.AbstractJavaProjectConfigurator - Adding resource folder /SampleAPI/src/test/resources
2025-12-14 15:54:16,411 [Worker-12: Updating Maven Project] INFO  o.e.m.jdt.internal.UnitTestSupport - Reset launch configuration name: SampleApiApplicationTests
2025-12-14 15:54:16,411 [Worker-12: Updating Maven Project] INFO  o.e.m.jdt.internal.UnitTestSupport - Updating SampleApiApplicationTests from maven configuration
2025-12-14 15:54:16,977 [Worker-12: Updating Maven Project] INFO  o.e.m.c.i.p.ProjectConfigurationManager - Update completed for 1 poms: local refresh takes 0,00 sec, refresh facades takes 1,00 sec, update config takes 0,00 sec 
2025-12-14 15:54:17,607 [Worker-0: Building] INFO  o.a.m.s.f.DefaultMavenResourcesFiltering - Copying 1 resource from src\main\resources to target\classes
2025-12-14 15:54:17,639 [Worker-0: Building] INFO  o.a.m.s.f.DefaultMavenResourcesFiltering - Copying 0 resource from src\main\resources to target\classes
2025-12-14 15:54:17,646 [Worker-0: Building] INFO  o.a.m.s.f.DefaultMavenResourcesFiltering - skip non existing resourceDirectory C:\Users\flame\Documents\eclipseProjects\mediaLogic\SampleAPI\src\test\resources
2025-12-14 15:55:26,724 [Worker-33: Building] INFO  o.a.m.s.f.DefaultMavenResourcesFiltering - Copying 0 resource from src\main\resources to target\classes
2025-12-14 15:55:26,725 [Worker-33: Building] INFO  o.a.m.s.f.DefaultMavenResourcesFiltering - Copying 0 resource from src\main\resources to target\classes
2025-12-14 15:55:26,729 [Worker-33: Building] INFO  o.a.m.s.f.DefaultMavenResourcesFiltering - skip non existing resourceDirectory C:\Users\flame\Documents\eclipseProjects\mediaLogic\SampleAPI\src\test\resources
2025-12-14 15:55:30,080 [Worker-10: Building] INFO  o.a.m.s.f.DefaultMavenResourcesFiltering - Copying 0 resource from src\main\resources to target\classes
2025-12-14 15:55:30,081 [Worker-10: Building] INFO  o.a.m.s.f.DefaultMavenResourcesFiltering - Copying 0 resource from src\main\resources to target\classes
2025-12-14 15:55:30,085 [Worker-10: Building] INFO  o.a.m.s.f.DefaultMavenResourcesFiltering - skip non existing resourceDirectory C:\Users\flame\Documents\eclipseProjects\mediaLogic\SampleAPI\src\test\resources
2025-12-14 15:55:41,822 [Worker-31: Building] INFO  o.a.m.s.f.DefaultMavenResourcesFiltering - Copying 0 resource from src\main\resources to target\classes
2025-12-14 15:55:41,824 [Worker-31: Building] INFO  o.a.m.s.f.DefaultMavenResourcesFiltering - Copying 0 resource from src\main\resources to target\classes
2025-12-14 15:55:41,828 [Worker-31: Building] INFO  o.a.m.s.f.DefaultMavenResourcesFiltering - skip non existing resourceDirectory C:\Users\flame\Documents\eclipseProjects\mediaLogic\SampleAPI\src\test\resources
2025-12-14 15:55:58,490 [Worker-12: Building] INFO  o.a.m.s.f.DefaultMavenResourcesFiltering - Copying 0 resource from src\main\resources to target\classes
2025-12-14 15:55:58,491 [Worker-12: Building] INFO  o.a.m.s.f.DefaultMavenResourcesFiltering - Copying 0 resource from src\main\resources to target\classes
2025-12-14 15:55:58,502 [Worker-12: Building] INFO  o.a.m.s.f.DefaultMavenResourcesFiltering - skip non existing resourceDirectory C:\Users\flame\Documents\eclipseProjects\mediaLogic\SampleAPI\src\test\resources
2025-12-14 15:57:54,198 [Worker-30: Building] INFO  o.a.m.s.f.DefaultMavenResourcesFiltering - Copying 0 resource from src\main\resources to target\classes
2025-12-14 15:57:54,200 [Worker-30: Building] INFO  o.a.m.s.f.DefaultMavenResourcesFiltering - Copying 0 resource from src\main\resources to target\classes
2025-12-14 15:57:54,204 [Worker-30: Building] INFO  o.a.m.s.f.DefaultMavenResourcesFiltering - skip non existing resourceDirectory C:\Users\flame\Documents\eclipseProjects\mediaLogic\SampleAPI\src\test\resources
2025-12-14 15:58:07,576 [Worker-30: Building] INFO  o.a.m.s.f.DefaultMavenResourcesFiltering - Copying 0 resource from src\main\resources to target\classes
2025-12-14 15:58:07,577 [Worker-30: Building] INFO  o.a.m.s.f.DefaultMavenResourcesFiltering - Copying 0 resource from src\main\resources to target\classes
2025-12-14 15:58:07,581 [Worker-30: Building] INFO  o.a.m.s.f.DefaultMavenResourcesFiltering - skip non existing resourceDirectory C:\Users\flame\Documents\eclipseProjects\mediaLogic\SampleAPI\src\test\resources
2025-12-14 15:58:26,000 [Worker-35: Building] INFO  o.a.m.s.f.DefaultMavenResourcesFiltering - Copying 0 resource from src\main\resources to target\classes
2025-12-14 15:58:26,001 [Worker-35: Building] INFO  o.a.m.s.f.DefaultMavenResourcesFiltering - Copying 0 resource from src\main\resources to target\classes
2025-12-14 15:58:26,005 [Worker-35: Building] INFO  o.a.m.s.f.DefaultMavenResourcesFiltering - skip non existing resourceDirectory C:\Users\flame\Documents\eclipseProjects\mediaLogic\SampleAPI\src\test\resources
2025-12-14 15:58:40,525 [Worker-10: Building] INFO  o.a.m.s.f.DefaultMavenResourcesFiltering - Copying 0 resource from src\main\resources to target\classes
2025-12-14 15:58:40,527 [Worker-10: Building] INFO  o.a.m.s.f.DefaultMavenResourcesFiltering - Copying 0 resource from src\main\resources to target\classes
2025-12-14 15:58:40,530 [Worker-10: Building] INFO  o.a.m.s.f.DefaultMavenResourcesFiltering - skip non existing resourceDirectory C:\Users\flame\Documents\eclipseProjects\mediaLogic\SampleAPI\src\test\resources
2025-12-14 16:02:02,779 [Worker-37: Building] INFO  o.a.m.s.f.DefaultMavenResourcesFiltering - Copying 1 resource from src\main\resources to target\classes
2025-12-14 16:02:02,789 [Worker-37: Building] INFO  o.a.m.s.f.DefaultMavenResourcesFiltering - Copying 0 resource from src\main\resources to target\classes
2025-12-14 16:02:02,794 [Worker-37: Building] INFO  o.a.m.s.f.DefaultMavenResourcesFiltering - skip non existing resourceDirectory C:\Users\flame\Documents\eclipseProjects\mediaLogic\SampleAPI\src\test\resources
2025-12-14 16:02:34,030 [Worker-39: Building] INFO  o.a.m.s.f.DefaultMavenResourcesFiltering - Copying 1 resource from src\main\resources to target\classes
2025-12-14 16:02:34,038 [Worker-39: Building] INFO  o.a.m.s.f.DefaultMavenResourcesFiltering - Copying 0 resource from src\main\resources to target\classes
2025-12-14 16:02:34,042 [Worker-39: Building] INFO  o.a.m.s.f.DefaultMavenResourcesFiltering - skip non existing resourceDirectory C:\Users\flame\Documents\eclipseProjects\mediaLogic\SampleAPI\src\test\resources
2025-12-14 16:07:44,485 [Worker-43: Building] INFO  o.a.m.s.f.DefaultMavenResourcesFiltering - Copying 0 resource from src\main\resources to target\classes
2025-12-14 16:07:44,486 [Worker-43: Building] INFO  o.a.m.s.f.DefaultMavenResourcesFiltering - Copying 0 resource from src\main\resources to target\classes
2025-12-14 16:07:44,490 [Worker-43: Building] INFO  o.a.m.s.f.DefaultMavenResourcesFiltering - skip non existing resourceDirectory C:\Users\flame\Documents\eclipseProjects\mediaLogic\SampleAPI\src\test\resources
2025-12-14 16:09:36,124 [Worker-39: Building] INFO  o.a.m.s.f.DefaultMavenResourcesFiltering - Copying 0 resource from src\main\resources to target\classes
2025-12-14 16:09:36,126 [Worker-39: Building] INFO  o.a.m.s.f.DefaultMavenResourcesFiltering - Copying 0 resource from src\main\resources to target\classes
2025-12-14 16:09:36,129 [Worker-39: Building] INFO  o.a.m.s.f.DefaultMavenResourcesFiltering - skip non existing resourceDirectory C:\Users\flame\Documents\eclipseProjects\mediaLogic\SampleAPI\src\test\resources
2025-12-14 16:11:44,960 [Worker-44: Building] INFO  o.a.m.s.f.DefaultMavenResourcesFiltering - Copying 0 resource from src\main\resources to target\classes
2025-12-14 16:11:44,961 [Worker-44: Building] INFO  o.a.m.s.f.DefaultMavenResourcesFiltering - Copying 0 resource from src\main\resources to target\classes
2025-12-14 16:11:44,965 [Worker-44: Building] INFO  o.a.m.s.f.DefaultMavenResourcesFiltering - skip non existing resourceDirectory C:\Users\flame\Documents\eclipseProjects\mediaLogic\SampleAPI\src\test\resources
2025-12-14 16:11:46,044 [Worker-44: Building] INFO  o.a.m.s.f.DefaultMavenResourcesFiltering - Copying 0 resource from src\main\resources to target\classes
2025-12-14 16:11:46,045 [Worker-44: Building] INFO  o.a.m.s.f.DefaultMavenResourcesFiltering - Copying 0 resource from src\main\resources to target\classes
2025-12-14 16:11:46,048 [Worker-44: Building] INFO  o.a.m.s.f.DefaultMavenResourcesFiltering - skip non existing resourceDirectory C:\Users\flame\Documents\eclipseProjects\mediaLogic\SampleAPI\src\test\resources
2025-12-14 16:13:04,045 [Worker-45: Building] INFO  o.a.m.s.f.DefaultMavenResourcesFiltering - Copying 0 resource from src\main\resources to target\classes
2025-12-14 16:13:04,046 [Worker-45: Building] INFO  o.a.m.s.f.DefaultMavenResourcesFiltering - Copying 0 resource from src\main\resources to target\classes
2025-12-14 16:13:04,050 [Worker-45: Building] INFO  o.a.m.s.f.DefaultMavenResourcesFiltering - skip non existing resourceDirectory C:\Users\flame\Documents\eclipseProjects\mediaLogic\SampleAPI\src\test\resources
2025-12-14 16:13:07,303 [Worker-39: Building] INFO  o.a.m.s.f.DefaultMavenResourcesFiltering - Copying 0 resource from src\main\resources to target\classes
2025-12-14 16:13:07,304 [Worker-39: Building] INFO  o.a.m.s.f.DefaultMavenResourcesFiltering - Copying 0 resource from src\main\resources to target\classes
2025-12-14 16:13:07,307 [Worker-39: Building] INFO  o.a.m.s.f.DefaultMavenResourcesFiltering - skip non existing resourceDirectory C:\Users\flame\Documents\eclipseProjects\mediaLogic\SampleAPI\src\test\resources
2025-12-14 16:13:42,483 [Worker-44: Building] INFO  o.a.m.s.f.DefaultMavenResourcesFiltering - Copying 0 resource from src\main\resources to target\classes
2025-12-14 16:13:42,484 [Worker-44: Building] INFO  o.a.m.s.f.DefaultMavenResourcesFiltering - Copying 0 resource from src\main\resources to target\classes
2025-12-14 16:13:42,487 [Worker-44: Building] INFO  o.a.m.s.f.DefaultMavenResourcesFiltering - skip non existing resourceDirectory C:\Users\flame\Documents\eclipseProjects\mediaLogic\SampleAPI\src\test\resources
2025-12-14 16:15:45,046 [Worker-42: Building] INFO  o.a.m.s.f.DefaultMavenResourcesFiltering - Copying 0 resource from src\main\resources to target\classes
2025-12-14 16:15:45,047 [Worker-42: Building] INFO  o.a.m.s.f.DefaultMavenResourcesFiltering - Copying 0 resource from src\main\resources to target\classes
2025-12-14 16:15:45,051 [Worker-42: Building] INFO  o.a.m.s.f.DefaultMavenResourcesFiltering - skip non existing resourceDirectory C:\Users\flame\Documents\eclipseProjects\mediaLogic\SampleAPI\src\test\resources
2025-12-14 16:18:11,639 [Worker-49: Building] INFO  o.a.m.s.f.DefaultMavenResourcesFiltering - Copying 0 resource from src\main\resources to target\classes
2025-12-14 16:18:11,640 [Worker-49: Building] INFO  o.a.m.s.f.DefaultMavenResourcesFiltering - Copying 0 resource from src\main\resources to target\classes
2025-12-14 16:18:11,642 [Worker-49: Building] INFO  o.a.m.s.f.DefaultMavenResourcesFiltering - skip non existing resourceDirectory C:\Users\flame\Documents\eclipseProjects\mediaLogic\SampleAPI\src\test\resources
2025-12-14 16:18:55,672 [Worker-47: Building] INFO  o.a.m.s.f.DefaultMavenResourcesFiltering - Copying 0 resource from src\main\resources to target\classes
2025-12-14 16:18:55,673 [Worker-47: Building] INFO  o.a.m.s.f.DefaultMavenResourcesFiltering - Copying 0 resource from src\main\resources to target\classes
2025-12-14 16:18:55,679 [Worker-47: Building] INFO  o.a.m.s.f.DefaultMavenResourcesFiltering - skip non existing resourceDirectory C:\Users\flame\Documents\eclipseProjects\mediaLogic\SampleAPI\src\test\resources
2025-12-14 16:19:11,643 [Worker-47: Building] INFO  o.a.m.s.f.DefaultMavenResourcesFiltering - Copying 0 resource from src\main\resources to target\classes
2025-12-14 16:19:11,644 [Worker-47: Building] INFO  o.a.m.s.f.DefaultMavenResourcesFiltering - Copying 0 resource from src\main\resources to target\classes
2025-12-14 16:19:11,648 [Worker-47: Building] INFO  o.a.m.s.f.DefaultMavenResourcesFiltering - skip non existing resourceDirectory C:\Users\flame\Documents\eclipseProjects\mediaLogic\SampleAPI\src\test\resources
2025-12-14 16:19:34,201 [Worker-47: Building] INFO  o.a.m.s.f.DefaultMavenResourcesFiltering - Copying 0 resource from src\main\resources to target\classes
2025-12-14 16:19:34,202 [Worker-47: Building] INFO  o.a.m.s.f.DefaultMavenResourcesFiltering - Copying 0 resource from src\main\resources to target\classes
2025-12-14 16:19:34,205 [Worker-47: Building] INFO  o.a.m.s.f.DefaultMavenResourcesFiltering - skip non existing resourceDirectory C:\Users\flame\Documents\eclipseProjects\mediaLogic\SampleAPI\src\test\resources
2025-12-14 16:19:36,998 [Worker-47: Building] INFO  o.a.m.s.f.DefaultMavenResourcesFiltering - Copying 0 resource from src\main\resources to target\classes
2025-12-14 16:19:36,999 [Worker-47: Building] INFO  o.a.m.s.f.DefaultMavenResourcesFiltering - Copying 0 resource from src\main\resources to target\classes
2025-12-14 16:19:37,002 [Worker-47: Building] INFO  o.a.m.s.f.DefaultMavenResourcesFiltering - skip non existing resourceDirectory C:\Users\flame\Documents\eclipseProjects\mediaLogic\SampleAPI\src\test\resources
2025-12-14 16:20:33,825 [Worker-42: Building] INFO  o.a.m.s.f.DefaultMavenResourcesFiltering - Copying 0 resource from src\main\resources to target\classes
2025-12-14 16:20:33,826 [Worker-42: Building] INFO  o.a.m.s.f.DefaultMavenResourcesFiltering - Copying 0 resource from src\main\resources to target\classes
2025-12-14 16:20:33,829 [Worker-42: Building] INFO  o.a.m.s.f.DefaultMavenResourcesFiltering - skip non existing resourceDirectory C:\Users\flame\Documents\eclipseProjects\mediaLogic\SampleAPI\src\test\resources
2025-12-14 16:21:02,241 [Worker-54: Building] INFO  o.a.m.s.f.DefaultMavenResourcesFiltering - Copying 0 resource from src\main\resources to target\classes
2025-12-14 16:21:02,242 [Worker-54: Building] INFO  o.a.m.s.f.DefaultMavenResourcesFiltering - Copying 0 resource from src\main\resources to target\classes
2025-12-14 16:21:02,245 [Worker-54: Building] INFO  o.a.m.s.f.DefaultMavenResourcesFiltering - skip non existing resourceDirectory C:\Users\flame\Documents\eclipseProjects\mediaLogic\SampleAPI\src\test\resources
2025-12-14 16:27:10,439 [Worker-57: Building] INFO  o.a.m.s.f.DefaultMavenResourcesFiltering - Copying 0 resource from src\main\resources to target\classes
2025-12-14 16:27:10,440 [Worker-57: Building] INFO  o.a.m.s.f.DefaultMavenResourcesFiltering - Copying 0 resource from src\main\resources to target\classes
2025-12-14 16:27:10,445 [Worker-57: Building] INFO  o.a.m.s.f.DefaultMavenResourcesFiltering - skip non existing resourceDirectory C:\Users\flame\Documents\eclipseProjects\mediaLogic\SampleAPI\src\test\resources
2025-12-14 16:27:25,004 [Worker-60: Building] INFO  o.a.m.s.f.DefaultMavenResourcesFiltering - Copying 0 resource from src\main\resources to target\classes
2025-12-14 16:27:25,006 [Worker-60: Building] INFO  o.a.m.s.f.DefaultMavenResourcesFiltering - Copying 0 resource from src\main\resources to target\classes
2025-12-14 16:27:25,009 [Worker-60: Building] INFO  o.a.m.s.f.DefaultMavenResourcesFiltering - skip non existing resourceDirectory C:\Users\flame\Documents\eclipseProjects\mediaLogic\SampleAPI\src\test\resources
2025-12-14 16:27:27,117 [Worker-61: Building] INFO  o.a.m.s.f.DefaultMavenResourcesFiltering - Copying 0 resource from src\main\resources to target\classes
2025-12-14 16:27:27,118 [Worker-61: Building] INFO  o.a.m.s.f.DefaultMavenResourcesFiltering - Copying 0 resource from src\main\resources to target\classes
2025-12-14 16:27:27,120 [Worker-61: Building] INFO  o.a.m.s.f.DefaultMavenResourcesFiltering - skip non existing resourceDirectory C:\Users\flame\Documents\eclipseProjects\mediaLogic\SampleAPI\src\test\resources
2025-12-14 16:27:29,183 [Worker-54: Building] INFO  o.a.m.s.f.DefaultMavenResourcesFiltering - Copying 0 resource from src\main\resources to target\classes
2025-12-14 16:27:29,184 [Worker-54: Building] INFO  o.a.m.s.f.DefaultMavenResourcesFiltering - Copying 0 resource from src\main\resources to target\classes
2025-12-14 16:27:29,187 [Worker-54: Building] INFO  o.a.m.s.f.DefaultMavenResourcesFiltering - skip non existing resourceDirectory C:\Users\flame\Documents\eclipseProjects\mediaLogic\SampleAPI\src\test\resources
2025-12-14 16:28:25,925 [Worker-54: Building] INFO  o.a.m.s.f.DefaultMavenResourcesFiltering - Copying 0 resource from src\main\resources to target\classes
2025-12-14 16:28:25,927 [Worker-54: Building] INFO  o.a.m.s.f.DefaultMavenResourcesFiltering - Copying 0 resource from src\main\resources to target\classes
2025-12-14 16:28:25,930 [Worker-54: Building] INFO  o.a.m.s.f.DefaultMavenResourcesFiltering - skip non existing resourceDirectory C:\Users\flame\Documents\eclipseProjects\mediaLogic\SampleAPI\src\test\resources
2025-12-14 16:29:18,414 [Worker-53: Building] INFO  o.a.m.s.f.DefaultMavenResourcesFiltering - Copying 0 resource from src\main\resources to target\classes
2025-12-14 16:29:18,415 [Worker-53: Building] INFO  o.a.m.s.f.DefaultMavenResourcesFiltering - Copying 0 resource from src\main\resources to target\classes
2025-12-14 16:29:18,418 [Worker-53: Building] INFO  o.a.m.s.f.DefaultMavenResourcesFiltering - skip non existing resourceDirectory C:\Users\flame\Documents\eclipseProjects\mediaLogic\SampleAPI\src\test\resources
2025-12-14 16:29:45,247 [Worker-61: Building] INFO  o.a.m.s.f.DefaultMavenResourcesFiltering - Copying 0 resource from src\main\resources to target\classes
2025-12-14 16:29:45,248 [Worker-61: Building] INFO  o.a.m.s.f.DefaultMavenResourcesFiltering - Copying 0 resource from src\main\resources to target\classes
2025-12-14 16:29:45,252 [Worker-61: Building] INFO  o.a.m.s.f.DefaultMavenResourcesFiltering - skip non existing resourceDirectory C:\Users\flame\Documents\eclipseProjects\mediaLogic\SampleAPI\src\test\resources
2025-12-14 16:29:53,964 [Worker-56: Building] INFO  o.a.m.s.f.DefaultMavenResourcesFiltering - Copying 0 resource from src\main\resources to target\classes
2025-12-14 16:29:53,965 [Worker-56: Building] INFO  o.a.m.s.f.DefaultMavenResourcesFiltering - Copying 0 resource from src\main\resources to target\classes
2025-12-14 16:29:53,968 [Worker-56: Building] INFO  o.a.m.s.f.DefaultMavenResourcesFiltering - skip non existing resourceDirectory C:\Users\flame\Documents\eclipseProjects\mediaLogic\SampleAPI\src\test\resources
2025-12-14 16:30:00,385 [Worker-58: Building] INFO  o.a.m.s.f.DefaultMavenResourcesFiltering - Copying 0 resource from src\main\resources to target\classes
2025-12-14 16:30:00,385 [Worker-58: Building] INFO  o.a.m.s.f.DefaultMavenResourcesFiltering - Copying 0 resource from src\main\resources to target\classes
2025-12-14 16:30:00,388 [Worker-58: Building] INFO  o.a.m.s.f.DefaultMavenResourcesFiltering - skip non existing resourceDirectory C:\Users\flame\Documents\eclipseProjects\mediaLogic\SampleAPI\src\test\resources
2025-12-14 16:31:36,742 [Worker-58: Building] INFO  o.a.m.s.f.DefaultMavenResourcesFiltering - Copying 1 resource from src\main\resources to target\classes
2025-12-14 16:31:36,749 [Worker-58: Building] INFO  o.a.m.s.f.DefaultMavenResourcesFiltering - Copying 0 resource from src\main\resources to target\classes
2025-12-14 16:31:36,753 [Worker-58: Building] INFO  o.a.m.s.f.DefaultMavenResourcesFiltering - skip non existing resourceDirectory C:\Users\flame\Documents\eclipseProjects\mediaLogic\SampleAPI\src\test\resources
2025-12-14 16:31:54,381 [Worker-60: Building] INFO  o.a.m.s.f.DefaultMavenResourcesFiltering - Copying 0 resource from src\main\resources to target\classes
2025-12-14 16:31:54,382 [Worker-60: Building] INFO  o.a.m.s.f.DefaultMavenResourcesFiltering - Copying 0 resource from src\main\resources to target\classes
2025-12-14 16:31:54,385 [Worker-60: Building] INFO  o.a.m.s.f.DefaultMavenResourcesFiltering - skip non existing resourceDirectory C:\Users\flame\Documents\eclipseProjects\mediaLogic\SampleAPI\src\test\resources
2025-12-14 16:33:21,440 [Worker-57: Building] INFO  o.a.m.s.f.DefaultMavenResourcesFiltering - Copying 0 resource from src\main\resources to target\classes
2025-12-14 16:33:21,442 [Worker-57: Building] INFO  o.a.m.s.f.DefaultMavenResourcesFiltering - Copying 0 resource from src\main\resources to target\classes
2025-12-14 16:33:21,446 [Worker-57: Building] INFO  o.a.m.s.f.DefaultMavenResourcesFiltering - skip non existing resourceDirectory C:\Users\flame\Documents\eclipseProjects\mediaLogic\SampleAPI\src\test\resources
2025-12-14 16:33:25,067 [Worker-60: Building] INFO  o.a.m.s.f.DefaultMavenResourcesFiltering - Copying 0 resource from src\main\resources to target\classes
2025-12-14 16:33:25,068 [Worker-60: Building] INFO  o.a.m.s.f.DefaultMavenResourcesFiltering - Copying 0 resource from src\main\resources to target\classes
2025-12-14 16:33:25,072 [Worker-60: Building] INFO  o.a.m.s.f.DefaultMavenResourcesFiltering - skip non existing resourceDirectory C:\Users\flame\Documents\eclipseProjects\mediaLogic\SampleAPI\src\test\resources
2025-12-14 16:34:37,339 [Worker-58: Building] INFO  o.a.m.s.f.DefaultMavenResourcesFiltering - Copying 0 resource from src\main\resources to target\classes
2025-12-14 16:34:37,341 [Worker-58: Building] INFO  o.a.m.s.f.DefaultMavenResourcesFiltering - Copying 0 resource from src\main\resources to target\classes
2025-12-14 16:34:37,345 [Worker-58: Building] INFO  o.a.m.s.f.DefaultMavenResourcesFiltering - skip non existing resourceDirectory C:\Users\flame\Documents\eclipseProjects\mediaLogic\SampleAPI\src\test\resources
2025-12-14 16:34:58,971 [Worker-62: Building] INFO  o.a.m.s.f.DefaultMavenResourcesFiltering - Copying 0 resource from src\main\resources to target\classes
2025-12-14 16:34:58,973 [Worker-62: Building] INFO  o.a.m.s.f.DefaultMavenResourcesFiltering - Copying 0 resource from src\main\resources to target\classes
2025-12-14 16:34:58,976 [Worker-62: Building] INFO  o.a.m.s.f.DefaultMavenResourcesFiltering - skip non existing resourceDirectory C:\Users\flame\Documents\eclipseProjects\mediaLogic\SampleAPI\src\test\resources
2025-12-14 16:35:27,500 [Worker-58: Building] INFO  o.a.m.s.f.DefaultMavenResourcesFiltering - Copying 0 resource from src\main\resources to target\classes
2025-12-14 16:35:27,501 [Worker-58: Building] INFO  o.a.m.s.f.DefaultMavenResourcesFiltering - Copying 0 resource from src\main\resources to target\classes
2025-12-14 16:35:27,504 [Worker-58: Building] INFO  o.a.m.s.f.DefaultMavenResourcesFiltering - skip non existing resourceDirectory C:\Users\flame\Documents\eclipseProjects\mediaLogic\SampleAPI\src\test\resources
2025-12-14 16:35:34,312 [Worker-58: Building] INFO  o.a.m.s.f.DefaultMavenResourcesFiltering - Copying 0 resource from src\main\resources to target\classes
2025-12-14 16:35:34,312 [Worker-58: Building] INFO  o.a.m.s.f.DefaultMavenResourcesFiltering - Copying 0 resource from src\main\resources to target\classes
2025-12-14 16:35:34,317 [Worker-58: Building] INFO  o.a.m.s.f.DefaultMavenResourcesFiltering - skip non existing resourceDirectory C:\Users\flame\Documents\eclipseProjects\mediaLogic\SampleAPI\src\test\resources
2025-12-14 16:36:52,701 [Worker-62: Building] INFO  o.a.m.s.f.DefaultMavenResourcesFiltering - Copying 1 resource from src\main\resources to target\classes
2025-12-14 16:36:52,709 [Worker-62: Building] INFO  o.a.m.s.f.DefaultMavenResourcesFiltering - Copying 0 resource from src\main\resources to target\classes
2025-12-14 16:36:52,713 [Worker-62: Building] INFO  o.a.m.s.f.DefaultMavenResourcesFiltering - skip non existing resourceDirectory C:\Users\flame\Documents\eclipseProjects\mediaLogic\SampleAPI\src\test\resources
2025-12-14 16:37:30,702 [Worker-60: Building] INFO  o.a.m.s.f.DefaultMavenResourcesFiltering - Copying 1 resource from src\main\resources to target\classes
2025-12-14 16:37:30,709 [Worker-60: Building] INFO  o.a.m.s.f.DefaultMavenResourcesFiltering - Copying 0 resource from src\main\resources to target\classes
2025-12-14 16:37:30,712 [Worker-60: Building] INFO  o.a.m.s.f.DefaultMavenResourcesFiltering - skip non existing resourceDirectory C:\Users\flame\Documents\eclipseProjects\mediaLogic\SampleAPI\src\test\resources
2025-12-14 16:37:52,382 [Worker-60: Building] INFO  o.a.m.s.f.DefaultMavenResourcesFiltering - Copying 1 resource from src\main\resources to target\classes
2025-12-14 16:37:52,390 [Worker-60: Building] INFO  o.a.m.s.f.DefaultMavenResourcesFiltering - Copying 0 resource from src\main\resources to target\classes
2025-12-14 16:37:52,393 [Worker-60: Building] INFO  o.a.m.s.f.DefaultMavenResourcesFiltering - skip non existing resourceDirectory C:\Users\flame\Documents\eclipseProjects\mediaLogic\SampleAPI\src\test\resources
2025-12-14 16:39:07,041 [Worker-53: Building] INFO  o.e.m.c.i.l.LifecycleMappingFactory - Using org.eclipse.m2e.jdt.JarLifecycleMapping lifecycle mapping for MavenProject: com.example:SampleAPI:0.0.1-SNAPSHOT @ C:\Users\flame\Documents\eclipseProjects\mediaLogic\SampleAPI\pom.xml.
2025-12-14 16:39:08,255 [Worker-53: Building] INFO  o.a.m.s.f.DefaultMavenResourcesFiltering - Copying 0 resource from src\main\resources to target\classes
2025-12-14 16:39:08,256 [Worker-53: Building] INFO  o.a.m.s.f.DefaultMavenResourcesFiltering - Copying 0 resource from src\main\resources to target\classes
2025-12-14 16:39:08,266 [Worker-53: Building] INFO  o.a.m.s.f.DefaultMavenResourcesFiltering - skip non existing resourceDirectory C:\Users\flame\Documents\eclipseProjects\mediaLogic\SampleAPI\src\test\resources
2025-12-14 16:41:45,336 [Worker-60: Building] INFO  o.a.m.s.f.DefaultMavenResourcesFiltering - Copying 0 resource from src\main\resources to target\classes
2025-12-14 16:41:45,337 [Worker-60: Building] INFO  o.a.m.s.f.DefaultMavenResourcesFiltering - Copying 0 resource from src\main\resources to target\classes
2025-12-14 16:41:45,340 [Worker-60: Building] INFO  o.a.m.s.f.DefaultMavenResourcesFiltering - skip non existing resourceDirectory C:\Users\flame\Documents\eclipseProjects\mediaLogic\SampleAPI\src\test\resources
2025-12-14 16:42:04,360 [Worker-65: Building] INFO  o.a.m.s.f.DefaultMavenResourcesFiltering - Copying 0 resource from src\main\resources to target\classes
2025-12-14 16:42:04,361 [Worker-65: Building] INFO  o.a.m.s.f.DefaultMavenResourcesFiltering - Copying 0 resource from src\main\resources to target\classes
2025-12-14 16:42:04,365 [Worker-65: Building] INFO  o.a.m.s.f.DefaultMavenResourcesFiltering - skip non existing resourceDirectory C:\Users\flame\Documents\eclipseProjects\mediaLogic\SampleAPI\src\test\resources
2025-12-14 16:42:27,003 [Worker-54: Building] INFO  o.a.m.s.f.DefaultMavenResourcesFiltering - Copying 0 resource from src\main\resources to target\classes
2025-12-14 16:42:27,004 [Worker-54: Building] INFO  o.a.m.s.f.DefaultMavenResourcesFiltering - Copying 0 resource from src\main\resources to target\classes
2025-12-14 16:42:27,008 [Worker-54: Building] INFO  o.a.m.s.f.DefaultMavenResourcesFiltering - skip non existing resourceDirectory C:\Users\flame\Documents\eclipseProjects\mediaLogic\SampleAPI\src\test\resources
2025-12-14 16:42:45,125 [Worker-64: Building] INFO  o.a.m.s.f.DefaultMavenResourcesFiltering - Copying 0 resource from src\main\resources to target\classes
2025-12-14 16:42:45,125 [Worker-64: Building] INFO  o.a.m.s.f.DefaultMavenResourcesFiltering - Copying 0 resource from src\main\resources to target\classes
2025-12-14 16:42:45,128 [Worker-64: Building] INFO  o.a.m.s.f.DefaultMavenResourcesFiltering - skip non existing resourceDirectory C:\Users\flame\Documents\eclipseProjects\mediaLogic\SampleAPI\src\test\resources
2025-12-14 16:43:21,833 [Worker-54: Launching SampleAPI] INFO  o.eclipse.m2e.core.internal.Bundles - getClasspathEntries(Bundle=org.eclipse.m2e.maven.runtime_3.9.900.20240824-1409 [642])
2025-12-14 16:43:21,835 [Worker-54: Launching SampleAPI] INFO  o.eclipse.m2e.core.internal.Bundles - 	Entry: C:\Users\flame\.p2\pool\plugins\org.eclipse.m2e.maven.runtime_3.9.900.20240824-1409
2025-12-14 16:43:21,835 [Worker-54: Launching SampleAPI] INFO  o.eclipse.m2e.core.internal.Bundles - 	Entry: C:\Users\flame\.p2\pool\plugins\org.eclipse.m2e.maven.runtime_3.9.900.20240824-1409\jars\aopalliance-1.0.jar
2025-12-14 16:43:21,835 [Worker-54: Launching SampleAPI] INFO  o.eclipse.m2e.core.internal.Bundles - 	Entry: C:\Users\flame\.p2\pool\plugins\org.eclipse.m2e.maven.runtime_3.9.900.20240824-1409\jars\guice-5.1.0.jar
2025-12-14 16:43:21,836 [Worker-54: Launching SampleAPI] INFO  o.eclipse.m2e.core.internal.Bundles - 	Entry: C:\Users\flame\.p2\pool\plugins\org.eclipse.m2e.maven.runtime_3.9.900.20240824-1409\jars\httpclient-4.5.14.jar
2025-12-14 16:43:21,836 [Worker-54: Launching SampleAPI] INFO  o.eclipse.m2e.core.internal.Bundles - 	Entry: C:\Users\flame\.p2\pool\plugins\org.eclipse.m2e.maven.runtime_3.9.900.20240824-1409\jars\httpcore-4.4.16.jar
2025-12-14 16:43:21,836 [Worker-54: Launching SampleAPI] INFO  o.eclipse.m2e.core.internal.Bundles - 	Entry: C:\Users\flame\.p2\pool\plugins\org.eclipse.m2e.maven.runtime_3.9.900.20240824-1409\jars\jansi-2.4.1.jar
2025-12-14 16:43:21,836 [Worker-54: Launching SampleAPI] INFO  o.eclipse.m2e.core.internal.Bundles - 	Entry: C:\Users\flame\.p2\pool\plugins\org.eclipse.m2e.maven.runtime_3.9.900.20240824-1409\jars\jcl-over-slf4j-1.7.36.jar
2025-12-14 16:43:21,836 [Worker-54: Launching SampleAPI] INFO  o.eclipse.m2e.core.internal.Bundles - 	Entry: C:\Users\flame\.p2\pool\plugins\org.eclipse.m2e.maven.runtime_3.9.900.20240824-1409\jars\maven-artifact-3.9.9.jar
2025-12-14 16:43:21,836 [Worker-54: Launching SampleAPI] INFO  o.eclipse.m2e.core.internal.Bundles - 	Entry: C:\Users\flame\.p2\pool\plugins\org.eclipse.m2e.maven.runtime_3.9.900.20240824-1409\jars\maven-builder-support-3.9.9.jar
2025-12-14 16:43:21,836 [Worker-54: Launching SampleAPI] INFO  o.eclipse.m2e.core.internal.Bundles - 	Entry: C:\Users\flame\.p2\pool\plugins\org.eclipse.m2e.maven.runtime_3.9.900.20240824-1409\jars\maven-compat-3.9.9.jar
2025-12-14 16:43:21,836 [Worker-54: Launching SampleAPI] INFO  o.eclipse.m2e.core.internal.Bundles - 	Entry: C:\Users\flame\.p2\pool\plugins\org.eclipse.m2e.maven.runtime_3.9.900.20240824-1409\jars\maven-core-3.9.9.jar
2025-12-14 16:43:21,836 [Worker-54: Launching SampleAPI] INFO  o.eclipse.m2e.core.internal.Bundles - 	Entry: C:\Users\flame\.p2\pool\plugins\org.eclipse.m2e.maven.runtime_3.9.900.20240824-1409\jars\maven-embedder-3.9.9.jar
2025-12-14 16:43:21,836 [Worker-54: Launching SampleAPI] INFO  o.eclipse.m2e.core.internal.Bundles - 	Entry: C:\Users\flame\.p2\pool\plugins\org.eclipse.m2e.maven.runtime_3.9.900.20240824-1409\jars\maven-model-3.9.9.jar
2025-12-14 16:43:21,837 [Worker-54: Launching SampleAPI] INFO  o.eclipse.m2e.core.internal.Bundles - 	Entry: C:\Users\flame\.p2\pool\plugins\org.eclipse.m2e.maven.runtime_3.9.900.20240824-1409\jars\maven-model-builder-3.9.9.jar
2025-12-14 16:43:21,837 [Worker-54: Launching SampleAPI] INFO  o.eclipse.m2e.core.internal.Bundles - 	Entry: C:\Users\flame\.p2\pool\plugins\org.eclipse.m2e.maven.runtime_3.9.900.20240824-1409\jars\maven-plugin-api-3.9.9.jar
2025-12-14 16:43:21,837 [Worker-54: Launching SampleAPI] INFO  o.eclipse.m2e.core.internal.Bundles - 	Entry: C:\Users\flame\.p2\pool\plugins\org.eclipse.m2e.maven.runtime_3.9.900.20240824-1409\jars\maven-repository-metadata-3.9.9.jar
2025-12-14 16:43:21,837 [Worker-54: Launching SampleAPI] INFO  o.eclipse.m2e.core.internal.Bundles - 	Entry: C:\Users\flame\.p2\pool\plugins\org.eclipse.m2e.maven.runtime_3.9.900.20240824-1409\jars\maven-resolver-api-1.9.22.jar
2025-12-14 16:43:21,837 [Worker-54: Launching SampleAPI] INFO  o.eclipse.m2e.core.internal.Bundles - 	Entry: C:\Users\flame\.p2\pool\plugins\org.eclipse.m2e.maven.runtime_3.9.900.20240824-1409\jars\maven-resolver-connector-basic-1.9.22.jar
2025-12-14 16:43:21,837 [Worker-54: Launching SampleAPI] INFO  o.eclipse.m2e.core.internal.Bundles - 	Entry: C:\Users\flame\.p2\pool\plugins\org.eclipse.m2e.maven.runtime_3.9.900.20240824-1409\jars\maven-resolver-impl-1.9.22.jar
2025-12-14 16:43:21,837 [Worker-54: Launching SampleAPI] INFO  o.eclipse.m2e.core.internal.Bundles - 	Entry: C:\Users\flame\.p2\pool\plugins\org.eclipse.m2e.maven.runtime_3.9.900.20240824-1409\jars\maven-resolver-named-locks-1.9.22.jar
2025-12-14 16:43:21,837 [Worker-54: Launching SampleAPI] INFO  o.eclipse.m2e.core.internal.Bundles - 	Entry: C:\Users\flame\.p2\pool\plugins\org.eclipse.m2e.maven.runtime_3.9.900.20240824-1409\jars\maven-resolver-provider-3.9.9.jar
2025-12-14 16:43:21,837 [Worker-54: Launching SampleAPI] INFO  o.eclipse.m2e.core.internal.Bundles - 	Entry: C:\Users\flame\.p2\pool\plugins\org.eclipse.m2e.maven.runtime_3.9.900.20240824-1409\jars\maven-resolver-spi-1.9.22.jar
2025-12-14 16:43:21,838 [Worker-54: Launching SampleAPI] INFO  o.eclipse.m2e.core.internal.Bundles - 	Entry: C:\Users\flame\.p2\pool\plugins\org.eclipse.m2e.maven.runtime_3.9.900.20240824-1409\jars\maven-resolver-transport-file-1.9.22.jar
2025-12-14 16:43:21,838 [Worker-54: Launching SampleAPI] INFO  o.eclipse.m2e.core.internal.Bundles - 	Entry: C:\Users\flame\.p2\pool\plugins\org.eclipse.m2e.maven.runtime_3.9.900.20240824-1409\jars\maven-resolver-transport-http-1.9.22.jar
2025-12-14 16:43:21,838 [Worker-54: Launching SampleAPI] INFO  o.eclipse.m2e.core.internal.Bundles - 	Entry: C:\Users\flame\.p2\pool\plugins\org.eclipse.m2e.maven.runtime_3.9.900.20240824-1409\jars\maven-resolver-transport-wagon-1.9.22.jar
2025-12-14 16:43:21,838 [Worker-54: Launching SampleAPI] INFO  o.eclipse.m2e.core.internal.Bundles - 	Entry: C:\Users\flame\.p2\pool\plugins\org.eclipse.m2e.maven.runtime_3.9.900.20240824-1409\jars\maven-resolver-util-1.9.22.jar
2025-12-14 16:43:21,838 [Worker-54: Launching SampleAPI] INFO  o.eclipse.m2e.core.internal.Bundles - 	Entry: C:\Users\flame\.p2\pool\plugins\org.eclipse.m2e.maven.runtime_3.9.900.20240824-1409\jars\maven-settings-3.9.9.jar
2025-12-14 16:43:21,838 [Worker-54: Launching SampleAPI] INFO  o.eclipse.m2e.core.internal.Bundles - 	Entry: C:\Users\flame\.p2\pool\plugins\org.eclipse.m2e.maven.runtime_3.9.900.20240824-1409\jars\maven-settings-builder-3.9.9.jar
2025-12-14 16:43:21,838 [Worker-54: Launching SampleAPI] INFO  o.eclipse.m2e.core.internal.Bundles - 	Entry: C:\Users\flame\.p2\pool\plugins\org.eclipse.m2e.maven.runtime_3.9.900.20240824-1409\jars\maven-shared-utils-3.4.2.jar
2025-12-14 16:43:21,838 [Worker-54: Launching SampleAPI] INFO  o.eclipse.m2e.core.internal.Bundles - 	Entry: C:\Users\flame\.p2\pool\plugins\org.eclipse.m2e.maven.runtime_3.9.900.20240824-1409\jars\org.eclipse.sisu.inject-0.9.0.M3.jar
2025-12-14 16:43:21,838 [Worker-54: Launching SampleAPI] INFO  o.eclipse.m2e.core.internal.Bundles - 	Entry: C:\Users\flame\.p2\pool\plugins\org.eclipse.m2e.maven.runtime_3.9.900.20240824-1409\jars\org.eclipse.sisu.plexus-0.9.0.M3.jar
2025-12-14 16:43:21,838 [Worker-54: Launching SampleAPI] INFO  o.eclipse.m2e.core.internal.Bundles - 	Entry: C:\Users\flame\.p2\pool\plugins\org.eclipse.m2e.maven.runtime_3.9.900.20240824-1409\jars\plexus-build-api-0.0.7.jar
2025-12-14 16:43:21,839 [Worker-54: Launching SampleAPI] INFO  o.eclipse.m2e.core.internal.Bundles - 	Entry: C:\Users\flame\.p2\pool\plugins\org.eclipse.m2e.maven.runtime_3.9.900.20240824-1409\jars\plexus-build-api-1.2.0.jar
2025-12-14 16:43:21,839 [Worker-54: Launching SampleAPI] INFO  o.eclipse.m2e.core.internal.Bundles - 	Entry: C:\Users\flame\.p2\pool\plugins\org.eclipse.m2e.maven.runtime_3.9.900.20240824-1409\jars\plexus-cipher-2.0.jar
2025-12-14 16:43:21,839 [Worker-54: Launching SampleAPI] INFO  o.eclipse.m2e.core.internal.Bundles - 	Entry: C:\Users\flame\.p2\pool\plugins\org.eclipse.m2e.maven.runtime_3.9.900.20240824-1409\jars\plexus-classworlds-2.8.0.jar
2025-12-14 16:43:21,839 [Worker-54: Launching SampleAPI] INFO  o.eclipse.m2e.core.internal.Bundles - 	Entry: C:\Users\flame\.p2\pool\plugins\org.eclipse.m2e.maven.runtime_3.9.900.20240824-1409\jars\plexus-component-annotations-2.1.0.jar
2025-12-14 16:43:21,839 [Worker-54: Launching SampleAPI] INFO  o.eclipse.m2e.core.internal.Bundles - 	Entry: C:\Users\flame\.p2\pool\plugins\org.eclipse.m2e.maven.runtime_3.9.900.20240824-1409\jars\plexus-interpolation-1.27.jar
2025-12-14 16:43:21,839 [Worker-54: Launching SampleAPI] INFO  o.eclipse.m2e.core.internal.Bundles - 	Entry: C:\Users\flame\.p2\pool\plugins\org.eclipse.m2e.maven.runtime_3.9.900.20240824-1409\jars\plexus-sec-dispatcher-2.0.jar
2025-12-14 16:43:21,839 [Worker-54: Launching SampleAPI] INFO  o.eclipse.m2e.core.internal.Bundles - 	Entry: C:\Users\flame\.p2\pool\plugins\org.eclipse.m2e.maven.runtime_3.9.900.20240824-1409\jars\plexus-utils-3.5.1.jar
2025-12-14 16:43:21,839 [Worker-54: Launching SampleAPI] INFO  o.eclipse.m2e.core.internal.Bundles - 	Entry: C:\Users\flame\.p2\pool\plugins\org.eclipse.m2e.maven.runtime_3.9.900.20240824-1409\jars\plexus-xml-3.0.1.jar
2025-12-14 16:43:21,839 [Worker-54: Launching SampleAPI] INFO  o.eclipse.m2e.core.internal.Bundles - 	Entry: C:\Users\flame\.p2\pool\plugins\org.eclipse.m2e.maven.runtime_3.9.900.20240824-1409\jars\wagon-file-3.5.3.jar
2025-12-14 16:43:21,839 [Worker-54: Launching SampleAPI] INFO  o.eclipse.m2e.core.internal.Bundles - 	Entry: C:\Users\flame\.p2\pool\plugins\org.eclipse.m2e.maven.runtime_3.9.900.20240824-1409\jars\wagon-http-3.5.3.jar
2025-12-14 16:43:21,840 [Worker-54: Launching SampleAPI] INFO  o.eclipse.m2e.core.internal.Bundles - 	Entry: C:\Users\flame\.p2\pool\plugins\org.eclipse.m2e.maven.runtime_3.9.900.20240824-1409\jars\wagon-http-shared-3.5.3.jar
2025-12-14 16:43:21,840 [Worker-54: Launching SampleAPI] INFO  o.eclipse.m2e.core.internal.Bundles - 	Entry: C:\Users\flame\.p2\pool\plugins\org.eclipse.m2e.maven.runtime_3.9.900.20240824-1409\jars\wagon-provider-api-3.5.3.jar
2025-12-14 16:43:21,840 [Worker-54: Launching SampleAPI] INFO  o.eclipse.m2e.core.internal.Bundles - getClasspathEntries(Bundle=com.google.guava_33.3.1.jre [1028])
2025-12-14 16:43:21,840 [Worker-54: Launching SampleAPI] INFO  o.eclipse.m2e.core.internal.Bundles - 	Entry: C:\Users\flame\.p2\pool\plugins\com.google.guava_33.3.1.jre.jar
2025-12-14 16:43:21,840 [Worker-54: Launching SampleAPI] INFO  o.eclipse.m2e.core.internal.Bundles - getClasspathEntries(Bundle=slf4j.api_2.0.17 [1152])
2025-12-14 16:43:21,841 [Worker-54: Launching SampleAPI] INFO  o.eclipse.m2e.core.internal.Bundles - 	Entry: C:\Users\flame\.p2\pool\plugins\slf4j.api_2.0.17.jar
2025-12-14 16:43:21,841 [Worker-54: Launching SampleAPI] INFO  o.eclipse.m2e.core.internal.Bundles - getClasspathEntries(Bundle=jakarta.inject.jakarta.inject-api_1.0.5 [34])
2025-12-14 16:43:21,841 [Worker-54: Launching SampleAPI] INFO  o.eclipse.m2e.core.internal.Bundles - 	Entry: C:\Users\flame\.p2\pool\plugins\jakarta.inject.jakarta.inject-api_1.0.5.jar
2025-12-14 16:43:21,841 [Worker-54: Launching SampleAPI] INFO  o.eclipse.m2e.core.internal.Bundles - getClasspathEntries(Bundle=jakarta.annotation-api_1.3.5 [29])
2025-12-14 16:43:21,841 [Worker-54: Launching SampleAPI] INFO  o.eclipse.m2e.core.internal.Bundles - 	Entry: C:\Users\flame\.p2\pool\plugins\jakarta.annotation-api_1.3.5.jar
2025-12-14 16:43:21,841 [Worker-54: Launching SampleAPI] INFO  o.eclipse.m2e.core.internal.Bundles - getClasspathEntries(Bundle=org.apache.commons.cli_1.9.0 [78])
2025-12-14 16:43:21,842 [Worker-54: Launching SampleAPI] INFO  o.eclipse.m2e.core.internal.Bundles - 	Entry: C:\Users\flame\.p2\pool\plugins\org.apache.commons.cli_1.9.0.jar
2025-12-14 16:43:21,842 [Worker-54: Launching SampleAPI] INFO  o.eclipse.m2e.core.internal.Bundles - getClasspathEntries(Bundle=org.apache.commons.commons-codec_1.16.0 [81])
2025-12-14 16:43:21,842 [Worker-54: Launching SampleAPI] INFO  o.eclipse.m2e.core.internal.Bundles - 	Entry: C:\Users\flame\.p2\pool\plugins\org.apache.commons.commons-codec_1.16.0.jar
2025-12-14 16:43:21,842 [Worker-54: Launching SampleAPI] INFO  o.eclipse.m2e.core.internal.Bundles - getClasspathEntries(Bundle=com.google.guava.failureaccess_1.0.2 [17])
2025-12-14 16:43:21,842 [Worker-54: Launching SampleAPI] INFO  o.eclipse.m2e.core.internal.Bundles - 	Entry: C:\Users\flame\.p2\pool\plugins\com.google.guava.failureaccess_1.0.2.jar
2025-12-14 16:43:21,842 [Worker-54: Launching SampleAPI] INFO  o.eclipse.m2e.core.internal.Bundles - getClasspathEntries(Bundle=org.eclipse.m2e.workspace.cli_0.3.1 [654])
2025-12-14 16:43:21,842 [Worker-54: Launching SampleAPI] INFO  o.eclipse.m2e.core.internal.Bundles - 	Entry: C:\Users\flame\.p2\pool\plugins\org.eclipse.m2e.workspace.cli_0.3.1.jar
2025-12-14 16:43:21,844 [Worker-54: Launching SampleAPI] INFO  o.e.m.i.launch.MavenLaunchDelegate - Run build in "C:\Users\flame\Documents\eclipseProjects\mediaLogic\SampleAPI":
2025-12-14 16:43:21,844 [Worker-54: Launching SampleAPI] INFO  o.e.m.i.launch.MavenLaunchDelegate -  mvn  -Ppom.xml -B -X -e -U -Dmaven.test.skip=true -DskipTests -Dstyle.color=always clean install
2025-12-14 16:43:37,105 [Worker-66: Updating Maven Project] INFO  o.e.m.c.i.p.ProjectConfigurationManager - Update started
2025-12-14 16:43:37,578 [Worker-66: Updating Maven Project] INFO  o.e.m.c.i.l.LifecycleMappingFactory - Using org.eclipse.m2e.jdt.JarLifecycleMapping lifecycle mapping for MavenProject: com.example:SampleAPI:0.0.1-SNAPSHOT @ C:\Users\flame\Documents\eclipseProjects\mediaLogic\SampleAPI\pom.xml.
2025-12-14 16:43:38,349 [Worker-66: Updating Maven Project] INFO  o.e.m.j.i.AbstractJavaProjectConfigurator - Adding source folder /SampleAPI/src/main/java
2025-12-14 16:43:38,350 [Worker-66: Updating Maven Project] INFO  o.e.m.j.i.AbstractJavaProjectConfigurator - Adding resource folder /SampleAPI/src/main/resources
2025-12-14 16:43:38,351 [Worker-66: Updating Maven Project] INFO  o.e.m.j.i.AbstractJavaProjectConfigurator - Adding resource folder /SampleAPI/src/main/resources
2025-12-14 16:43:38,352 [Worker-66: Updating Maven Project] INFO  o.e.m.j.i.AbstractJavaProjectConfigurator - Adding source folder /SampleAPI/src/test/java
2025-12-14 16:43:38,353 [Worker-66: Updating Maven Project] INFO  o.e.m.j.i.AbstractJavaProjectConfigurator - Adding resource folder /SampleAPI/src/test/resources
2025-12-14 16:43:38,526 [Worker-66: Updating Maven Project] INFO  o.e.m.jdt.internal.UnitTestSupport - Reset launch configuration name: SampleApiApplicationTests
2025-12-14 16:43:38,527 [Worker-66: Updating Maven Project] INFO  o.e.m.jdt.internal.UnitTestSupport - Updating SampleApiApplicationTests from maven configuration
2025-12-14 16:43:38,870 [Worker-66: Updating Maven Project] INFO  o.e.m.c.i.p.ProjectConfigurationManager - Update completed for 1 poms: local refresh takes 0,00 sec, refresh facades takes 1,00 sec, update config takes 0,00 sec 
2025-12-14 16:43:39,300 [Worker-67: Building] INFO  o.a.m.s.f.DefaultMavenResourcesFiltering - Copying 1 resource from src\main\resources to target\classes
2025-12-14 16:43:39,324 [Worker-67: Building] INFO  o.a.m.s.f.DefaultMavenResourcesFiltering - Copying 0 resource from src\main\resources to target\classes
2025-12-14 16:43:39,330 [Worker-67: Building] INFO  o.a.m.s.f.DefaultMavenResourcesFiltering - skip non existing resourceDirectory C:\Users\flame\Documents\eclipseProjects\mediaLogic\SampleAPI\src\test\resources
2025-12-14 16:43:50,421 [Worker-63: Building] INFO  o.a.m.s.f.DefaultMavenResourcesFiltering - Copying 1 resource from src\main\resources to target\classes
2025-12-14 16:43:50,424 [Worker-63: Building] INFO  o.a.m.s.f.DefaultMavenResourcesFiltering - Copying 0 resource from src\main\resources to target\classes
2025-12-14 16:43:50,428 [Worker-63: Building] INFO  o.a.m.s.f.DefaultMavenResourcesFiltering - skip non existing resourceDirectory C:\Users\flame\Documents\eclipseProjects\mediaLogic\SampleAPI\src\test\resources
2025-12-14 16:58:30,128 [Stop Help Server] INFO  org.eclipse.jetty.server.Server - Stopped oejs.Server@6ef81b14{STOPPING}[12.0.12,sto=0]
2025-12-14 16:58:30,135 [Stop Help Server] INFO  o.e.jetty.server.AbstractConnector - Stopped ServerConnector@4e7ca77d{HTTP/1.1, (http/1.1)}{127.0.0.1:0}
